image_filename,box_id,bbox,yolo_confidence,predicted_class_id,predicted_class_name,classifier_confidence
VAIPE_P_0_2.jpg,0,"[795, 2108, 1352, 2927]",0.8736,10,10,1.0
VAIPE_P_0_2.jpg,1,"[1259, 1875, 1695, 2662]",0.8643,10,10,1.0
VAIPE_P_0_2.jpg,2,"[1607, 1903, 1890, 2457]",0.8585,8,8,1.0
VAIPE_P_0_2.jpg,3,"[969, 2614, 1648, 3211]",0.8421,99,99,1.0
VAIPE_P_0_3.jpg,0,"[1174, 1970, 1784, 2632]",0.875,99,99,1.0
VAIPE_P_0_3.jpg,1,"[1892, 1433, 2550, 2179]",0.8651,10,10,1.0
VAIPE_P_0_3.jpg,2,"[839, 2115, 1475, 2897]",0.8443,10,10,1.0
VAIPE_P_0_4.jpg,0,"[1165, 2726, 1708, 3651]",0.8719,17,17,1.0
VAIPE_P_0_4.jpg,1,"[1339, 1473, 1969, 1867]",0.8716,38,38,1.0
VAIPE_P_0_4.jpg,2,"[1558, 1862, 1978, 2271]",0.8565,6,6,1.0
VAIPE_P_0_4.jpg,3,"[2014, 2052, 2391, 2643]",0.8473,26,26,1.0
VAIPE_P_0_4.jpg,4,"[1371, 2343, 1801, 2781]",0.7824,6,6,0.6
VAIPE_P_0_4.jpg,5,"[1721, 2213, 2267, 3052]",0.5686,101,101,1.0
VAIPE_P_0_5.jpg,0,"[1677, 1985, 2476, 2714]",0.896,103,103,0.4
VAIPE_P_0_5.jpg,1,"[308, 2072, 876, 2509]",0.8922,17,17,0.6
VAIPE_P_0_5.jpg,2,"[1623, 2770, 1958, 3277]",0.862,17,17,1.0
VAIPE_P_0_5.jpg,3,"[1156, 2263, 1536, 2656]",0.8599,51,51,1.0
VAIPE_P_0_5.jpg,4,"[1583, 1228, 1979, 1627]",0.8347,51,51,0.8
VAIPE_P_0_5.jpg,5,"[800, 954, 1150, 1651]",0.7334,8,8,1.0
VAIPE_P_0_6.jpg,0,"[864, 1288, 1803, 2270]",0.4488,68,68,1.0
VAIPE_P_0_6.jpg,1,"[1222, 2785, 1846, 3636]",0.322,17,17,1.0
VAIPE_P_0_6.jpg,2,"[648, 2094, 1473, 3044]",0.3151,27,27,1.0
VAIPE_P_100_0.jpg,0,"[1095, 1522, 2005, 1945]",0.2629,43,43,1.0
VAIPE_P_100_1.jpg,0,"[877, 1830, 1327, 2246]",0.6326,57,57,0.8
VAIPE_P_100_1.jpg,1,"[1727, 1805, 2169, 2444]",0.5824,29,29,0.4
VAIPE_P_100_1.jpg,2,"[1269, 1657, 1715, 2260]",0.553,99,99,1.0
VAIPE_P_100_2.jpg,-1,,,,NO_DETECTION,
VAIPE_P_100_3.jpg,0,"[2051, 1753, 2750, 2875]",0.8838,68,68,1.0
VAIPE_P_100_3.jpg,1,"[1031, 484, 1997, 1201]",0.8508,16,16,0.8
VAIPE_P_100_3.jpg,2,"[2444, 381, 3268, 1137]",0.8179,10,10,0.8
VAIPE_P_100_3.jpg,3,"[2655, 1287, 3224, 1862]",0.714,51,51,1.0
VAIPE_P_101_0.jpg,0,"[713, 1337, 1452, 1878]",0.8862,91,91,1.0
VAIPE_P_101_0.jpg,1,"[457, 612, 1354, 1360]",0.8732,43,43,1.0
VAIPE_P_101_0.jpg,2,"[450, 2056, 1404, 2628]",0.7821,43,43,1.0
VAIPE_P_102_0.jpg,0,"[1150, 1599, 2138, 2023]",0.8733,43,43,1.0
VAIPE_P_102_0.jpg,1,"[785, 2180, 1759, 2667]",0.873,43,43,1.0
VAIPE_P_103_0.jpg,0,"[1471, 2124, 2336, 2720]",0.8822,91,91,1.0
VAIPE_P_103_0.jpg,1,"[533, 2298, 1366, 3015]",0.8821,91,91,1.0
VAIPE_P_103_0.jpg,2,"[1253, 2846, 1598, 3200]",0.8705,30,30,1.0
VAIPE_P_103_1.jpg,-1,,,,NO_DETECTION,
VAIPE_P_103_2.jpg,0,"[1391, 804, 1698, 1116]",0.2757,39,39,0.6
VAIPE_P_103_3.jpg,0,"[1931, 2249, 2601, 2939]",0.873,91,91,1.0
VAIPE_P_103_3.jpg,1,"[988, 1992, 1682, 2534]",0.8657,91,91,1.0
VAIPE_P_103_3.jpg,2,"[1140, 2506, 1464, 2821]",0.8071,30,30,1.0
VAIPE_P_103_4.jpg,0,"[1564, 1630, 2215, 2238]",0.5318,91,91,1.0
VAIPE_P_103_4.jpg,1,"[915, 2082, 1546, 2758]",0.3247,91,91,1.0
VAIPE_P_103_5.jpg,0,"[1267, 2836, 1849, 3429]",0.9048,91,91,1.0
VAIPE_P_103_5.jpg,1,"[1479, 3027, 2078, 3640]",0.9012,91,91,1.0
VAIPE_P_103_5.jpg,2,"[1461, 2429, 1762, 2738]",0.8461,30,30,1.0
VAIPE_P_103_6.jpg,-1,,,,NO_DETECTION,
VAIPE_P_103_7.jpg,0,"[1279, 2172, 1836, 2555]",0.8614,91,91,1.0
VAIPE_P_103_7.jpg,1,"[1509, 2427, 1931, 3033]",0.7485,91,91,1.0
VAIPE_P_103_8.jpg,0,"[1270, 634, 2039, 1584]",0.9084,89,89,0.6
VAIPE_P_103_8.jpg,1,"[1541, 1467, 2044, 1971]",0.8856,73,73,0.4
VAIPE_P_103_8.jpg,2,"[1243, 1483, 1653, 2031]",0.8658,83,83,0.6
VAIPE_P_103_8.jpg,3,"[1014, 2134, 1407, 2537]",0.8529,70,70,1.0
VAIPE_P_103_9.jpg,0,"[1687, 1155, 2199, 1512]",0.8989,37,37,1.0
VAIPE_P_103_9.jpg,1,"[2573, 1154, 3250, 1747]",0.8846,99,99,1.0
VAIPE_P_103_9.jpg,2,"[1065, 1409, 1597, 1793]",0.8833,29,29,1.0
VAIPE_P_103_9.jpg,3,"[2184, 1936, 2528, 2277]",0.8789,30,30,1.0
VAIPE_P_103_9.jpg,4,"[1785, 579, 2432, 1012]",0.8551,96,96,0.8
VAIPE_P_103_9.jpg,5,"[1295, 2527, 1698, 2922]",0.8434,30,30,1.0
VAIPE_P_104_0.jpg,0,"[722, 1602, 1114, 2001]",0.873,65,65,1.0
VAIPE_P_104_0.jpg,1,"[1512, 2028, 1916, 2439]",0.8708,65,65,1.0
VAIPE_P_104_0.jpg,2,"[1348, 1138, 1949, 1553]",0.8273,79,79,1.0
VAIPE_P_104_1.jpg,0,"[966, 1769, 1346, 2173]",0.8893,65,65,1.0
VAIPE_P_104_1.jpg,1,"[1553, 1400, 1946, 1807]",0.8858,65,65,1.0
VAIPE_P_104_1.jpg,2,"[1409, 1960, 1887, 2502]",0.8777,79,79,1.0
VAIPE_P_104_2.jpg,0,"[1923, 2363, 2462, 2929]",0.7955,81,81,1.0
VAIPE_P_104_2.jpg,1,"[1583, 1815, 2024, 2250]",0.7933,51,51,1.0
VAIPE_P_104_2.jpg,2,"[2842, 2101, 3400, 2662]",0.7668,78,78,1.0
VAIPE_P_104_2.jpg,3,"[2562, 1173, 3012, 1609]",0.7405,51,51,1.0
VAIPE_P_104_2.jpg,4,"[883, 769, 1696, 1518]",0.6946,106,106,1.0
VAIPE_P_104_2.jpg,5,"[2073, 228, 2709, 872]",0.5253,36,36,1.0
VAIPE_P_104_3.jpg,0,"[1210, 1504, 2061, 2183]",0.8995,89,89,1.0
VAIPE_P_104_3.jpg,1,"[2764, 1169, 3676, 2060]",0.8994,79,79,1.0
VAIPE_P_104_3.jpg,2,"[2198, 520, 2939, 1150]",0.8304,97,97,1.0
VAIPE_P_104_3.jpg,3,"[882, 385, 1541, 1050]",0.8149,51,51,1.0
VAIPE_P_104_4.jpg,0,"[2568, 724, 3880, 1628]",0.8929,16,16,1.0
VAIPE_P_104_4.jpg,1,"[2367, 2034, 3025, 2686]",0.8629,36,36,1.0
VAIPE_P_104_4.jpg,2,"[1823, 1395, 2330, 1908]",0.8161,74,74,1.0
VAIPE_P_104_4.jpg,3,"[548, 1123, 1261, 1815]",0.749,51,51,0.6
VAIPE_P_105_0.jpg,0,"[1779, 930, 2337, 1885]",0.8648,2,2,1.0
VAIPE_P_105_0.jpg,1,"[289, 616, 763, 1685]",0.8586,19,19,0.8
VAIPE_P_105_0.jpg,2,"[798, 733, 1805, 1403]",0.8451,19,19,1.0
VAIPE_P_105_0.jpg,3,"[1021, 1719, 1929, 2185]",0.8116,2,2,1.0
VAIPE_P_105_1.jpg,-1,,,,NO_DETECTION,
VAIPE_P_106_0.jpg,0,"[1205, 1902, 1957, 2416]",0.8379,99,99,1.0
VAIPE_P_106_0.jpg,1,"[912, 2133, 1472, 2654]",0.7159,103,103,1.0
VAIPE_P_106_1.jpg,0,"[1020, 1651, 1572, 2261]",0.4624,103,103,1.0
VAIPE_P_106_2.jpg,-1,,,,NO_DETECTION,
VAIPE_P_106_3.jpg,-1,,,,NO_DETECTION,
VAIPE_P_106_4.jpg,-1,,,,NO_DETECTION,
VAIPE_P_106_5.jpg,-1,,,,NO_DETECTION,
VAIPE_P_106_6.jpg,-1,,,,NO_DETECTION,
VAIPE_P_106_7.jpg,-1,,,,NO_DETECTION,
VAIPE_P_106_8.jpg,-1,,,,NO_DETECTION,
VAIPE_P_106_9.jpg,0,"[1256, 380, 1874, 1154]",0.8043,91,91,1.0
VAIPE_P_106_9.jpg,1,"[2379, 1269, 3114, 1888]",0.7404,17,17,0.6
VAIPE_P_106_9.jpg,2,"[1733, 1434, 2367, 2621]",0.7109,104,104,1.0
VAIPE_P_106_9.jpg,3,"[2691, 266, 3127, 708]",0.5068,51,51,1.0
VAIPE_P_106_9.jpg,4,"[2064, 514, 2459, 924]",0.4193,51,51,1.0
VAIPE_P_107_0.jpg,0,"[890, 2687, 1539, 3299]",0.9126,89,89,1.0
VAIPE_P_107_0.jpg,1,"[1515, 1583, 1928, 1977]",0.9118,51,51,1.0
VAIPE_P_107_0.jpg,2,"[517, 1684, 1248, 2041]",0.909,89,89,1.0
VAIPE_P_107_0.jpg,3,"[1083, 2025, 1774, 2682]",0.9083,61,61,1.0
VAIPE_P_107_0.jpg,4,"[905, 2280, 1625, 2955]",0.9066,61,61,1.0
VAIPE_P_107_0.jpg,5,"[1570, 2006, 1980, 2415]",0.9064,51,51,1.0
VAIPE_P_107_1.jpg,0,"[1666, 1844, 2480, 2547]",0.9096,61,61,1.0
VAIPE_P_107_1.jpg,1,"[1549, 2409, 2000, 2861]",0.8959,51,51,1.0
VAIPE_P_107_1.jpg,2,"[1832, 1003, 2237, 1883]",0.8958,61,61,1.0
VAIPE_P_107_1.jpg,3,"[775, 1380, 1218, 1806]",0.8948,51,51,1.0
VAIPE_P_107_1.jpg,4,"[1476, 1172, 1851, 1919]",0.8856,89,89,0.8
VAIPE_P_107_1.jpg,5,"[497, 2022, 989, 2778]",0.8806,89,89,1.0
VAIPE_P_107_2.jpg,0,"[2766, 786, 3416, 1409]",0.893,7,7,1.0
VAIPE_P_107_2.jpg,1,"[1261, 1694, 2318, 2377]",0.8915,16,16,1.0
VAIPE_P_107_2.jpg,2,"[1720, 962, 2346, 1654]",0.8884,50,50,1.0
VAIPE_P_107_2.jpg,3,"[2003, 432, 2363, 790]",0.8539,51,51,1.0
VAIPE_P_107_2.jpg,4,"[1165, 632, 1507, 962]",0.852,51,51,1.0
VAIPE_P_107_3.jpg,0,"[1160, 1367, 1497, 1844]",0.915,83,83,1.0
VAIPE_P_107_3.jpg,1,"[761, 714, 1104, 1172]",0.902,83,83,1.0
VAIPE_P_107_3.jpg,2,"[1132, 1019, 1445, 1331]",0.9009,30,30,0.4
VAIPE_P_107_3.jpg,3,"[726, 1751, 1327, 2068]",0.8768,89,89,1.0
VAIPE_P_107_3.jpg,4,"[882, 1216, 1198, 1532]",0.7897,59,59,1.0
VAIPE_P_107_4.jpg,0,"[1644, 1766, 1915, 2035]",0.8325,45,45,1.0
VAIPE_P_107_4.jpg,1,"[799, 2223, 1338, 2683]",0.5109,0,0,1.0
VAIPE_P_107_4.jpg,2,"[1147, 1844, 1645, 2355]",0.3004,101,101,1.0
VAIPE_P_107_4.jpg,3,"[1018, 1590, 1688, 1932]",0.26,87,87,1.0
VAIPE_P_108_0.jpg,0,"[955, 2410, 1539, 2763]",0.7032,8,8,1.0
VAIPE_P_108_1.jpg,0,"[2097, 1244, 2542, 1702]",0.7845,60,60,0.6
VAIPE_P_108_1.jpg,1,"[1213, 1823, 2021, 2382]",0.6608,89,89,1.0
VAIPE_P_108_1.jpg,2,"[2351, 498, 2810, 910]",0.5187,29,29,0.4
VAIPE_P_108_2.jpg,0,"[2672, 1484, 3293, 2090]",0.8628,51,51,1.0
VAIPE_P_108_2.jpg,1,"[1611, 1851, 2322, 2567]",0.8614,51,51,1.0
VAIPE_P_108_2.jpg,2,"[2131, 739, 2873, 1471]",0.8388,51,51,1.0
VAIPE_P_108_2.jpg,3,"[1506, 791, 2048, 1329]",0.6942,100,100,1.0
VAIPE_P_108_2.jpg,4,"[1082, 1308, 1624, 1847]",0.5422,37,37,0.6
VAIPE_P_108_2.jpg,5,"[514, 1434, 1058, 1967]",0.5089,6,6,0.6
VAIPE_P_108_3.jpg,0,"[763, 368, 1281, 892]",0.2556,59,59,0.6
VAIPE_P_109_0.jpg,0,"[673, 2396, 1751, 2955]",0.8988,10,10,1.0
VAIPE_P_109_0.jpg,1,"[1148, 1695, 1829, 2517]",0.8904,60,60,1.0
VAIPE_P_109_1.jpg,0,"[1077, 2079, 1638, 2471]",0.9075,60,60,1.0
VAIPE_P_109_1.jpg,1,"[1264, 2487, 1983, 2896]",0.8978,10,10,1.0
VAIPE_P_109_2.jpg,0,"[803, 2338, 1731, 3013]",0.9032,10,10,1.0
VAIPE_P_109_2.jpg,1,"[1017, 2118, 2006, 2559]",0.8779,10,10,1.0
VAIPE_P_109_2.jpg,2,"[889, 1718, 1728, 2165]",0.8745,60,60,1.0
VAIPE_P_109_3.jpg,0,"[1229, 1364, 1713, 1900]",0.8846,60,60,1.0
VAIPE_P_109_3.jpg,1,"[1068, 1879, 1526, 2624]",0.8632,10,10,1.0
VAIPE_P_109_4.jpg,0,"[889, 1902, 1608, 2238]",0.8883,10,10,1.0
VAIPE_P_109_4.jpg,1,"[1036, 1576, 1627, 1923]",0.875,60,60,1.0
VAIPE_P_109_5.jpg,0,"[1741, 1710, 2150, 2396]",0.9147,10,10,1.0
VAIPE_P_109_5.jpg,1,"[1396, 1740, 1802, 2276]",0.9009,60,60,1.0
VAIPE_P_109_5.jpg,2,"[1533, 2435, 2266, 2743]",0.8892,10,10,1.0
VAIPE_P_109_6.jpg,0,"[1420, 1271, 1782, 1632]",0.8533,51,51,1.0
VAIPE_P_109_6.jpg,1,"[1900, 1218, 2163, 1618]",0.8435,37,37,1.0
VAIPE_P_109_6.jpg,2,"[2190, 1588, 2523, 1921]",0.8385,57,57,0.8
VAIPE_P_109_6.jpg,3,"[2180, 1215, 2516, 1537]",0.8274,51,51,1.0
VAIPE_P_109_6.jpg,4,"[1615, 1562, 2044, 1832]",0.8246,29,29,0.4
VAIPE_P_109_7.jpg,0,"[2596, 853, 3505, 1566]",0.8807,48,48,1.0
VAIPE_P_109_7.jpg,1,"[1929, 2310, 2652, 3022]",0.8739,57,57,0.4
VAIPE_P_109_7.jpg,2,"[1762, 731, 2216, 1197]",0.8243,81,81,0.8
VAIPE_P_109_7.jpg,3,"[2152, 1487, 2538, 1862]",0.8233,51,51,1.0
VAIPE_P_109_7.jpg,4,"[1507, 168, 1896, 544]",0.7058,51,51,0.8
VAIPE_P_109_8.jpg,0,"[353, 1829, 1188, 2675]",0.9092,100,100,1.0
VAIPE_P_109_8.jpg,1,"[648, 3027, 1477, 3901]",0.9025,100,100,1.0
VAIPE_P_109_8.jpg,2,"[1103, 1986, 1811, 2770]",0.876,100,100,1.0
VAIPE_P_109_8.jpg,3,"[1088, 1282, 1871, 2047]",0.8725,100,100,1.0
VAIPE_P_109_8.jpg,4,"[1613, 2246, 2168, 2827]",0.8392,54,54,1.0
VAIPE_P_10_0.jpg,0,"[937, 1552, 1600, 2147]",0.8597,54,54,1.0
VAIPE_P_10_1.jpg,0,"[575, 1249, 1220, 1877]",0.8566,56,56,0.6
VAIPE_P_10_1.jpg,1,"[1315, 1665, 1704, 2334]",0.8119,10,10,1.0
VAIPE_P_10_1.jpg,2,"[1498, 1757, 1924, 2447]",0.8003,10,10,1.0
VAIPE_P_10_1.jpg,3,"[1010, 1910, 1347, 2704]",0.6883,10,10,0.6
VAIPE_P_10_1.jpg,4,"[1316, 2380, 1701, 3212]",0.2594,24,24,0.8
VAIPE_P_10_2.jpg,-1,,,,NO_DETECTION,
VAIPE_P_110_0.jpg,0,"[2023, 1494, 2724, 1797]",0.6523,104,104,1.0
VAIPE_P_110_0.jpg,1,"[420, 2349, 749, 2679]",0.5699,72,72,1.0
VAIPE_P_110_1.jpg,-1,,,,NO_DETECTION,
VAIPE_P_110_10.jpg,0,"[1428, 1823, 2861, 2481]",0.4748,104,104,1.0
VAIPE_P_110_11.jpg,0,"[956, 1448, 1748, 1997]",0.6484,104,104,1.0
VAIPE_P_110_12.jpg,0,"[2345, 1821, 2817, 2285]",0.8867,30,30,1.0
VAIPE_P_110_12.jpg,1,"[2803, 1068, 3302, 1537]",0.859,30,30,1.0
VAIPE_P_110_12.jpg,2,"[1573, 2307, 2038, 2789]",0.8527,51,51,1.0
VAIPE_P_110_12.jpg,3,"[1904, 527, 2776, 1034]",0.8284,92,92,1.0
VAIPE_P_110_12.jpg,4,"[1668, 1354, 2081, 1769]",0.8199,72,72,1.0
VAIPE_P_110_12.jpg,5,"[1015, 367, 1615, 1066]",0.488,61,61,1.0
VAIPE_P_110_13.jpg,0,"[2091, 2360, 2594, 2875]",0.7636,28,28,0.4
VAIPE_P_110_13.jpg,1,"[1773, 1463, 2232, 1909]",0.6854,4,4,0.6
VAIPE_P_110_13.jpg,2,"[2811, 846, 3667, 1756]",0.6556,87,87,0.8
VAIPE_P_110_13.jpg,3,"[1225, 755, 1744, 1273]",0.5989,64,64,1.0
VAIPE_P_110_13.jpg,4,"[2258, 295, 2779, 820]",0.5673,44,44,1.0
VAIPE_P_110_14.jpg,0,"[671, 2102, 1277, 2699]",0.8896,32,32,1.0
VAIPE_P_110_14.jpg,1,"[1378, 2331, 2009, 2903]",0.8415,56,56,1.0
VAIPE_P_110_14.jpg,2,"[406, 3148, 1066, 3681]",0.8266,20,20,1.0
VAIPE_P_110_14.jpg,3,"[801, 2797, 1303, 3433]",0.5325,20,20,1.0
VAIPE_P_110_2.jpg,-1,,,,NO_DETECTION,
VAIPE_P_110_3.jpg,0,"[1560, 1676, 2450, 2644]",0.6617,104,104,1.0
VAIPE_P_110_3.jpg,1,"[900, 1860, 1254, 2368]",0.6483,72,72,1.0
VAIPE_P_110_4.jpg,0,"[901, 2336, 2391, 3214]",0.8837,104,104,1.0
VAIPE_P_110_5.jpg,-1,,,,NO_DETECTION,
VAIPE_P_110_6.jpg,0,"[1297, 2218, 2216, 3349]",0.4132,104,104,1.0
VAIPE_P_110_7.jpg,0,"[1349, 2208, 2133, 3285]",0.6229,104,104,0.8
VAIPE_P_110_8.jpg,0,"[865, 1497, 1644, 2051]",0.6825,104,104,1.0
VAIPE_P_110_9.jpg,0,"[1594, 2118, 1817, 2552]",0.7799,72,72,1.0
VAIPE_P_110_9.jpg,1,"[1239, 1811, 1660, 2751]",0.627,104,104,1.0
VAIPE_P_111_0.jpg,0,"[634, 1941, 1118, 2418]",0.8918,40,40,1.0
VAIPE_P_111_0.jpg,1,"[1336, 2044, 1792, 2518]",0.8812,40,40,1.0
VAIPE_P_111_1.jpg,0,"[1661, 1984, 2104, 2431]",0.8426,40,40,1.0
VAIPE_P_111_1.jpg,1,"[733, 1351, 1183, 1805]",0.8043,40,40,1.0
VAIPE_P_112_0.jpg,0,"[2081, 957, 2923, 1488]",0.6407,19,19,1.0
VAIPE_P_112_0.jpg,1,"[719, 2246, 1134, 2561]",0.4516,73,73,1.0
VAIPE_P_112_0.jpg,2,"[768, 2513, 1214, 2858]",0.4488,73,73,1.0
VAIPE_P_112_0.jpg,3,"[1268, 1632, 1889, 2194]",0.4102,89,89,1.0
VAIPE_P_112_0.jpg,4,"[1037, 2030, 1382, 2383]",0.3058,59,59,1.0
VAIPE_P_112_1.jpg,-1,,,,NO_DETECTION,
VAIPE_P_112_2.jpg,-1,,,,NO_DETECTION,
VAIPE_P_112_3.jpg,0,"[1240, 1961, 1575, 2361]",0.8849,73,73,0.8
VAIPE_P_112_3.jpg,1,"[1355, 1312, 1913, 2135]",0.8823,104,104,1.0
VAIPE_P_112_3.jpg,2,"[2183, 2097, 2859, 2704]",0.877,89,89,1.0
VAIPE_P_112_3.jpg,3,"[274, 1266, 1029, 1863]",0.8649,19,19,1.0
VAIPE_P_112_3.jpg,4,"[1899, 2022, 2240, 2360]",0.8636,59,59,1.0
VAIPE_P_112_3.jpg,5,"[822, 2199, 1195, 2604]",0.8394,73,73,1.0
VAIPE_P_112_3.jpg,6,"[995, 1193, 1494, 1967]",0.7971,19,19,1.0
VAIPE_P_112_3.jpg,7,"[521, 2475, 892, 2845]",0.529,59,59,1.0
VAIPE_P_113_0.jpg,-1,,,,NO_DETECTION,
VAIPE_P_113_1.jpg,-1,,,,NO_DETECTION,
VAIPE_P_113_10.jpg,0,"[1291, 2058, 1823, 2500]",0.286,79,79,0.8
VAIPE_P_113_11.jpg,0,"[1518, 1912, 2450, 2888]",0.8918,20,20,1.0
VAIPE_P_113_11.jpg,1,"[1047, 1255, 1903, 1903]",0.8371,97,97,1.0
VAIPE_P_113_11.jpg,2,"[1162, 113, 1868, 843]",0.8146,51,51,1.0
VAIPE_P_113_11.jpg,3,"[2112, 383, 2561, 824]",0.7268,51,51,1.0
VAIPE_P_113_11.jpg,4,"[2918, 1224, 3373, 1657]",0.7097,51,51,1.0
VAIPE_P_113_2.jpg,0,"[1375, 2193, 1719, 2551]",0.8882,64,64,1.0
VAIPE_P_113_2.jpg,1,"[841, 1976, 1215, 2337]",0.8774,64,64,1.0
VAIPE_P_113_2.jpg,2,"[644, 2287, 1238, 2605]",0.8772,79,79,1.0
VAIPE_P_113_2.jpg,3,"[1672, 2163, 1949, 2422]",0.8558,31,31,1.0
VAIPE_P_113_3.jpg,0,"[1452, 1930, 1810, 2314]",0.8268,64,64,1.0
VAIPE_P_113_3.jpg,1,"[854, 1849, 1233, 2234]",0.8229,64,64,1.0
VAIPE_P_113_3.jpg,2,"[1200, 1770, 1487, 2292]",0.8171,79,79,1.0
VAIPE_P_113_4.jpg,0,"[1154, 1949, 1597, 2442]",0.8113,64,64,1.0
VAIPE_P_113_4.jpg,1,"[1177, 2448, 1707, 2842]",0.7689,64,64,1.0
VAIPE_P_113_5.jpg,0,"[1208, 1414, 1588, 1755]",0.5658,79,79,1.0
VAIPE_P_113_5.jpg,1,"[1403, 1611, 1728, 1963]",0.255,64,64,1.0
VAIPE_P_113_6.jpg,0,"[1148, 1874, 1565, 2289]",0.3586,64,64,1.0
VAIPE_P_113_7.jpg,0,"[1014, 1824, 1392, 2202]",0.8284,64,64,1.0
VAIPE_P_113_7.jpg,1,"[1410, 1685, 1855, 2111]",0.7182,79,79,1.0
VAIPE_P_113_7.jpg,2,"[1207, 2200, 1609, 2616]",0.6532,64,64,1.0
VAIPE_P_113_8.jpg,-1,,,,NO_DETECTION,
VAIPE_P_113_9.jpg,0,"[744, 2171, 1242, 2665]",0.8831,64,64,1.0
VAIPE_P_113_9.jpg,1,"[1297, 1808, 1746, 2266]",0.8759,64,64,1.0
VAIPE_P_113_9.jpg,2,"[796, 1674, 1168, 1992]",0.8647,31,31,1.0
VAIPE_P_113_9.jpg,3,"[1679, 1853, 2122, 2485]",0.8437,79,79,1.0
VAIPE_P_114_0.jpg,-1,,,,NO_DETECTION,
VAIPE_P_114_1.jpg,-1,,,,NO_DETECTION,
VAIPE_P_114_2.jpg,0,"[1243, 1642, 2085, 2053]",0.8377,43,43,1.0
VAIPE_P_114_2.jpg,1,"[1161, 2091, 1622, 2381]",0.8357,75,75,1.0
VAIPE_P_114_2.jpg,2,"[906, 1849, 1247, 2246]",0.6467,75,75,1.0
VAIPE_P_114_2.jpg,3,"[817, 2317, 1789, 2772]",0.3639,43,43,1.0
VAIPE_P_114_3.jpg,0,"[2132, 2088, 2852, 2843]",0.8567,40,40,1.0
VAIPE_P_114_3.jpg,1,"[1850, 1070, 2833, 1708]",0.818,104,104,1.0
VAIPE_P_114_3.jpg,2,"[865, 1194, 1841, 1975]",0.7593,91,91,1.0
VAIPE_P_114_3.jpg,3,"[3264, 929, 3744, 1391]",0.7209,51,51,1.0
VAIPE_P_114_3.jpg,4,"[2205, 45, 2618, 464]",0.713,51,51,1.0
VAIPE_P_114_4.jpg,0,"[443, 323, 530, 411]",0.839,99,99,0.6
VAIPE_P_114_4.jpg,1,"[342, 364, 416, 435]",0.8027,46,46,1.0
VAIPE_P_114_4.jpg,2,"[260, 264, 426, 347]",0.5467,26,26,1.0
VAIPE_P_114_4.jpg,3,"[392, 153, 477, 240]",0.4719,11,11,1.0
VAIPE_P_114_5.jpg,0,"[870, 1114, 1927, 2117]",0.8681,106,106,1.0
VAIPE_P_114_5.jpg,1,"[1406, 2520, 1782, 2892]",0.8662,73,73,1.0
VAIPE_P_114_5.jpg,2,"[1620, 2152, 2009, 2586]",0.859,31,31,1.0
VAIPE_P_114_5.jpg,3,"[1028, 2020, 1431, 2444]",0.8473,31,31,1.0
VAIPE_P_115_0.jpg,-1,,,,NO_DETECTION,
VAIPE_P_115_1.jpg,0,"[2272, 917, 2601, 1545]",0.8818,91,91,1.0
VAIPE_P_115_1.jpg,1,"[2340, 1618, 3097, 2170]",0.8452,43,43,1.0
VAIPE_P_115_2.jpg,-1,,,,NO_DETECTION,
VAIPE_P_115_3.jpg,0,"[927, 1915, 1234, 2223]",0.8873,31,31,1.0
VAIPE_P_115_3.jpg,1,"[756, 1679, 1017, 2014]",0.8828,14,14,1.0
VAIPE_P_115_3.jpg,2,"[1318, 1831, 1634, 2156]",0.873,36,36,1.0
VAIPE_P_115_4.jpg,0,"[1150, 1011, 1566, 1455]",0.3314,40,40,0.8
VAIPE_P_116_0.jpg,0,"[1302, 1887, 1698, 2549]",0.8358,56,56,1.0
VAIPE_P_116_1.jpg,0,"[1217, 1769, 1817, 2318]",0.9079,56,56,1.0
VAIPE_P_116_2.jpg,0,"[1463, 1517, 2051, 2162]",0.832,26,26,1.0
VAIPE_P_116_2.jpg,1,"[1217, 1630, 1592, 2298]",0.8207,10,10,1.0
VAIPE_P_116_2.jpg,2,"[861, 1769, 1310, 2583]",0.7188,10,10,1.0
VAIPE_P_116_2.jpg,3,"[1191, 2155, 1673, 2972]",0.6956,24,24,1.0
VAIPE_P_117_0.jpg,0,"[1030, 1816, 1464, 2252]",0.9014,54,54,1.0
VAIPE_P_117_0.jpg,1,"[1649, 2055, 2186, 2438]",0.8754,38,38,1.0
VAIPE_P_117_0.jpg,2,"[1350, 2129, 1587, 2370]",0.8494,46,46,1.0
VAIPE_P_117_1.jpg,0,"[805, 1847, 1312, 2357]",0.9006,54,54,1.0
VAIPE_P_117_1.jpg,1,"[1393, 1923, 1971, 2384]",0.886,38,38,1.0
VAIPE_P_117_1.jpg,2,"[1341, 1800, 1612, 2081]",0.8558,46,46,1.0
VAIPE_P_117_2.jpg,0,"[1139, 1735, 1700, 2244]",0.9034,54,54,1.0
VAIPE_P_117_3.jpg,0,"[1361, 1748, 1825, 2353]",0.9024,38,38,1.0
VAIPE_P_117_3.jpg,1,"[939, 1978, 1505, 2500]",0.8979,54,54,1.0
VAIPE_P_117_3.jpg,2,"[1372, 2326, 1669, 2605]",0.8785,46,46,1.0
VAIPE_P_117_4.jpg,-1,,,,NO_DETECTION,
VAIPE_P_117_5.jpg,0,"[1127, 2095, 1531, 2533]",0.6794,51,51,1.0
VAIPE_P_117_5.jpg,1,"[2104, 2280, 2794, 3088]",0.6373,58,58,1.0
VAIPE_P_118_0.jpg,0,"[694, 378, 857, 519]",0.8865,8,8,1.0
VAIPE_P_118_0.jpg,1,"[785, 530, 873, 619]",0.8646,46,46,1.0
VAIPE_P_118_1.jpg,0,"[775, 540, 904, 719]",0.8369,8,8,1.0
VAIPE_P_118_1.jpg,1,"[577, 541, 671, 634]",0.8262,46,46,1.0
VAIPE_P_118_2.jpg,0,"[1285, 1661, 1669, 2262]",0.668,87,87,1.0
VAIPE_P_118_2.jpg,1,"[1132, 2329, 1677, 3039]",0.4506,104,104,1.0
VAIPE_P_118_2.jpg,2,"[1025, 1596, 1320, 2295]",0.3301,18,18,0.8
VAIPE_P_118_3.jpg,0,"[647, 1208, 1109, 1666]",0.7235,6,6,1.0
VAIPE_P_118_3.jpg,1,"[429, 1709, 1366, 2622]",0.4713,57,57,1.0
VAIPE_P_119_0.jpg,0,"[1214, 2318, 1689, 2806]",0.8702,54,54,1.0
VAIPE_P_119_0.jpg,1,"[962, 2342, 1260, 2770]",0.8446,33,33,1.0
VAIPE_P_119_1.jpg,0,"[1807, 1268, 2237, 1627]",0.6989,37,37,1.0
VAIPE_P_119_1.jpg,1,"[2112, 524, 2500, 916]",0.413,37,37,1.0
VAIPE_P_119_1.jpg,2,"[2528, 910, 2990, 1187]",0.3323,37,37,1.0
VAIPE_P_119_2.jpg,0,"[1441, 1278, 2178, 2002]",0.7757,59,59,1.0
VAIPE_P_119_2.jpg,1,"[1514, 2025, 2066, 2555]",0.739,64,64,1.0
VAIPE_P_119_2.jpg,2,"[784, 2453, 1717, 3488]",0.7045,79,79,1.0
VAIPE_P_119_2.jpg,3,"[508, 1918, 1309, 2743]",0.5415,7,7,1.0
VAIPE_P_11_0.jpg,0,"[1054, 1981, 1606, 2507]",0.8736,54,54,1.0
VAIPE_P_11_1.jpg,-1,,,,NO_DETECTION,
VAIPE_P_11_2.jpg,0,"[2280, 1905, 2949, 2934]",0.8577,89,89,0.8
VAIPE_P_11_2.jpg,1,"[1638, 1112, 2331, 1971]",0.7854,58,58,1.0
VAIPE_P_11_2.jpg,2,"[2550, 737, 3148, 1315]",0.6208,14,14,1.0
VAIPE_P_11_2.jpg,3,"[1189, 43, 1944, 1083]",0.2977,91,91,1.0
VAIPE_P_11_2.jpg,4,"[871, 2148, 1488, 2765]",0.2566,37,37,0.8
VAIPE_P_11_3.jpg,-1,,,,NO_DETECTION,
VAIPE_P_120_0.jpg,0,"[908, 1724, 1562, 2412]",0.7901,64,64,1.0
VAIPE_P_120_0.jpg,1,"[1637, 1932, 2301, 2628]",0.7555,64,64,1.0
VAIPE_P_120_1.jpg,-1,,,,NO_DETECTION,
VAIPE_P_120_10.jpg,0,"[1047, 1261, 1706, 1826]",0.852,64,64,1.0
VAIPE_P_120_10.jpg,1,"[1384, 1960, 2067, 2634]",0.8196,64,64,1.0
VAIPE_P_120_11.jpg,0,"[1232, 1958, 1729, 2654]",0.8392,15,15,1.0
VAIPE_P_120_12.jpg,0,"[2681, 1155, 3607, 1740]",0.8693,89,89,0.6
VAIPE_P_120_12.jpg,1,"[1864, 1544, 2706, 2235]",0.8679,8,8,1.0
VAIPE_P_120_12.jpg,2,"[1356, 2191, 1721, 2561]",0.8313,51,51,1.0
VAIPE_P_120_12.jpg,3,"[852, 1371, 1228, 1713]",0.7706,4,4,1.0
VAIPE_P_120_12.jpg,4,"[2123, 173, 2802, 878]",0.7479,51,51,1.0
VAIPE_P_120_2.jpg,0,"[1291, 2415, 2044, 2971]",0.717,15,15,1.0
VAIPE_P_120_3.jpg,0,"[1448, 1780, 1994, 2603]",0.7681,15,15,1.0
VAIPE_P_120_4.jpg,0,"[1280, 3090, 1870, 3755]",0.781,64,64,1.0
VAIPE_P_120_4.jpg,1,"[1332, 995, 1982, 1584]",0.5872,64,64,1.0
VAIPE_P_120_5.jpg,-1,,,,NO_DETECTION,
VAIPE_P_120_6.jpg,0,"[1937, 1815, 2589, 2487]",0.6722,64,64,1.0
VAIPE_P_120_6.jpg,1,"[1286, 2297, 1907, 2937]",0.5584,64,64,1.0
VAIPE_P_120_7.jpg,-1,,,,NO_DETECTION,
VAIPE_P_120_8.jpg,-1,,,,NO_DETECTION,
VAIPE_P_120_9.jpg,0,"[908, 2064, 1810, 2646]",0.7516,15,15,1.0
VAIPE_P_121_0.jpg,0,"[1010, 2304, 1665, 3179]",0.8666,24,24,1.0
VAIPE_P_121_0.jpg,1,"[1128, 2080, 1952, 2654]",0.8666,24,24,1.0
VAIPE_P_121_1.jpg,0,"[1491, 2114, 2154, 2904]",0.8765,24,24,1.0
VAIPE_P_121_1.jpg,1,"[1240, 1817, 1654, 2681]",0.8508,24,24,1.0
VAIPE_P_122_0.jpg,0,"[1329, 1678, 2046, 2431]",0.8594,92,92,1.0
VAIPE_P_122_1.jpg,0,"[1062, 2116, 1929, 2637]",0.8527,92,92,1.0
VAIPE_P_122_2.jpg,0,"[2834, 1022, 3767, 1900]",0.8462,10,10,1.0
VAIPE_P_122_2.jpg,1,"[1975, 2013, 2735, 2744]",0.8149,71,71,0.6
VAIPE_P_122_2.jpg,2,"[1607, 0, 2443, 822]",0.7806,91,91,0.6
VAIPE_P_122_2.jpg,3,"[1636, 1145, 2638, 1651]",0.7569,18,18,1.0
VAIPE_P_122_3.jpg,0,"[149, 1132, 690, 1408]",0.7596,62,62,1.0
VAIPE_P_122_3.jpg,1,"[1005, 1185, 1186, 1423]",0.435,72,72,0.8
VAIPE_P_123_0.jpg,0,"[785, 1875, 1220, 2724]",0.6462,68,68,1.0
VAIPE_P_123_1.jpg,-1,,,,NO_DETECTION,
VAIPE_P_123_2.jpg,0,"[1277, 2122, 1889, 2624]",0.7241,68,68,1.0
VAIPE_P_123_2.jpg,1,"[1179, 1892, 1779, 2382]",0.705,68,68,1.0
VAIPE_P_123_3.jpg,0,"[685, 1861, 1133, 2468]",0.5362,68,68,1.0
VAIPE_P_123_4.jpg,0,"[2843, 1465, 3296, 1886]",0.7265,4,4,1.0
VAIPE_P_123_4.jpg,1,"[2098, 182, 2690, 1003]",0.6609,15,15,0.8
VAIPE_P_123_4.jpg,2,"[2081, 1770, 2653, 2346]",0.6221,83,83,1.0
VAIPE_P_123_4.jpg,3,"[2925, 733, 3370, 1147]",0.5839,51,51,1.0
VAIPE_P_123_4.jpg,4,"[974, 582, 1558, 1149]",0.5146,83,83,1.0
VAIPE_P_124_0.jpg,0,"[728, 1176, 1577, 1655]",0.8511,60,60,1.0
VAIPE_P_124_0.jpg,1,"[338, 1399, 907, 2440]",0.8348,26,26,1.0
VAIPE_P_124_1.jpg,0,"[846, 3022, 1684, 3468]",0.8813,26,26,0.8
VAIPE_P_124_1.jpg,1,"[886, 2305, 1581, 2686]",0.8722,60,60,1.0
VAIPE_P_124_2.jpg,0,"[1479, 1621, 2032, 2532]",0.8457,91,91,1.0
VAIPE_P_124_2.jpg,1,"[2903, 994, 3251, 1333]",0.8115,51,51,1.0
VAIPE_P_124_2.jpg,2,"[2047, 1075, 2569, 1927]",0.7598,19,19,1.0
VAIPE_P_124_2.jpg,3,"[1327, 736, 1912, 1396]",0.6962,97,97,1.0
VAIPE_P_124_2.jpg,4,"[2226, 343, 2610, 701]",0.5606,51,51,1.0
VAIPE_P_124_3.jpg,0,"[469, 524, 598, 671]",0.9075,23,23,0.6
VAIPE_P_124_3.jpg,1,"[316, 584, 426, 692]",0.8877,86,86,1.0
VAIPE_P_124_3.jpg,2,"[197, 490, 318, 726]",0.8666,26,26,1.0
VAIPE_P_124_4.jpg,-1,,,,NO_DETECTION,
VAIPE_P_125_0.jpg,0,"[357, 439, 514, 660]",0.8962,26,26,1.0
VAIPE_P_125_0.jpg,1,"[206, 477, 390, 584]",0.8835,91,91,1.0
VAIPE_P_125_0.jpg,2,"[200, 557, 424, 666]",0.8666,26,26,1.0
VAIPE_P_126_0.jpg,0,"[125, 202, 163, 276]",0.899,10,10,1.0
VAIPE_P_126_0.jpg,1,"[89, 301, 164, 353]",0.8966,10,10,1.0
VAIPE_P_126_1.jpg,0,"[109, 260, 153, 295]",0.8744,29,29,1.0
VAIPE_P_126_1.jpg,1,"[90, 216, 111, 262]",0.8684,29,29,1.0
VAIPE_P_126_2.jpg,0,"[159, 174, 216, 249]",0.889,10,10,1.0
VAIPE_P_126_2.jpg,1,"[91, 203, 131, 285]",0.8831,10,10,1.0
VAIPE_P_127_0.jpg,-1,,,,NO_DETECTION,
VAIPE_P_128_0.jpg,0,"[1462, 2713, 2087, 3353]",0.4006,43,43,1.0
VAIPE_P_128_0.jpg,1,"[1246, 2389, 1956, 2787]",0.3964,21,21,1.0
VAIPE_P_128_1.jpg,0,"[1669, 1667, 2239, 2449]",0.8165,43,43,1.0
VAIPE_P_128_1.jpg,1,"[1193, 1570, 1596, 2291]",0.6046,21,21,1.0
VAIPE_P_129_0.jpg,0,"[1346, 1534, 1959, 2212]",0.5025,70,70,0.6
VAIPE_P_129_1.jpg,-1,,,,NO_DETECTION,
VAIPE_P_129_2.jpg,-1,,,,NO_DETECTION,
VAIPE_P_129_3.jpg,0,"[920, 1777, 1650, 2316]",0.7878,97,97,1.0
VAIPE_P_129_3.jpg,1,"[1586, 1682, 2162, 2453]",0.3419,97,97,1.0
VAIPE_P_129_4.jpg,-1,,,,NO_DETECTION,
VAIPE_P_129_5.jpg,-1,,,,NO_DETECTION,
VAIPE_P_129_6.jpg,0,"[1114, 1658, 1651, 2180]",0.3749,97,97,1.0
VAIPE_P_129_7.jpg,-1,,,,NO_DETECTION,
VAIPE_P_129_8.jpg,0,"[1104, 1265, 1546, 1670]",0.4032,70,70,1.0
VAIPE_P_129_8.jpg,1,"[1665, 934, 2098, 1609]",0.2944,97,97,1.0
VAIPE_P_12_0.jpg,-1,,,,NO_DETECTION,
VAIPE_P_130_0.jpg,0,"[1250, 2001, 1730, 2723]",0.8649,97,97,1.0
VAIPE_P_130_1.jpg,0,"[1202, 2094, 1711, 2606]",0.8834,97,97,1.0
VAIPE_P_130_2.jpg,0,"[1029, 1970, 1542, 2498]",0.9011,97,97,1.0
VAIPE_P_130_3.jpg,0,"[1063, 2024, 1528, 2720]",0.8817,97,97,1.0
VAIPE_P_130_4.jpg,0,"[873, 1767, 1244, 2037]",0.871,37,37,1.0
VAIPE_P_130_4.jpg,1,"[1143, 1864, 1590, 2401]",0.7933,97,97,1.0
VAIPE_P_130_5.jpg,0,"[1110, 1670, 1596, 2374]",0.8692,97,97,1.0
VAIPE_P_131_0.jpg,0,"[47, 180, 108, 214]",0.912,10,10,1.0
VAIPE_P_131_0.jpg,1,"[142, 289, 199, 327]",0.9037,91,91,1.0
VAIPE_P_131_0.jpg,2,"[21, 136, 81, 165]",0.9024,10,10,1.0
VAIPE_P_131_0.jpg,3,"[74, 242, 101, 265]",0.8607,76,76,0.6
VAIPE_P_131_0.jpg,4,"[119, 250, 142, 278]",0.8571,74,74,1.0
VAIPE_P_131_0.jpg,5,"[185, 188, 208, 215]",0.855,74,74,1.0
VAIPE_P_131_0.jpg,6,"[189, 241, 216, 265]",0.8543,74,74,0.8
VAIPE_P_132_0.jpg,-1,,,,NO_DETECTION,
VAIPE_P_132_1.jpg,0,"[748, 2520, 1520, 2904]",0.4764,91,91,1.0
VAIPE_P_132_1.jpg,1,"[1105, 1863, 1934, 2242]",0.3067,43,43,1.0
VAIPE_P_132_2.jpg,0,"[1852, 3080, 2693, 3738]",0.2874,27,27,0.6
VAIPE_P_132_3.jpg,0,"[808, 1358, 1310, 1888]",0.7027,91,91,1.0
VAIPE_P_132_3.jpg,1,"[1048, 1184, 1776, 1711]",0.3847,43,43,1.0
VAIPE_P_132_3.jpg,2,"[1370, 1634, 1802, 2305]",0.3297,43,43,1.0
VAIPE_P_133_0.jpg,0,"[800, 2383, 1542, 2742]",0.8963,99,99,1.0
VAIPE_P_133_0.jpg,1,"[1250, 1809, 1683, 2234]",0.8793,51,51,1.0
VAIPE_P_133_0.jpg,2,"[536, 1550, 995, 1992]",0.8728,51,51,1.0
VAIPE_P_133_1.jpg,0,"[1451, 1371, 1931, 1898]",0.8918,99,99,1.0
VAIPE_P_133_1.jpg,1,"[2197, 1701, 2585, 2066]",0.8656,51,51,1.0
VAIPE_P_133_1.jpg,2,"[1459, 1828, 2064, 2193]",0.8619,99,99,1.0
VAIPE_P_133_1.jpg,3,"[709, 2202, 1094, 2583]",0.8528,51,51,1.0
VAIPE_P_133_2.jpg,0,"[1261, 2173, 2022, 2765]",0.8776,99,99,1.0
VAIPE_P_133_2.jpg,1,"[950, 1216, 1445, 1679]",0.8668,51,51,1.0
VAIPE_P_133_2.jpg,2,"[849, 1836, 1349, 2318]",0.3331,51,51,1.0
VAIPE_P_134_0.jpg,0,"[1035, 2290, 1369, 2552]",0.8228,74,74,1.0
VAIPE_P_134_0.jpg,1,"[1425, 1839, 1750, 2089]",0.8083,74,74,1.0
VAIPE_P_134_1.jpg,0,"[1131, 2276, 1373, 2604]",0.8638,74,74,1.0
VAIPE_P_134_1.jpg,1,"[1273, 1928, 1590, 2177]",0.8518,74,74,1.0
VAIPE_P_135_0.jpg,0,"[279, 457, 599, 716]",0.7801,91,91,1.0
VAIPE_P_136_0.jpg,0,"[672, 512, 768, 604]",0.8222,14,14,1.0
VAIPE_P_136_1.jpg,0,"[277, 574, 450, 756]",0.8361,8,8,1.0
VAIPE_P_136_1.jpg,1,"[285, 371, 395, 484]",0.7595,46,46,1.0
VAIPE_P_136_2.jpg,0,"[286, 797, 421, 897]",0.787,14,14,1.0
VAIPE_P_136_3.jpg,0,"[277, 594, 384, 800]",0.8466,8,8,1.0
VAIPE_P_136_3.jpg,1,"[184, 591, 290, 697]",0.8328,46,46,1.0
VAIPE_P_136_4.jpg,0,"[393, 865, 479, 958]",0.799,46,46,1.0
VAIPE_P_136_4.jpg,1,"[342, 674, 511, 773]",0.7043,8,8,1.0
VAIPE_P_136_4.jpg,2,"[328, 638, 521, 804]",0.3837,8,8,1.0
VAIPE_P_136_5.jpg,0,"[461, 1065, 647, 1181]",0.8963,8,8,1.0
VAIPE_P_136_5.jpg,1,"[379, 998, 479, 1101]",0.8298,46,46,1.0
VAIPE_P_136_6.jpg,0,"[346, 747, 436, 909]",0.8452,8,8,1.0
VAIPE_P_136_6.jpg,1,"[526, 710, 607, 791]",0.7836,46,46,1.0
VAIPE_P_136_6.jpg,2,"[250, 0, 381, 44]",0.2673,46,46,1.0
VAIPE_P_136_7.jpg,0,"[387, 687, 550, 771]",0.8519,8,8,1.0
VAIPE_P_136_7.jpg,1,"[310, 630, 398, 710]",0.8379,46,46,1.0
VAIPE_P_136_8.jpg,0,"[376, 894, 467, 981]",0.8419,46,46,1.0
VAIPE_P_137_0.jpg,0,"[1070, 1863, 1661, 2267]",0.799,38,38,1.0
VAIPE_P_138_0.jpg,0,"[1011, 2799, 1304, 3377]",0.8506,89,89,1.0
VAIPE_P_138_0.jpg,1,"[1148, 2339, 1484, 2995]",0.8196,24,24,1.0
VAIPE_P_138_1.jpg,0,"[718, 1988, 1086, 2657]",0.8484,99,99,0.6
VAIPE_P_138_1.jpg,1,"[1063, 2098, 1780, 2612]",0.3332,24,24,1.0
VAIPE_P_139_0.jpg,0,"[694, 2098, 1263, 2974]",0.8957,26,26,1.0
VAIPE_P_139_0.jpg,1,"[995, 1643, 1574, 2455]",0.8939,26,26,1.0
VAIPE_P_139_0.jpg,2,"[1308, 1725, 1838, 2462]",0.8841,2,2,1.0
VAIPE_P_139_0.jpg,3,"[1517, 2174, 1982, 2670]",0.8822,64,64,1.0
VAIPE_P_139_0.jpg,4,"[821, 1629, 1250, 2069]",0.8818,64,64,1.0
VAIPE_P_139_0.jpg,5,"[285, 2123, 759, 2951]",0.8639,2,2,1.0
VAIPE_P_139_1.jpg,0,"[569, 2045, 964, 2471]",0.8766,64,64,1.0
VAIPE_P_139_1.jpg,1,"[508, 2437, 949, 2869]",0.809,64,64,1.0
VAIPE_P_139_1.jpg,2,"[1431, 2200, 1937, 2802]",0.7956,2,2,1.0
VAIPE_P_139_1.jpg,3,"[861, 1790, 1257, 2596]",0.7219,26,26,1.0
VAIPE_P_139_1.jpg,4,"[1157, 1946, 1874, 2556]",0.6327,26,26,1.0
VAIPE_P_139_1.jpg,5,"[1152, 1692, 1820, 2053]",0.5085,2,2,1.0
VAIPE_P_13_0.jpg,0,"[1053, 2089, 1827, 2837]",0.868,55,55,1.0
VAIPE_P_13_1.jpg,0,"[731, 1606, 1230, 2063]",0.8523,55,55,1.0
VAIPE_P_13_1.jpg,1,"[1002, 1825, 1480, 2275]",0.8261,38,38,1.0
VAIPE_P_13_2.jpg,0,"[736, 2911, 1718, 3847]",0.8927,79,79,1.0
VAIPE_P_13_2.jpg,1,"[96, 1302, 1027, 2056]",0.829,60,60,0.8
VAIPE_P_13_2.jpg,2,"[1386, 1513, 1886, 2449]",0.7736,15,15,0.6
VAIPE_P_13_2.jpg,3,"[1646, 2979, 2340, 3753]",0.4928,100,100,1.0
VAIPE_P_13_2.jpg,4,"[1936, 871, 2634, 1578]",0.3394,100,100,1.0
VAIPE_P_140_0.jpg,0,"[1432, 2434, 1907, 3179]",0.8517,99,99,1.0
VAIPE_P_140_0.jpg,1,"[941, 2489, 1374, 3237]",0.8099,99,99,1.0
VAIPE_P_141_0.jpg,0,"[1279, 2337, 1746, 2813]",0.839,54,54,1.0
VAIPE_P_141_1.jpg,0,"[770, 1761, 1406, 2365]",0.745,54,54,1.0
VAIPE_P_141_2.jpg,0,"[2076, 1807, 2642, 2338]",0.5006,54,54,1.0
VAIPE_P_141_3.jpg,0,"[1351, 1778, 2021, 2399]",0.6517,54,54,1.0
VAIPE_P_141_4.jpg,0,"[1268, 2073, 1584, 2480]",0.8593,15,15,1.0
VAIPE_P_142_0.jpg,0,"[904, 2229, 1153, 2678]",0.6299,99,99,1.0
VAIPE_P_142_0.jpg,1,"[1089, 2176, 1337, 2702]",0.5615,10,10,1.0
VAIPE_P_142_0.jpg,2,"[992, 1996, 1251, 2255]",0.5603,64,64,1.0
VAIPE_P_142_0.jpg,3,"[1288, 2262, 1567, 2534]",0.4745,64,64,1.0
VAIPE_P_142_0.jpg,4,"[699, 2246, 966, 2802]",0.405,10,10,1.0
VAIPE_P_142_1.jpg,0,"[410, 2405, 969, 2630]",0.5335,10,10,1.0
VAIPE_P_142_1.jpg,1,"[616, 2589, 1164, 2819]",0.3586,10,10,1.0
VAIPE_P_142_2.jpg,-1,,,,NO_DETECTION,
VAIPE_P_142_3.jpg,-1,,,,NO_DETECTION,
VAIPE_P_142_4.jpg,0,"[1388, 1890, 1653, 2134]",0.8431,64,64,1.0
VAIPE_P_142_4.jpg,1,"[1014, 2030, 1329, 2517]",0.8327,10,10,1.0
VAIPE_P_142_4.jpg,2,"[839, 2072, 1137, 2480]",0.8219,99,99,1.0
VAIPE_P_142_4.jpg,3,"[1327, 2024, 1634, 2509]",0.813,10,10,1.0
VAIPE_P_142_4.jpg,4,"[944, 1877, 1212, 2120]",0.7787,64,64,1.0
VAIPE_P_143_0.jpg,0,"[1493, 2127, 1875, 2783]",0.9057,2,2,1.0
VAIPE_P_143_0.jpg,1,"[1154, 1633, 1617, 2195]",0.8905,91,91,1.0
VAIPE_P_143_0.jpg,2,"[1349, 2678, 1937, 3258]",0.8848,2,2,1.0
VAIPE_P_143_0.jpg,3,"[1917, 2318, 2349, 3075]",0.7993,19,19,1.0
VAIPE_P_143_0.jpg,4,"[1696, 2152, 2119, 2885]",0.6382,19,19,1.0
VAIPE_P_144_0.jpg,0,"[785, 1643, 1576, 2510]",0.8926,91,91,1.0
VAIPE_P_144_0.jpg,1,"[941, 2361, 2249, 3111]",0.8879,104,104,1.0
VAIPE_P_144_0.jpg,2,"[1517, 1991, 2697, 2448]",0.8412,19,19,1.0
VAIPE_P_144_1.jpg,0,"[1034, 2746, 1749, 3476]",0.8842,91,91,1.0
VAIPE_P_144_1.jpg,1,"[1044, 2105, 2170, 2645]",0.8697,104,104,1.0
VAIPE_P_144_1.jpg,2,"[1530, 1755, 2625, 2236]",0.6378,19,19,1.0
VAIPE_P_144_2.jpg,-1,,,,NO_DETECTION,
VAIPE_P_144_3.jpg,0,"[1114, 2431, 1876, 3444]",0.7968,19,19,1.0
VAIPE_P_144_3.jpg,1,"[1105, 1465, 1619, 2268]",0.7495,91,91,1.0
VAIPE_P_144_3.jpg,2,"[1441, 1324, 2092, 2399]",0.6441,104,104,1.0
VAIPE_P_145_0.jpg,0,"[1988, 1187, 2511, 1881]",0.7862,89,89,1.0
VAIPE_P_145_0.jpg,1,"[1318, 1280, 1633, 1602]",0.757,7,7,1.0
VAIPE_P_145_0.jpg,2,"[1397, 1639, 2148, 2128]",0.7361,89,89,1.0
VAIPE_P_145_0.jpg,3,"[2439, 1153, 2941, 1979]",0.6997,43,43,1.0
VAIPE_P_145_0.jpg,4,"[1687, 1174, 1987, 1497]",0.6863,7,7,1.0
VAIPE_P_145_0.jpg,5,"[2672, 1184, 3250, 2014]",0.2906,43,43,1.0
VAIPE_P_145_1.jpg,0,"[2019, 1252, 2350, 1577]",0.309,7,7,1.0
VAIPE_P_145_2.jpg,0,"[369, 840, 1264, 1229]",0.5482,43,43,1.0
VAIPE_P_145_2.jpg,1,"[2312, 532, 2684, 892]",0.3972,7,7,1.0
VAIPE_P_145_2.jpg,2,"[1244, 811, 1730, 1550]",0.3956,89,89,1.0
VAIPE_P_145_2.jpg,3,"[1138, 954, 1757, 1525]",0.261,89,89,1.0
VAIPE_P_145_3.jpg,0,"[1262, 994, 1935, 1905]",0.6574,43,43,1.0
VAIPE_P_145_3.jpg,1,"[1600, 2069, 1966, 2431]",0.6411,7,7,1.0
VAIPE_P_145_3.jpg,2,"[1604, 757, 2174, 1699]",0.6321,43,43,1.0
VAIPE_P_145_3.jpg,3,"[2255, 1968, 2631, 2340]",0.3839,7,7,1.0
VAIPE_P_145_4.jpg,-1,,,,NO_DETECTION,
VAIPE_P_145_5.jpg,0,"[923, 1787, 1723, 2328]",0.9025,43,43,1.0
VAIPE_P_145_5.jpg,1,"[1383, 566, 1786, 1431]",0.883,43,43,1.0
VAIPE_P_145_5.jpg,2,"[2157, 1409, 2867, 1861]",0.8812,89,89,1.0
VAIPE_P_145_5.jpg,3,"[1734, 923, 2038, 1236]",0.8793,7,7,1.0
VAIPE_P_145_5.jpg,4,"[2309, 1805, 3010, 2243]",0.8732,89,89,1.0
VAIPE_P_145_5.jpg,5,"[2138, 1120, 2451, 1420]",0.8731,7,7,1.0
VAIPE_P_146_0.jpg,-1,,,,NO_DETECTION,
VAIPE_P_147_0.jpg,0,"[1535, 1049, 2005, 1553]",0.8417,51,51,1.0
VAIPE_P_147_0.jpg,1,"[1046, 2050, 1831, 2594]",0.7927,10,10,1.0
VAIPE_P_147_1.jpg,0,"[1821, 1455, 2271, 1915]",0.8081,51,51,1.0
VAIPE_P_147_1.jpg,1,"[756, 1986, 1522, 2490]",0.3199,10,10,1.0
VAIPE_P_148_0.jpg,0,"[1050, 2407, 1806, 3124]",0.8619,48,48,1.0
VAIPE_P_148_0.jpg,1,"[1513, 1982, 2066, 2521]",0.7879,51,51,1.0
VAIPE_P_148_1.jpg,0,"[1717, 1817, 2020, 2367]",0.7106,48,48,1.0
VAIPE_P_148_1.jpg,1,"[1594, 2572, 2001, 2970]",0.6596,51,51,1.0
VAIPE_P_148_2.jpg,0,"[1042, 2036, 1768, 2545]",0.856,48,48,1.0
VAIPE_P_148_2.jpg,1,"[1604, 2477, 2183, 3016]",0.8291,51,51,1.0
VAIPE_P_148_3.jpg,0,"[1617, 2600, 2302, 3024]",0.6004,48,48,1.0
VAIPE_P_148_3.jpg,1,"[1696, 2118, 2167, 2570]",0.3936,51,51,1.0
VAIPE_P_149_0.jpg,-1,,,,NO_DETECTION,
VAIPE_P_149_1.jpg,0,"[639, 2788, 1128, 3229]",0.2985,37,37,1.0
VAIPE_P_149_2.jpg,-1,,,,NO_DETECTION,
VAIPE_P_149_3.jpg,-1,,,,NO_DETECTION,
VAIPE_P_14_0.jpg,0,"[1651, 2066, 2144, 2561]",0.8589,57,57,1.0
VAIPE_P_150_0.jpg,-1,,,,NO_DETECTION,
VAIPE_P_150_1.jpg,0,"[1674, 1360, 2222, 2257]",0.8585,2,2,1.0
VAIPE_P_150_1.jpg,1,"[959, 2091, 1433, 3124]",0.8176,19,19,1.0
VAIPE_P_150_1.jpg,2,"[1135, 1207, 1525, 2098]",0.7497,2,2,1.0
VAIPE_P_150_1.jpg,3,"[1342, 1718, 1829, 2685]",0.6311,19,19,1.0
VAIPE_P_151_0.jpg,0,"[831, 2036, 1652, 2363]",0.9061,10,10,1.0
VAIPE_P_151_0.jpg,1,"[1251, 2693, 2058, 3223]",0.8971,10,10,1.0
VAIPE_P_151_0.jpg,2,"[1283, 2237, 1938, 2752]",0.8951,89,89,1.0
VAIPE_P_151_0.jpg,3,"[600, 2338, 1016, 2742]",0.8941,64,64,1.0
VAIPE_P_151_0.jpg,4,"[721, 2735, 1140, 3162]",0.8863,64,64,1.0
VAIPE_P_151_1.jpg,0,"[1135, 1609, 1983, 2105]",0.8744,89,89,1.0
VAIPE_P_151_1.jpg,1,"[739, 2163, 1292, 2689]",0.8633,64,64,1.0
VAIPE_P_151_1.jpg,2,"[983, 1242, 1951, 1811]",0.8539,10,10,1.0
VAIPE_P_151_1.jpg,3,"[995, 2768, 1531, 3370]",0.7939,64,64,1.0
VAIPE_P_151_1.jpg,4,"[1330, 1995, 1807, 3044]",0.4856,10,10,1.0
VAIPE_P_151_2.jpg,0,"[442, 2526, 1240, 3305]",0.9126,10,10,1.0
VAIPE_P_151_2.jpg,1,"[1728, 2365, 2447, 3224]",0.905,10,10,1.0
VAIPE_P_151_2.jpg,2,"[222, 2490, 715, 2987]",0.8831,64,64,1.0
VAIPE_P_151_2.jpg,3,"[896, 2096, 1384, 2592]",0.879,64,64,1.0
VAIPE_P_151_2.jpg,4,"[1339, 1875, 1726, 2703]",0.8712,89,89,1.0
VAIPE_P_151_3.jpg,0,"[1118, 2855, 1614, 3413]",0.872,64,64,1.0
VAIPE_P_151_3.jpg,1,"[1016, 1924, 1429, 2677]",0.8532,89,89,1.0
VAIPE_P_151_3.jpg,2,"[802, 2569, 1302, 3067]",0.8339,64,64,1.0
VAIPE_P_151_3.jpg,3,"[672, 1721, 1093, 2639]",0.8191,10,10,1.0
VAIPE_P_151_3.jpg,4,"[1334, 1893, 1760, 2776]",0.7671,10,10,1.0
VAIPE_P_152_0.jpg,0,"[1367, 1302, 2166, 2169]",0.8721,10,10,1.0
VAIPE_P_152_0.jpg,1,"[1190, 2255, 1623, 2687]",0.8224,63,63,1.0
VAIPE_P_152_1.jpg,0,"[899, 1816, 1312, 2244]",0.7872,63,63,1.0
VAIPE_P_152_1.jpg,1,"[1445, 1583, 1921, 2663]",0.5285,10,10,1.0
VAIPE_P_153_0.jpg,0,"[362, 594, 477, 813]",0.7334,10,10,1.0
VAIPE_P_153_0.jpg,1,"[476, 603, 585, 819]",0.5924,10,10,1.0
VAIPE_P_153_1.jpg,0,"[143, 830, 422, 977]",0.8922,10,10,1.0
VAIPE_P_153_1.jpg,1,"[568, 739, 708, 1022]",0.8783,10,10,1.0
VAIPE_P_153_1.jpg,2,"[391, 936, 484, 1030]",0.8555,46,46,1.0
VAIPE_P_153_2.jpg,0,"[512, 496, 681, 860]",0.8749,10,10,1.0
VAIPE_P_153_2.jpg,1,"[205, 769, 523, 1062]",0.8712,10,10,1.0
VAIPE_P_153_3.jpg,0,"[612, 343, 684, 416]",0.8389,46,46,1.0
VAIPE_P_153_3.jpg,1,"[714, 266, 835, 479]",0.8343,10,10,1.0
VAIPE_P_153_3.jpg,2,"[395, 254, 518, 482]",0.7917,10,10,1.0
VAIPE_P_153_4.jpg,0,"[256, 212, 376, 475]",0.8846,10,10,1.0
VAIPE_P_153_4.jpg,1,"[357, 243, 611, 379]",0.8819,10,10,1.0
VAIPE_P_153_4.jpg,2,"[387, 209, 472, 290]",0.858,46,46,1.0
VAIPE_P_154_0.jpg,-1,,,,NO_DETECTION,
VAIPE_P_154_1.jpg,-1,,,,NO_DETECTION,
VAIPE_P_154_10.jpg,0,"[874, 2394, 1518, 2954]",0.9097,43,43,1.0
VAIPE_P_154_10.jpg,1,"[465, 2065, 1086, 2445]",0.9004,89,89,1.0
VAIPE_P_154_10.jpg,2,"[782, 1747, 1520, 2080]",0.781,43,43,1.0
VAIPE_P_154_10.jpg,3,"[1230, 2019, 1615, 2322]",0.2654,75,75,1.0
VAIPE_P_154_11.jpg,0,"[1195, 1822, 1759, 2339]",0.915,43,43,1.0
VAIPE_P_154_11.jpg,1,"[1019, 2183, 1341, 2750]",0.8887,89,89,1.0
VAIPE_P_154_11.jpg,2,"[1528, 1503, 2044, 2081]",0.8496,43,43,1.0
VAIPE_P_154_11.jpg,3,"[1881, 1996, 2180, 2312]",0.7951,75,75,1.0
VAIPE_P_154_12.jpg,0,"[975, 2441, 1517, 2992]",0.9026,89,89,1.0
VAIPE_P_154_12.jpg,1,"[786, 1508, 1484, 2046]",0.8691,43,43,1.0
VAIPE_P_154_12.jpg,2,"[733, 1769, 1448, 2333]",0.8187,43,43,1.0
VAIPE_P_154_12.jpg,3,"[1362, 1942, 1686, 2305]",0.455,75,75,1.0
VAIPE_P_154_13.jpg,0,"[1094, 1016, 1551, 1813]",0.8837,89,89,1.0
VAIPE_P_154_13.jpg,1,"[1207, 1921, 1579, 2283]",0.8212,7,7,1.0
VAIPE_P_154_13.jpg,2,"[516, 1792, 1034, 2741]",0.8034,43,43,1.0
VAIPE_P_154_13.jpg,3,"[839, 1738, 1293, 2662]",0.5146,43,43,1.0
VAIPE_P_154_13.jpg,4,"[1403, 2453, 1754, 2808]",0.3428,7,7,0.4
VAIPE_P_154_14.jpg,0,"[903, 1229, 1440, 1925]",0.9193,89,89,1.0
VAIPE_P_154_14.jpg,1,"[834, 2441, 1313, 3306]",0.8703,43,43,1.0
VAIPE_P_154_14.jpg,2,"[271, 1841, 981, 2582]",0.7773,43,43,1.0
VAIPE_P_154_14.jpg,3,"[1323, 2612, 1657, 2954]",0.3339,7,7,1.0
VAIPE_P_154_15.jpg,0,"[429, 2260, 1266, 2871]",0.9077,43,43,1.0
VAIPE_P_154_15.jpg,1,"[657, 1871, 1390, 2329]",0.9004,89,89,1.0
VAIPE_P_154_15.jpg,2,"[2019, 1623, 2843, 2293]",0.679,43,43,1.0
VAIPE_P_154_16.jpg,0,"[933, 2149, 1543, 2696]",0.9125,89,89,1.0
VAIPE_P_154_16.jpg,1,"[1671, 1898, 2064, 2279]",0.7893,75,75,1.0
VAIPE_P_154_16.jpg,2,"[1363, 2058, 2073, 2686]",0.6752,43,43,1.0
VAIPE_P_154_16.jpg,3,"[1522, 1238, 2038, 2062]",0.4536,43,43,1.0
VAIPE_P_154_17.jpg,0,"[912, 1488, 1549, 2202]",0.9212,89,89,1.0
VAIPE_P_154_17.jpg,1,"[524, 2623, 1138, 3534]",0.5676,43,43,1.0
VAIPE_P_154_17.jpg,2,"[972, 2055, 1323, 2393]",0.4271,7,7,1.0
VAIPE_P_154_17.jpg,3,"[305, 1828, 976, 2750]",0.4245,43,43,1.0
VAIPE_P_154_18.jpg,0,"[540, 1851, 1185, 2178]",0.8896,89,89,1.0
VAIPE_P_154_18.jpg,1,"[281, 2138, 1048, 2467]",0.8847,43,43,1.0
VAIPE_P_154_18.jpg,2,"[1801, 2051, 2513, 2619]",0.8138,43,43,1.0
VAIPE_P_154_19.jpg,0,"[326, 1247, 1060, 1884]",0.9095,89,89,1.0
VAIPE_P_154_19.jpg,1,"[916, 1644, 1287, 2002]",0.8773,7,7,0.6
VAIPE_P_154_19.jpg,2,"[680, 2373, 1118, 3326]",0.7233,43,43,1.0
VAIPE_P_154_19.jpg,3,"[1193, 2445, 1560, 2811]",0.556,7,7,1.0
VAIPE_P_154_19.jpg,4,"[20, 1539, 730, 2421]",0.2685,43,43,1.0
VAIPE_P_154_2.jpg,-1,,,,NO_DETECTION,
VAIPE_P_154_20.jpg,0,"[837, 2077, 1449, 2575]",0.9076,43,43,1.0
VAIPE_P_154_20.jpg,1,"[728, 2272, 1334, 2806]",0.8887,43,43,1.0
VAIPE_P_154_20.jpg,2,"[1187, 1635, 1778, 1983]",0.8844,89,89,1.0
VAIPE_P_154_20.jpg,3,"[1287, 2527, 1536, 2772]",0.8659,7,7,1.0
VAIPE_P_154_20.jpg,4,"[1272, 2749, 1532, 2994]",0.8128,7,7,0.8
VAIPE_P_154_21.jpg,0,"[433, 1614, 1156, 2202]",0.9036,89,89,1.0
VAIPE_P_154_21.jpg,1,"[897, 2918, 1792, 3317]",0.8695,43,43,1.0
VAIPE_P_154_21.jpg,2,"[1666, 2138, 2572, 2767]",0.8612,43,43,1.0
VAIPE_P_154_22.jpg,0,"[778, 2048, 1287, 2660]",0.8954,89,89,1.0
VAIPE_P_154_22.jpg,1,"[1164, 1598, 1895, 2154]",0.8749,43,43,1.0
VAIPE_P_154_22.jpg,2,"[1056, 1977, 1833, 2406]",0.8074,43,43,1.0
VAIPE_P_154_23.jpg,0,"[978, 1679, 1391, 2091]",0.8668,7,7,1.0
VAIPE_P_154_23.jpg,1,"[898, 677, 1326, 1287]",0.8571,89,89,1.0
VAIPE_P_154_23.jpg,2,"[1266, 602, 1940, 1597]",0.8554,43,43,1.0
VAIPE_P_154_23.jpg,3,"[1286, 1339, 2373, 2088]",0.8412,43,43,1.0
VAIPE_P_154_23.jpg,4,"[1259, 2038, 1653, 2429]",0.8158,7,7,0.6
VAIPE_P_154_3.jpg,-1,,,,NO_DETECTION,
VAIPE_P_154_4.jpg,0,"[1236, 1589, 1935, 2086]",0.8915,43,43,1.0
VAIPE_P_154_4.jpg,1,"[891, 2022, 1375, 2584]",0.8847,89,89,1.0
VAIPE_P_154_4.jpg,2,"[1148, 1940, 1865, 2333]",0.8703,43,43,1.0
VAIPE_P_154_5.jpg,0,"[865, 2047, 1407, 2361]",0.8878,89,89,1.0
VAIPE_P_154_5.jpg,1,"[1299, 2858, 1543, 3093]",0.849,7,7,0.8
VAIPE_P_154_6.jpg,0,"[997, 1646, 1868, 2244]",0.9153,43,43,1.0
VAIPE_P_154_6.jpg,1,"[83, 1185, 876, 1887]",0.91,43,43,1.0
VAIPE_P_154_6.jpg,2,"[938, 537, 1584, 1253]",0.9034,89,89,1.0
VAIPE_P_154_6.jpg,3,"[1347, 2118, 1697, 2453]",0.7581,7,7,0.8
VAIPE_P_154_7.jpg,0,"[495, 2160, 969, 2682]",0.8966,89,89,1.0
VAIPE_P_154_7.jpg,1,"[659, 1811, 1318, 2276]",0.8862,43,43,1.0
VAIPE_P_154_7.jpg,2,"[1748, 2275, 2187, 2929]",0.7937,43,43,1.0
VAIPE_P_154_8.jpg,0,"[1516, 2063, 1923, 3040]",0.8048,43,43,1.0
VAIPE_P_154_8.jpg,1,"[1183, 1942, 1573, 2846]",0.5128,43,43,1.0
VAIPE_P_154_8.jpg,2,"[847, 2151, 1194, 2500]",0.4815,7,7,1.0
VAIPE_P_154_8.jpg,3,"[925, 2656, 1272, 3014]",0.284,7,7,0.8
VAIPE_P_154_9.jpg,0,"[1105, 1033, 1484, 1693]",0.9074,89,89,1.0
VAIPE_P_154_9.jpg,1,"[1306, 1159, 2021, 1986]",0.8896,43,43,1.0
VAIPE_P_154_9.jpg,2,"[1041, 1797, 1410, 2152]",0.8618,7,7,1.0
VAIPE_P_154_9.jpg,3,"[134, 911, 679, 1794]",0.6781,43,43,1.0
VAIPE_P_155_0.jpg,0,"[1824, 798, 2308, 1599]",0.7576,89,89,1.0
VAIPE_P_155_1.jpg,-1,,,,NO_DETECTION,
VAIPE_P_155_10.jpg,-1,,,,NO_DETECTION,
VAIPE_P_155_11.jpg,0,"[1213, 903, 1978, 1387]",0.4203,43,43,1.0
VAIPE_P_155_11.jpg,1,"[717, 695, 1156, 1350]",0.3618,89,89,1.0
VAIPE_P_155_11.jpg,2,"[992, 363, 1275, 748]",0.3358,33,33,1.0
VAIPE_P_155_11.jpg,3,"[1080, 612, 1820, 1128]",0.27,43,43,1.0
VAIPE_P_155_12.jpg,0,"[1616, 2384, 2256, 2752]",0.85,89,89,1.0
VAIPE_P_155_12.jpg,1,"[1125, 1313, 1863, 1743]",0.4245,43,43,1.0
VAIPE_P_155_13.jpg,0,"[652, 2074, 1071, 2814]",0.862,89,89,1.0
VAIPE_P_155_13.jpg,1,"[1009, 1733, 1389, 2626]",0.8206,43,43,1.0
VAIPE_P_155_13.jpg,2,"[599, 2761, 1080, 3688]",0.7733,43,43,1.0
VAIPE_P_155_14.jpg,-1,,,,NO_DETECTION,
VAIPE_P_155_15.jpg,0,"[1608, 1776, 1924, 2361]",0.6372,89,89,1.0
VAIPE_P_155_15.jpg,1,"[1849, 1748, 2278, 2178]",0.4051,100,100,1.0
VAIPE_P_155_15.jpg,2,"[1365, 1564, 1661, 2263]",0.3779,43,43,1.0
VAIPE_P_155_15.jpg,3,"[815, 1919, 1183, 2625]",0.3726,43,43,1.0
VAIPE_P_155_16.jpg,0,"[820, 3095, 1497, 3438]",0.4803,43,43,1.0
VAIPE_P_155_16.jpg,1,"[1563, 1941, 1960, 2474]",0.4094,89,89,1.0
VAIPE_P_155_17.jpg,0,"[1356, 2188, 1891, 2625]",0.8951,89,89,1.0
VAIPE_P_155_17.jpg,1,"[1103, 2310, 1738, 2808]",0.8917,43,43,1.0
VAIPE_P_155_17.jpg,2,"[1676, 1992, 2393, 2369]",0.6936,43,43,1.0
VAIPE_P_155_17.jpg,3,"[1257, 1816, 1671, 2235]",0.5948,100,100,1.0
VAIPE_P_155_18.jpg,0,"[1076, 1782, 1613, 2151]",0.2595,89,89,1.0
VAIPE_P_155_18.jpg,1,"[1757, 1976, 2164, 2368]",0.2514,100,100,1.0
VAIPE_P_155_19.jpg,0,"[1907, 1495, 2310, 2218]",0.8722,43,43,1.0
VAIPE_P_155_19.jpg,1,"[1152, 2094, 1580, 2418]",0.8671,84,84,0.6
VAIPE_P_155_19.jpg,2,"[1091, 2347, 1471, 2894]",0.8018,89,89,1.0
VAIPE_P_155_19.jpg,3,"[1288, 2331, 1729, 3039]",0.7502,43,43,1.0
VAIPE_P_155_2.jpg,-1,,,,NO_DETECTION,
VAIPE_P_155_20.jpg,-1,,,,NO_DETECTION,
VAIPE_P_155_21.jpg,0,"[1289, 1885, 1671, 2597]",0.8932,89,89,1.0
VAIPE_P_155_21.jpg,1,"[906, 2257, 1645, 2961]",0.7966,43,43,1.0
VAIPE_P_155_21.jpg,2,"[795, 2673, 1300, 3192]",0.568,100,100,1.0
VAIPE_P_155_21.jpg,3,"[782, 1282, 1389, 2084]",0.5573,43,43,1.0
VAIPE_P_155_22.jpg,0,"[939, 1763, 1623, 2286]",0.5461,43,43,1.0
VAIPE_P_155_22.jpg,1,"[1338, 1952, 1811, 2508]",0.546,89,89,1.0
VAIPE_P_155_23.jpg,0,"[1196, 2001, 1520, 2613]",0.8803,89,89,1.0
VAIPE_P_155_23.jpg,1,"[1092, 2636, 1670, 3286]",0.8531,43,43,1.0
VAIPE_P_155_23.jpg,2,"[1362, 2492, 1800, 2947]",0.847,100,100,1.0
VAIPE_P_155_23.jpg,3,"[1243, 1474, 1876, 2106]",0.8268,43,43,1.0
VAIPE_P_155_24.jpg,0,"[1412, 2273, 1717, 2865]",0.6862,89,89,1.0
VAIPE_P_155_24.jpg,1,"[1393, 1990, 2091, 2465]",0.2827,43,43,1.0
VAIPE_P_155_24.jpg,2,"[945, 2347, 1381, 2785]",0.264,100,100,1.0
VAIPE_P_155_25.jpg,0,"[1081, 2316, 1483, 2956]",0.8719,89,89,1.0
VAIPE_P_155_25.jpg,1,"[768, 2003, 1411, 2686]",0.8023,43,43,1.0
VAIPE_P_155_25.jpg,2,"[1175, 2768, 1655, 3197]",0.5594,84,84,1.0
VAIPE_P_155_25.jpg,3,"[640, 3078, 1260, 3818]",0.2712,43,43,1.0
VAIPE_P_155_26.jpg,0,"[1106, 1991, 1691, 2685]",0.8931,89,89,1.0
VAIPE_P_155_26.jpg,1,"[1459, 1550, 1931, 2468]",0.861,43,43,1.0
VAIPE_P_155_26.jpg,2,"[718, 2828, 1099, 3760]",0.8386,43,43,1.0
VAIPE_P_155_26.jpg,3,"[879, 2328, 1363, 2838]",0.6909,100,100,1.0
VAIPE_P_155_27.jpg,0,"[862, 2608, 1337, 3179]",0.8969,89,89,1.0
VAIPE_P_155_27.jpg,1,"[679, 1950, 1125, 2651]",0.8718,43,43,1.0
VAIPE_P_155_27.jpg,2,"[868, 2894, 1456, 3548]",0.8536,43,43,1.0
VAIPE_P_155_27.jpg,3,"[1209, 2282, 1608, 2704]",0.6101,100,100,1.0
VAIPE_P_155_28.jpg,0,"[805, 2084, 1451, 2774]",0.8893,89,89,1.0
VAIPE_P_155_28.jpg,1,"[1536, 1382, 2173, 2210]",0.8612,43,43,1.0
VAIPE_P_155_28.jpg,2,"[471, 2948, 1082, 3853]",0.8476,43,43,1.0
VAIPE_P_155_28.jpg,3,"[559, 2490, 1082, 3007]",0.5878,100,100,1.0
VAIPE_P_155_29.jpg,0,"[754, 1927, 1324, 2480]",0.8924,89,89,1.0
VAIPE_P_155_29.jpg,1,"[1387, 1420, 2086, 2099]",0.8912,43,43,1.0
VAIPE_P_155_29.jpg,2,"[1109, 2541, 1634, 3302]",0.7978,43,43,1.0
VAIPE_P_155_29.jpg,3,"[719, 2361, 1174, 2797]",0.7391,100,100,1.0
VAIPE_P_155_3.jpg,-1,,,,NO_DETECTION,
VAIPE_P_155_30.jpg,-1,,,,NO_DETECTION,
VAIPE_P_155_31.jpg,0,"[1224, 1582, 1867, 2106]",0.4334,43,43,1.0
VAIPE_P_155_31.jpg,1,"[1532, 1911, 1846, 2486]",0.3516,89,89,1.0
VAIPE_P_155_4.jpg,-1,,,,NO_DETECTION,
VAIPE_P_155_5.jpg,-1,,,,NO_DETECTION,
VAIPE_P_155_6.jpg,0,"[1801, 884, 2331, 1596]",0.6814,43,43,1.0
VAIPE_P_155_6.jpg,1,"[2478, 1299, 2979, 1892]",0.3798,89,89,1.0
VAIPE_P_155_7.jpg,0,"[488, 1591, 1248, 2269]",0.8184,89,89,1.0
VAIPE_P_155_7.jpg,1,"[432, 2087, 1388, 2775]",0.7656,43,43,1.0
VAIPE_P_155_7.jpg,2,"[1484, 1728, 2474, 2525]",0.59,43,43,1.0
VAIPE_P_155_7.jpg,3,"[1355, 1125, 1722, 1639]",0.2611,33,33,1.0
VAIPE_P_155_8.jpg,0,"[1370, 601, 2325, 1089]",0.2672,43,43,1.0
VAIPE_P_155_9.jpg,-1,,,,NO_DETECTION,
VAIPE_P_156_0.jpg,0,"[249, 521, 408, 615]",0.8918,99,99,1.0
VAIPE_P_156_0.jpg,1,"[213, 611, 295, 697]",0.8846,40,40,1.0
VAIPE_P_156_0.jpg,2,"[288, 591, 484, 697]",0.8429,26,26,1.0
VAIPE_P_156_1.jpg,0,"[277, 630, 407, 762]",0.9226,26,26,1.0
VAIPE_P_156_1.jpg,1,"[219, 640, 314, 769]",0.8981,99,99,1.0
VAIPE_P_156_1.jpg,2,"[298, 729, 366, 801]",0.8703,40,40,1.0
VAIPE_P_156_10.jpg,0,"[816, 2135, 1130, 2440]",0.8488,7,7,1.0
VAIPE_P_156_10.jpg,1,"[1197, 1547, 1534, 2172]",0.7665,99,99,1.0
VAIPE_P_156_10.jpg,2,"[928, 1463, 1257, 2188]",0.6746,26,26,1.0
VAIPE_P_156_11.jpg,-1,,,,NO_DETECTION,
VAIPE_P_156_12.jpg,0,"[317, 3037, 832, 3775]",0.8511,99,99,1.0
VAIPE_P_156_12.jpg,1,"[104, 2878, 409, 3205]",0.8239,7,7,0.6
VAIPE_P_156_13.jpg,0,"[1223, 1067, 1574, 1559]",0.8609,99,99,1.0
VAIPE_P_156_13.jpg,1,"[1065, 949, 1343, 1163]",0.836,7,7,1.0
VAIPE_P_156_13.jpg,2,"[1550, 1245, 1886, 1704]",0.7765,92,92,0.6
VAIPE_P_156_14.jpg,0,"[1364, 1027, 1620, 1224]",0.8523,7,7,1.0
VAIPE_P_156_14.jpg,1,"[1148, 1194, 1612, 1676]",0.739,99,99,1.0
VAIPE_P_156_15.jpg,0,"[762, 2189, 1362, 2592]",0.8532,99,99,1.0
VAIPE_P_156_15.jpg,1,"[1875, 2575, 2198, 2895]",0.6385,7,7,1.0
VAIPE_P_156_16.jpg,0,"[804, 2529, 1393, 3390]",0.8923,99,99,1.0
VAIPE_P_156_16.jpg,1,"[1165, 2329, 1553, 2657]",0.8539,7,7,0.6
VAIPE_P_156_16.jpg,2,"[1156, 1496, 1856, 2407]",0.2769,26,26,1.0
VAIPE_P_156_17.jpg,0,"[1393, 2225, 1911, 2702]",0.8984,99,99,1.0
VAIPE_P_156_17.jpg,1,"[1427, 1668, 1898, 2245]",0.8135,26,26,1.0
VAIPE_P_156_17.jpg,2,"[450, 2135, 727, 2405]",0.784,7,7,1.0
VAIPE_P_156_2.jpg,0,"[239, 527, 436, 663]",0.9017,26,26,1.0
VAIPE_P_156_2.jpg,1,"[262, 653, 436, 759]",0.8758,99,99,1.0
VAIPE_P_156_2.jpg,2,"[238, 602, 322, 686]",0.8649,40,40,1.0
VAIPE_P_156_3.jpg,0,"[262, 470, 418, 649]",0.8965,26,26,1.0
VAIPE_P_156_3.jpg,1,"[401, 549, 491, 643]",0.8885,40,40,1.0
VAIPE_P_156_3.jpg,2,"[122, 371, 294, 493]",0.8663,99,99,1.0
VAIPE_P_156_4.jpg,0,"[203, 539, 296, 631]",0.8934,40,40,1.0
VAIPE_P_156_4.jpg,1,"[272, 583, 434, 727]",0.8787,99,99,1.0
VAIPE_P_156_4.jpg,2,"[255, 431, 467, 583]",0.4907,26,26,1.0
VAIPE_P_156_5.jpg,0,"[252, 546, 339, 633]",0.8774,40,40,1.0
VAIPE_P_156_5.jpg,1,"[295, 389, 439, 536]",0.817,99,99,1.0
VAIPE_P_156_5.jpg,2,"[335, 546, 512, 703]",0.7355,26,26,1.0
VAIPE_P_156_6.jpg,0,"[548, 2146, 1074, 2613]",0.8824,99,99,1.0
VAIPE_P_156_6.jpg,1,"[594, 1568, 1082, 2144]",0.8403,26,26,1.0
VAIPE_P_156_6.jpg,2,"[1211, 2236, 1476, 2510]",0.8052,7,7,1.0
VAIPE_P_156_7.jpg,-1,,,,NO_DETECTION,
VAIPE_P_156_8.jpg,0,"[1017, 2318, 1327, 2646]",0.8486,7,7,1.0
VAIPE_P_156_8.jpg,1,"[769, 2662, 1153, 3370]",0.8142,99,99,1.0
VAIPE_P_156_8.jpg,2,"[450, 2404, 838, 3267]",0.5359,26,26,1.0
VAIPE_P_156_9.jpg,0,"[727, 2387, 1387, 3190]",0.8929,99,99,1.0
VAIPE_P_156_9.jpg,1,"[533, 2481, 918, 2867]",0.8531,7,7,0.8
VAIPE_P_156_9.jpg,2,"[812, 1986, 1793, 2458]",0.3962,26,26,1.0
VAIPE_P_157_0.jpg,0,"[201, 429, 391, 621]",0.8973,52,52,1.0
VAIPE_P_157_0.jpg,1,"[363, 443, 447, 567]",0.8649,71,71,1.0
VAIPE_P_157_0.jpg,2,"[255, 592, 441, 743]",0.8559,26,26,1.0
VAIPE_P_157_1.jpg,0,"[251, 642, 424, 775]",0.9132,52,52,1.0
VAIPE_P_157_1.jpg,1,"[241, 571, 401, 649]",0.9047,26,26,1.0
VAIPE_P_157_1.jpg,2,"[259, 492, 333, 577]",0.8757,71,71,1.0
VAIPE_P_157_10.jpg,0,"[1132, 2415, 1832, 2972]",0.9109,26,26,1.0
VAIPE_P_157_10.jpg,1,"[600, 2757, 1587, 3269]",0.8785,52,52,1.0
VAIPE_P_157_10.jpg,2,"[1408, 2046, 1786, 2504]",0.8714,103,103,1.0
VAIPE_P_157_11.jpg,0,"[936, 1140, 1346, 1821]",0.8118,52,52,1.0
VAIPE_P_157_11.jpg,1,"[1110, 2242, 1452, 2684]",0.8074,103,103,1.0
VAIPE_P_157_11.jpg,2,"[716, 1627, 1265, 2045]",0.6677,26,26,1.0
VAIPE_P_157_2.jpg,0,"[71, 571, 291, 748]",0.8986,52,52,1.0
VAIPE_P_157_2.jpg,1,"[346, 356, 450, 568]",0.8748,26,26,1.0
VAIPE_P_157_2.jpg,2,"[491, 429, 584, 558]",0.8626,71,71,1.0
VAIPE_P_157_3.jpg,0,"[214, 380, 398, 565]",0.894,52,52,1.0
VAIPE_P_157_3.jpg,1,"[86, 586, 259, 743]",0.8886,26,26,1.0
VAIPE_P_157_3.jpg,2,"[462, 431, 548, 550]",0.8583,71,71,1.0
VAIPE_P_157_4.jpg,0,"[315, 474, 475, 682]",0.9105,26,26,1.0
VAIPE_P_157_4.jpg,1,"[255, 552, 461, 793]",0.8988,52,52,1.0
VAIPE_P_157_4.jpg,2,"[373, 415, 492, 554]",0.8546,71,71,1.0
VAIPE_P_157_5.jpg,0,"[298, 591, 421, 708]",0.8933,71,71,1.0
VAIPE_P_157_5.jpg,1,"[268, 381, 464, 509]",0.8798,26,26,1.0
VAIPE_P_157_5.jpg,2,"[205, 471, 283, 549]",0.8393,63,63,1.0
VAIPE_P_157_6.jpg,0,"[1266, 1802, 1915, 2764]",0.8887,52,52,1.0
VAIPE_P_157_6.jpg,1,"[786, 1880, 1335, 2382]",0.8164,103,103,1.0
VAIPE_P_157_6.jpg,2,"[1705, 1921, 2428, 2572]",0.7605,26,26,1.0
VAIPE_P_157_7.jpg,0,"[1552, 1715, 2348, 2380]",0.8831,52,52,1.0
VAIPE_P_157_7.jpg,1,"[1062, 2704, 1838, 3142]",0.883,26,26,1.0
VAIPE_P_157_7.jpg,2,"[1250, 1800, 1650, 2331]",0.8346,103,103,1.0
VAIPE_P_157_8.jpg,0,"[772, 1396, 1523, 2233]",0.8758,52,52,1.0
VAIPE_P_157_8.jpg,1,"[395, 1493, 890, 2066]",0.704,103,103,1.0
VAIPE_P_157_8.jpg,2,"[1790, 1955, 2201, 2784]",0.4955,26,26,1.0
VAIPE_P_157_9.jpg,0,"[603, 1810, 1020, 2728]",0.8288,52,52,1.0
VAIPE_P_157_9.jpg,1,"[972, 1832, 1453, 2488]",0.7473,26,26,1.0
VAIPE_P_157_9.jpg,2,"[900, 2346, 1354, 2762]",0.4457,103,103,1.0
VAIPE_P_158_0.jpg,0,"[1189, 910, 1971, 1464]",0.8729,89,89,1.0
VAIPE_P_158_0.jpg,1,"[2586, 1129, 3355, 1704]",0.8588,89,89,1.0
VAIPE_P_158_0.jpg,2,"[1717, 839, 2644, 1330]",0.8539,43,43,1.0
VAIPE_P_158_0.jpg,3,"[2589, 1678, 2924, 2030]",0.8356,7,7,1.0
VAIPE_P_158_0.jpg,4,"[1556, 1704, 1941, 2092]",0.8265,7,7,1.0
VAIPE_P_158_0.jpg,5,"[933, 1127, 1931, 1758]",0.7367,43,43,1.0
VAIPE_P_158_0.jpg,6,"[2169, 1301, 2714, 1856]",0.6972,100,100,1.0
VAIPE_P_158_1.jpg,0,"[591, 818, 1577, 1267]",0.3846,79,79,1.0
VAIPE_P_158_1.jpg,1,"[734, 1202, 1624, 1626]",0.3217,89,89,1.0
VAIPE_P_158_10.jpg,0,"[763, 2400, 1251, 2884]",0.9108,43,43,1.0
VAIPE_P_158_10.jpg,1,"[1661, 2257, 2047, 2707]",0.907,89,89,1.0
VAIPE_P_158_10.jpg,2,"[1220, 1830, 1486, 2323]",0.905,89,89,1.0
VAIPE_P_158_10.jpg,3,"[1022, 2653, 1324, 2855]",0.854,33,33,0.6
VAIPE_P_158_10.jpg,4,"[1440, 2416, 1652, 2639]",0.7375,7,7,1.0
VAIPE_P_158_10.jpg,5,"[665, 1866, 1242, 2183]",0.4473,43,43,1.0
VAIPE_P_158_10.jpg,6,"[1999, 2479, 2226, 2708]",0.4466,7,7,1.0
VAIPE_P_158_11.jpg,0,"[747, 3330, 1376, 4032]",0.9109,89,89,1.0
VAIPE_P_158_11.jpg,1,"[1143, 2327, 1590, 3101]",0.8948,89,89,1.0
VAIPE_P_158_11.jpg,2,"[1406, 1944, 1757, 2286]",0.8937,7,7,1.0
VAIPE_P_158_11.jpg,3,"[1896, 1851, 2253, 2180]",0.8814,7,7,1.0
VAIPE_P_158_11.jpg,4,"[1708, 1181, 2483, 1934]",0.878,43,43,1.0
VAIPE_P_158_11.jpg,5,"[770, 2539, 1168, 3471]",0.6799,43,43,1.0
VAIPE_P_158_11.jpg,6,"[1119, 2879, 1385, 3357]",0.4016,33,33,1.0
VAIPE_P_158_12.jpg,0,"[1036, 2667, 1411, 3150]",0.8841,33,33,1.0
VAIPE_P_158_12.jpg,1,"[1645, 1711, 2040, 2479]",0.8793,89,89,1.0
VAIPE_P_158_12.jpg,2,"[1323, 1612, 1676, 1970]",0.8778,7,7,1.0
VAIPE_P_158_12.jpg,3,"[2246, 1094, 2635, 1469]",0.8589,7,7,1.0
VAIPE_P_158_12.jpg,4,"[1919, 1436, 2320, 2360]",0.8367,43,43,1.0
VAIPE_P_158_12.jpg,5,"[2074, 2476, 2627, 3311]",0.8087,89,89,1.0
VAIPE_P_158_12.jpg,6,"[1432, 720, 2150, 1545]",0.2657,43,43,1.0
VAIPE_P_158_13.jpg,0,"[843, 2435, 1238, 3085]",0.8967,89,89,1.0
VAIPE_P_158_13.jpg,1,"[249, 1885, 558, 2271]",0.8925,33,33,0.6
VAIPE_P_158_13.jpg,2,"[232, 2233, 595, 2874]",0.8924,89,89,1.0
VAIPE_P_158_13.jpg,3,"[1191, 2484, 1517, 3241]",0.8886,43,43,1.0
VAIPE_P_158_13.jpg,4,"[1407, 1814, 2223, 2199]",0.8205,43,43,1.0
VAIPE_P_158_14.jpg,0,"[752, 2424, 1346, 3028]",0.9156,89,89,1.0
VAIPE_P_158_14.jpg,1,"[967, 2753, 1387, 3449]",0.9094,89,89,1.0
VAIPE_P_158_14.jpg,2,"[885, 2149, 1193, 2461]",0.8841,7,7,1.0
VAIPE_P_158_14.jpg,3,"[1200, 2059, 1490, 2343]",0.88,7,7,1.0
VAIPE_P_158_14.jpg,4,"[1363, 2839, 1683, 3260]",0.8763,33,33,1.0
VAIPE_P_158_14.jpg,5,"[1409, 1819, 1778, 2649]",0.825,43,43,1.0
VAIPE_P_158_14.jpg,6,"[1080, 1456, 1772, 2095]",0.8129,43,43,1.0
VAIPE_P_158_15.jpg,0,"[1113, 2671, 1693, 3266]",0.9231,89,89,1.0
VAIPE_P_158_15.jpg,1,"[1563, 2166, 2073, 2805]",0.9094,89,89,1.0
VAIPE_P_158_15.jpg,2,"[2003, 2045, 2335, 2446]",0.8765,33,33,1.0
VAIPE_P_158_15.jpg,3,"[893, 1578, 1204, 1886]",0.8744,7,7,1.0
VAIPE_P_158_15.jpg,4,"[1240, 2025, 1539, 2307]",0.8227,7,7,1.0
VAIPE_P_158_15.jpg,5,"[1212, 1378, 1740, 2105]",0.614,43,43,1.0
VAIPE_P_158_15.jpg,6,"[1431, 1715, 1911, 2504]",0.4713,43,43,1.0
VAIPE_P_158_16.jpg,0,"[1386, 2064, 1806, 2729]",0.8999,89,89,1.0
VAIPE_P_158_16.jpg,1,"[787, 1972, 1157, 2634]",0.8973,89,89,1.0
VAIPE_P_158_16.jpg,2,"[840, 1620, 1128, 2019]",0.8913,33,33,1.0
VAIPE_P_158_16.jpg,3,"[1747, 2272, 2113, 3062]",0.8642,43,43,1.0
VAIPE_P_158_16.jpg,4,"[2026, 1601, 2892, 1991]",0.4709,43,43,1.0
VAIPE_P_158_17.jpg,0,"[854, 2922, 1255, 3645]",0.9108,89,89,1.0
VAIPE_P_158_17.jpg,1,"[1314, 1854, 1750, 2516]",0.8971,89,89,1.0
VAIPE_P_158_17.jpg,2,"[933, 2516, 1218, 2929]",0.8721,33,33,1.0
VAIPE_P_158_17.jpg,3,"[1195, 1839, 1475, 2138]",0.8649,7,7,1.0
VAIPE_P_158_17.jpg,4,"[1559, 1562, 1875, 1868]",0.8626,7,7,0.8
VAIPE_P_158_17.jpg,5,"[1035, 2204, 1527, 3011]",0.7904,43,43,1.0
VAIPE_P_158_17.jpg,6,"[787, 1480, 1409, 2224]",0.3859,43,43,1.0
VAIPE_P_158_18.jpg,0,"[1347, 3098, 1970, 3533]",0.9048,43,43,1.0
VAIPE_P_158_18.jpg,1,"[465, 2298, 950, 2754]",0.899,89,89,1.0
VAIPE_P_158_18.jpg,2,"[892, 2112, 1256, 2657]",0.8927,89,89,1.0
VAIPE_P_158_18.jpg,3,"[1588, 2177, 1947, 2400]",0.8741,33,33,1.0
VAIPE_P_158_19.jpg,0,"[953, 1546, 1253, 2048]",0.8985,89,89,1.0
VAIPE_P_158_19.jpg,1,"[470, 1640, 928, 2034]",0.8969,89,89,1.0
VAIPE_P_158_19.jpg,2,"[1034, 2536, 1386, 3127]",0.8829,43,43,1.0
VAIPE_P_158_19.jpg,3,"[1624, 1331, 1914, 1939]",0.8336,43,43,1.0
VAIPE_P_158_19.jpg,4,"[1347, 2478, 1636, 2723]",0.8223,33,33,1.0
VAIPE_P_158_19.jpg,5,"[1716, 2110, 1952, 2339]",0.768,7,7,1.0
VAIPE_P_158_2.jpg,-1,,,,NO_DETECTION,
VAIPE_P_158_20.jpg,0,"[245, 2468, 710, 3077]",0.9154,89,89,1.0
VAIPE_P_158_20.jpg,1,"[886, 2399, 1268, 3040]",0.8985,89,89,1.0
VAIPE_P_158_20.jpg,2,"[1219, 2445, 1550, 3196]",0.8458,43,43,1.0
VAIPE_P_158_20.jpg,3,"[1256, 1637, 1517, 2030]",0.8399,33,33,1.0
VAIPE_P_158_20.jpg,4,"[1452, 1809, 2244, 2174]",0.8248,43,43,1.0
VAIPE_P_158_20.jpg,5,"[1463, 1540, 1742, 1820]",0.5183,7,7,1.0
VAIPE_P_158_21.jpg,0,"[1658, 2565, 2291, 3188]",0.9032,43,43,1.0
VAIPE_P_158_21.jpg,1,"[1063, 2728, 1659, 3168]",0.8972,89,89,1.0
VAIPE_P_158_21.jpg,2,"[597, 1308, 1263, 1660]",0.8938,89,89,1.0
VAIPE_P_158_21.jpg,3,"[1729, 1679, 2529, 2137]",0.8752,43,43,1.0
VAIPE_P_158_21.jpg,4,"[898, 1881, 1316, 2135]",0.8255,33,33,1.0
VAIPE_P_158_22.jpg,0,"[1758, 2212, 2156, 2663]",0.9064,89,89,1.0
VAIPE_P_158_22.jpg,1,"[979, 1694, 1473, 1977]",0.8952,89,89,1.0
VAIPE_P_158_22.jpg,2,"[1354, 2086, 1630, 2667]",0.8913,43,43,1.0
VAIPE_P_158_22.jpg,3,"[760, 2069, 1356, 2380]",0.8735,43,43,1.0
VAIPE_P_158_22.jpg,4,"[1101, 2571, 1403, 2820]",0.8644,33,33,1.0
VAIPE_P_158_22.jpg,5,"[1311, 1904, 1531, 2119]",0.7817,7,7,1.0
VAIPE_P_158_22.jpg,6,"[2107, 2440, 2338, 2672]",0.6078,7,7,1.0
VAIPE_P_158_23.jpg,0,"[1337, 2039, 1845, 2490]",0.9048,43,43,1.0
VAIPE_P_158_23.jpg,1,"[1383, 1583, 1710, 2071]",0.9019,89,89,1.0
VAIPE_P_158_23.jpg,2,"[947, 1768, 1230, 2261]",0.8941,89,89,1.0
VAIPE_P_158_23.jpg,3,"[1174, 2423, 1507, 3005]",0.8914,43,43,1.0
VAIPE_P_158_23.jpg,4,"[1464, 2387, 1688, 2676]",0.8751,33,33,1.0
VAIPE_P_158_23.jpg,5,"[1215, 2243, 1434, 2459]",0.8669,7,7,1.0
VAIPE_P_158_23.jpg,6,"[1973, 2263, 2206, 2500]",0.7555,7,7,1.0
VAIPE_P_158_3.jpg,0,"[975, 2273, 1660, 2948]",0.2872,89,89,1.0
VAIPE_P_158_4.jpg,0,"[672, 2496, 1290, 3043]",0.9172,89,89,1.0
VAIPE_P_158_4.jpg,1,"[1217, 1435, 1908, 2044]",0.8951,43,43,1.0
VAIPE_P_158_4.jpg,2,"[1321, 2844, 1687, 3237]",0.8716,33,33,1.0
VAIPE_P_158_4.jpg,3,"[903, 2898, 1237, 3594]",0.8616,89,89,1.0
VAIPE_P_158_4.jpg,4,"[1046, 2033, 1347, 2344]",0.8545,7,7,1.0
VAIPE_P_158_4.jpg,5,"[874, 2246, 1144, 2546]",0.8157,7,7,1.0
VAIPE_P_158_5.jpg,0,"[1218, 2272, 1791, 2735]",0.914,89,89,1.0
VAIPE_P_158_5.jpg,1,"[1459, 2085, 2077, 2425]",0.9036,89,89,1.0
VAIPE_P_158_5.jpg,2,"[1268, 1646, 1787, 2303]",0.8947,43,43,1.0
VAIPE_P_158_5.jpg,3,"[896, 1628, 1300, 2341]",0.8862,43,43,1.0
VAIPE_P_158_5.jpg,4,"[1308, 1544, 1579, 1821]",0.8727,7,7,1.0
VAIPE_P_158_5.jpg,5,"[1831, 1730, 2077, 2122]",0.8708,33,33,1.0
VAIPE_P_158_5.jpg,6,"[696, 1415, 987, 1708]",0.8707,7,7,1.0
VAIPE_P_158_6.jpg,0,"[1980, 1169, 2541, 1701]",0.9019,89,89,1.0
VAIPE_P_158_6.jpg,1,"[1927, 2109, 2568, 2556]",0.8897,89,89,1.0
VAIPE_P_158_6.jpg,2,"[1350, 973, 1910, 1577]",0.8834,43,43,1.0
VAIPE_P_158_6.jpg,3,"[1774, 1548, 2053, 1796]",0.8811,7,7,1.0
VAIPE_P_158_6.jpg,4,"[1116, 1602, 1405, 1887]",0.8659,7,7,1.0
VAIPE_P_158_6.jpg,5,"[1089, 2414, 1410, 2752]",0.8653,33,33,0.8
VAIPE_P_158_6.jpg,6,"[1639, 1694, 2336, 2193]",0.6447,43,43,1.0
VAIPE_P_158_7.jpg,0,"[927, 1723, 1333, 2328]",0.9145,89,89,1.0
VAIPE_P_158_7.jpg,1,"[1134, 2890, 1491, 3562]",0.8983,89,89,1.0
VAIPE_P_158_7.jpg,2,"[1128, 2538, 1354, 2939]",0.8891,33,33,0.8
VAIPE_P_158_7.jpg,3,"[1271, 1687, 1562, 1979]",0.8682,7,7,1.0
VAIPE_P_158_7.jpg,4,"[1911, 1641, 2231, 1936]",0.8647,7,7,0.8
VAIPE_P_158_7.jpg,5,"[1599, 944, 2178, 1606]",0.8031,43,43,1.0
VAIPE_P_158_7.jpg,6,"[825, 2322, 1231, 3075]",0.3281,43,43,1.0
VAIPE_P_158_8.jpg,0,"[1000, 2739, 1534, 3457]",0.9234,89,89,1.0
VAIPE_P_158_8.jpg,1,"[1397, 2849, 1750, 3279]",0.9079,33,33,1.0
VAIPE_P_158_8.jpg,2,"[1534, 2276, 1923, 3047]",0.8849,89,89,1.0
VAIPE_P_158_8.jpg,3,"[955, 2095, 1275, 2424]",0.8844,7,7,1.0
VAIPE_P_158_8.jpg,4,"[1346, 2030, 1668, 2362]",0.8462,7,7,1.0
VAIPE_P_158_8.jpg,5,"[2046, 1529, 2469, 2381]",0.8043,43,43,1.0
VAIPE_P_158_8.jpg,6,"[1703, 1399, 2132, 2284]",0.2923,43,43,1.0
VAIPE_P_158_9.jpg,0,"[1043, 1798, 1499, 2219]",0.9096,89,89,1.0
VAIPE_P_158_9.jpg,1,"[881, 2411, 1250, 2931]",0.8991,89,89,1.0
VAIPE_P_158_9.jpg,2,"[954, 2894, 1583, 3194]",0.8889,43,43,1.0
VAIPE_P_158_9.jpg,3,"[1684, 2310, 2004, 2550]",0.8769,33,33,1.0
VAIPE_P_158_9.jpg,4,"[1399, 1812, 1694, 2420]",0.7917,43,43,1.0
VAIPE_P_158_9.jpg,5,"[1898, 1316, 2144, 1563]",0.2678,7,7,1.0
VAIPE_P_159_0.jpg,0,"[332, 440, 403, 593]",0.883,26,26,1.0
VAIPE_P_159_0.jpg,1,"[228, 470, 301, 594]",0.8716,91,91,1.0
VAIPE_P_159_0.jpg,2,"[261, 589, 328, 658]",0.8428,84,84,1.0
VAIPE_P_159_0.jpg,3,"[219, 423, 269, 497]",0.7401,29,29,1.0
VAIPE_P_159_1.jpg,0,"[277, 472, 399, 538]",0.8959,91,91,1.0
VAIPE_P_159_1.jpg,1,"[301, 534, 375, 690]",0.8833,26,26,1.0
VAIPE_P_159_1.jpg,2,"[393, 486, 471, 532]",0.8753,29,29,1.0
VAIPE_P_159_1.jpg,3,"[218, 473, 282, 537]",0.8715,84,84,1.0
VAIPE_P_159_10.jpg,0,"[312, 515, 473, 613]",0.9156,26,26,1.0
VAIPE_P_159_10.jpg,1,"[257, 550, 388, 640]",0.9018,91,91,1.0
VAIPE_P_159_10.jpg,2,"[345, 625, 416, 699]",0.8819,84,84,1.0
VAIPE_P_159_10.jpg,3,"[233, 595, 309, 669]",0.8787,29,29,1.0
VAIPE_P_159_11.jpg,0,"[288, 514, 325, 592]",0.8581,29,29,1.0
VAIPE_P_159_11.jpg,1,"[222, 523, 287, 591]",0.8512,84,84,1.0
VAIPE_P_159_11.jpg,2,"[316, 490, 375, 617]",0.8158,91,91,1.0
VAIPE_P_159_11.jpg,3,"[368, 476, 438, 640]",0.7788,26,26,1.0
VAIPE_P_159_12.jpg,0,"[246, 503, 325, 673]",0.8895,26,26,1.0
VAIPE_P_159_12.jpg,1,"[145, 518, 233, 662]",0.8542,91,91,1.0
VAIPE_P_159_12.jpg,2,"[429, 563, 483, 657]",0.8448,29,29,1.0
VAIPE_P_159_12.jpg,3,"[343, 559, 417, 632]",0.8425,84,84,1.0
VAIPE_P_159_13.jpg,0,"[207, 560, 334, 668]",0.867,91,91,1.0
VAIPE_P_159_13.jpg,1,"[197, 614, 282, 680]",0.8451,29,29,1.0
VAIPE_P_159_13.jpg,2,"[399, 467, 487, 645]",0.8389,26,26,1.0
VAIPE_P_159_13.jpg,3,"[244, 430, 315, 498]",0.8352,84,84,1.0
VAIPE_P_159_14.jpg,0,"[257, 590, 384, 704]",0.8683,91,91,1.0
VAIPE_P_159_14.jpg,1,"[365, 494, 438, 565]",0.8538,84,84,1.0
VAIPE_P_159_14.jpg,2,"[307, 512, 368, 597]",0.8523,29,29,1.0
VAIPE_P_159_14.jpg,3,"[372, 536, 471, 702]",0.8053,26,26,1.0
VAIPE_P_159_15.jpg,0,"[324, 528, 417, 652]",0.8959,91,91,1.0
VAIPE_P_159_15.jpg,1,"[264, 585, 375, 740]",0.8873,26,26,1.0
VAIPE_P_159_15.jpg,2,"[364, 488, 428, 553]",0.8685,84,84,1.0
VAIPE_P_159_15.jpg,3,"[334, 622, 395, 699]",0.8103,29,29,1.0
VAIPE_P_159_16.jpg,0,"[216, 441, 294, 520]",0.8879,84,84,1.0
VAIPE_P_159_16.jpg,1,"[300, 432, 445, 513]",0.8798,91,91,1.0
VAIPE_P_159_16.jpg,2,"[453, 417, 636, 511]",0.8629,26,26,1.0
VAIPE_P_159_16.jpg,3,"[97, 458, 198, 510]",0.8613,29,29,1.0
VAIPE_P_159_17.jpg,0,"[1632, 2776, 1951, 3198]",0.6903,29,29,1.0
VAIPE_P_159_17.jpg,1,"[783, 1919, 1038, 2176]",0.6218,7,7,0.6
VAIPE_P_159_17.jpg,2,"[950, 1333, 1341, 1777]",0.4945,91,91,1.0
VAIPE_P_159_17.jpg,3,"[815, 1536, 1242, 2014]",0.4526,92,92,1.0
VAIPE_P_159_18.jpg,0,"[1138, 2753, 1377, 3002]",0.8349,70,70,1.0
VAIPE_P_159_18.jpg,1,"[1299, 2635, 1621, 2819]",0.7713,29,29,1.0
VAIPE_P_159_18.jpg,2,"[1093, 1615, 1389, 2120]",0.7459,92,92,1.0
VAIPE_P_159_18.jpg,3,"[1384, 1861, 1654, 2327]",0.6501,91,91,1.0
VAIPE_P_159_19.jpg,0,"[999, 1385, 1346, 2029]",0.8761,92,92,1.0
VAIPE_P_159_19.jpg,1,"[1064, 2089, 1357, 2378]",0.8012,7,7,0.6
VAIPE_P_159_19.jpg,2,"[1464, 2806, 1832, 3118]",0.7922,29,29,1.0
VAIPE_P_159_19.jpg,3,"[1316, 1859, 1623, 2435]",0.7168,91,91,1.0
VAIPE_P_159_2.jpg,0,"[184, 397, 345, 519]",0.8939,26,26,1.0
VAIPE_P_159_2.jpg,1,"[358, 450, 464, 605]",0.8617,91,91,1.0
VAIPE_P_159_2.jpg,2,"[306, 635, 387, 718]",0.8552,84,84,1.0
VAIPE_P_159_2.jpg,3,"[259, 543, 353, 614]",0.8427,29,29,1.0
VAIPE_P_159_20.jpg,0,"[1529, 1815, 1931, 2306]",0.8658,91,91,1.0
VAIPE_P_159_20.jpg,1,"[1186, 1733, 1567, 2238]",0.8593,92,92,1.0
VAIPE_P_159_20.jpg,2,"[1496, 2176, 1741, 2436]",0.7992,70,70,0.6
VAIPE_P_159_20.jpg,3,"[2081, 2459, 2493, 2715]",0.7939,29,29,1.0
VAIPE_P_159_21.jpg,0,"[1332, 2152, 1532, 2479]",0.856,29,29,1.0
VAIPE_P_159_21.jpg,1,"[1166, 2381, 1429, 2641]",0.8559,7,7,0.4
VAIPE_P_159_21.jpg,2,"[917, 1817, 1510, 2229]",0.8539,92,92,1.0
VAIPE_P_159_21.jpg,3,"[1321, 1403, 1797, 1798]",0.7942,91,91,1.0
VAIPE_P_159_22.jpg,0,"[1683, 2376, 1969, 2928]",0.885,91,91,1.0
VAIPE_P_159_22.jpg,1,"[1409, 2369, 1724, 2979]",0.8825,92,92,1.0
VAIPE_P_159_22.jpg,2,"[1869, 2301, 2180, 2558]",0.8715,29,29,1.0
VAIPE_P_159_22.jpg,3,"[1912, 2487, 2130, 2730]",0.851,45,45,1.0
VAIPE_P_159_23.jpg,0,"[1108, 2418, 1678, 3290]",0.9037,92,92,1.0
VAIPE_P_159_23.jpg,1,"[1236, 2101, 1966, 2547]",0.8622,91,91,1.0
VAIPE_P_159_23.jpg,2,"[1615, 2457, 1971, 2919]",0.8222,29,29,1.0
VAIPE_P_159_23.jpg,3,"[1618, 2058, 1948, 2285]",0.4106,45,45,1.0
VAIPE_P_159_24.jpg,0,"[352, 3665, 751, 4030]",0.8737,70,70,0.6
VAIPE_P_159_24.jpg,1,"[1, 2852, 372, 3829]",0.8509,29,29,1.0
VAIPE_P_159_24.jpg,2,"[204, 3211, 684, 3512]",0.45,29,29,1.0
VAIPE_P_159_24.jpg,3,"[311, 3939, 991, 4032]",0.2981,64,64,0.4
VAIPE_P_159_25.jpg,0,"[1291, 2658, 1805, 2959]",0.8693,91,91,1.0
VAIPE_P_159_25.jpg,1,"[1154, 2078, 1462, 2569]",0.8681,29,29,1.0
VAIPE_P_159_25.jpg,2,"[1428, 2545, 1645, 2738]",0.8075,45,45,0.6
VAIPE_P_159_25.jpg,3,"[1374, 2296, 1630, 2468]",0.5919,29,29,1.0
VAIPE_P_159_26.jpg,0,"[1026, 2460, 1296, 2690]",0.8673,46,46,0.6
VAIPE_P_159_26.jpg,1,"[863, 2589, 1447, 2999]",0.8673,91,91,1.0
VAIPE_P_159_26.jpg,2,"[1010, 2317, 1378, 2506]",0.8407,29,29,1.0
VAIPE_P_159_26.jpg,3,"[845, 1991, 1408, 2361]",0.3284,92,92,1.0
VAIPE_P_159_27.jpg,0,"[702, 2605, 1028, 2941]",0.8739,70,70,1.0
VAIPE_P_159_27.jpg,1,"[955, 2452, 1417, 2727]",0.826,29,29,1.0
VAIPE_P_159_27.jpg,2,"[797, 1208, 1173, 1814]",0.74,92,92,1.0
VAIPE_P_159_27.jpg,3,"[1171, 1498, 1512, 2070]",0.4277,91,91,1.0
VAIPE_P_159_28.jpg,0,"[812, 2587, 1310, 3065]",0.8416,91,91,1.0
VAIPE_P_159_28.jpg,1,"[831, 2345, 1168, 2551]",0.8397,29,29,1.0
VAIPE_P_159_28.jpg,2,"[898, 2492, 1146, 2748]",0.8109,7,7,0.6
VAIPE_P_159_28.jpg,3,"[608, 2079, 1108, 2403]",0.7667,92,92,1.0
VAIPE_P_159_29.jpg,0,"[1208, 1561, 1733, 2458]",0.8726,92,92,1.0
VAIPE_P_159_29.jpg,1,"[1679, 2730, 2075, 3322]",0.8611,29,29,1.0
VAIPE_P_159_29.jpg,2,"[1680, 1832, 2117, 2669]",0.8488,91,91,1.0
VAIPE_P_159_29.jpg,3,"[1010, 2358, 1408, 2760]",0.8412,45,45,1.0
VAIPE_P_159_3.jpg,0,"[286, 611, 451, 683]",0.8946,26,26,1.0
VAIPE_P_159_3.jpg,1,"[295, 552, 432, 625]",0.8714,91,91,1.0
VAIPE_P_159_3.jpg,2,"[334, 470, 404, 537]",0.8446,84,84,1.0
VAIPE_P_159_3.jpg,3,"[327, 529, 411, 570]",0.7875,29,29,1.0
VAIPE_P_159_30.jpg,0,"[1306, 1230, 1883, 1677]",0.892,92,92,1.0
VAIPE_P_159_30.jpg,1,"[1134, 1816, 1673, 2322]",0.8719,91,91,1.0
VAIPE_P_159_30.jpg,2,"[1739, 1838, 2034, 2129]",0.8196,46,46,0.6
VAIPE_P_159_30.jpg,3,"[1262, 1707, 1615, 2004]",0.4784,29,29,1.0
VAIPE_P_159_31.jpg,0,"[818, 2468, 1053, 2701]",0.8106,70,70,0.6
VAIPE_P_159_31.jpg,1,"[975, 2228, 1182, 2553]",0.7707,29,29,1.0
VAIPE_P_159_31.jpg,2,"[584, 1955, 1146, 2298]",0.3587,92,92,1.0
VAIPE_P_159_32.jpg,0,"[1623, 1632, 1984, 2246]",0.8771,92,92,1.0
VAIPE_P_159_32.jpg,1,"[1437, 2169, 1725, 2467]",0.8157,45,45,1.0
VAIPE_P_159_32.jpg,2,"[1787, 2541, 2060, 2923]",0.8086,29,29,1.0
VAIPE_P_159_32.jpg,3,"[1830, 1908, 2159, 2490]",0.7382,91,91,1.0
VAIPE_P_159_33.jpg,0,"[1784, 2248, 2160, 2680]",0.8712,91,91,1.0
VAIPE_P_159_33.jpg,1,"[948, 2678, 1256, 2886]",0.8691,29,29,1.0
VAIPE_P_159_33.jpg,2,"[1347, 2591, 1897, 2889]",0.8503,92,92,1.0
VAIPE_P_159_33.jpg,3,"[784, 2824, 1014, 3064]",0.8467,7,7,0.4
VAIPE_P_159_33.jpg,4,"[2163, 0, 3023, 232]",0.2897,29,29,0.8
VAIPE_P_159_34.jpg,0,"[755, 1585, 1288, 2302]",0.8888,92,92,1.0
VAIPE_P_159_34.jpg,1,"[1560, 1432, 1937, 1735]",0.8834,29,29,1.0
VAIPE_P_159_34.jpg,2,"[1188, 1567, 1576, 2204]",0.8734,91,91,1.0
VAIPE_P_159_34.jpg,3,"[1539, 1670, 1824, 1955]",0.862,59,59,1.0
VAIPE_P_159_4.jpg,0,"[335, 575, 490, 706]",0.8986,26,26,1.0
VAIPE_P_159_4.jpg,1,"[251, 587, 380, 706]",0.8725,91,91,1.0
VAIPE_P_159_4.jpg,2,"[277, 457, 355, 536]",0.8425,84,84,1.0
VAIPE_P_159_4.jpg,3,"[154, 605, 249, 669]",0.7785,29,29,1.0
VAIPE_P_159_5.jpg,0,"[261, 519, 414, 647]",0.9161,26,26,1.0
VAIPE_P_159_5.jpg,1,"[391, 550, 498, 697]",0.8999,91,91,1.0
VAIPE_P_159_5.jpg,2,"[297, 649, 386, 710]",0.859,29,29,1.0
VAIPE_P_159_5.jpg,3,"[333, 601, 403, 671]",0.84,84,84,1.0
VAIPE_P_159_6.jpg,0,"[300, 582, 368, 731]",0.8922,26,26,1.0
VAIPE_P_159_6.jpg,1,"[334, 476, 412, 582]",0.8906,91,91,1.0
VAIPE_P_159_6.jpg,2,"[396, 505, 435, 575]",0.849,29,29,1.0
VAIPE_P_159_6.jpg,3,"[341, 579, 394, 631]",0.7743,84,84,1.0
VAIPE_P_159_7.jpg,0,"[221, 491, 353, 616]",0.9023,26,26,1.0
VAIPE_P_159_7.jpg,1,"[294, 426, 360, 489]",0.8476,84,84,1.0
VAIPE_P_159_7.jpg,2,"[269, 574, 398, 660]",0.842,91,91,1.0
VAIPE_P_159_7.jpg,3,"[393, 580, 474, 634]",0.84,29,29,1.0
VAIPE_P_159_8.jpg,0,"[218, 409, 299, 567]",0.876,26,26,1.0
VAIPE_P_159_8.jpg,1,"[357, 447, 489, 544]",0.8699,91,91,1.0
VAIPE_P_159_8.jpg,2,"[275, 418, 343, 485]",0.8423,84,84,1.0
VAIPE_P_159_8.jpg,3,"[286, 511, 371, 551]",0.7433,29,29,1.0
VAIPE_P_159_9.jpg,0,"[104, 525, 263, 614]",0.8816,91,91,1.0
VAIPE_P_159_9.jpg,1,"[208, 729, 394, 819]",0.8627,26,26,1.0
VAIPE_P_159_9.jpg,2,"[362, 527, 457, 585]",0.8417,29,29,1.0
VAIPE_P_159_9.jpg,3,"[287, 619, 360, 702]",0.8231,84,84,1.0
VAIPE_P_15_0.jpg,0,"[951, 1828, 1537, 2388]",0.867,54,54,1.0
VAIPE_P_15_1.jpg,0,"[1148, 2108, 1701, 2637]",0.893,54,54,1.0
VAIPE_P_15_1.jpg,1,"[1086, 1834, 1481, 2235]",0.8772,37,37,1.0
VAIPE_P_15_10.jpg,0,"[974, 1777, 1413, 2196]",0.8959,54,54,1.0
VAIPE_P_15_10.jpg,1,"[1151, 1474, 1382, 1835]",0.8162,37,37,1.0
VAIPE_P_15_11.jpg,0,"[1293, 2088, 1757, 2542]",0.8992,54,54,1.0
VAIPE_P_15_11.jpg,1,"[1434, 1900, 1825, 2185]",0.8788,37,37,1.0
VAIPE_P_15_12.jpg,0,"[911, 1921, 1388, 2401]",0.9005,54,54,1.0
VAIPE_P_15_12.jpg,1,"[1348, 1941, 1613, 2336]",0.8544,37,37,1.0
VAIPE_P_15_13.jpg,0,"[967, 2063, 1563, 2641]",0.8733,54,54,1.0
VAIPE_P_15_14.jpg,0,"[947, 1601, 1434, 2077]",0.883,54,54,1.0
VAIPE_P_15_14.jpg,1,"[1670, 1821, 1909, 2247]",0.8456,37,37,1.0
VAIPE_P_15_15.jpg,0,"[1163, 1880, 1657, 2354]",0.8943,54,54,1.0
VAIPE_P_15_16.jpg,0,"[1280, 1886, 1699, 2309]",0.8985,54,54,1.0
VAIPE_P_15_16.jpg,1,"[945, 1821, 1328, 2068]",0.8515,37,37,1.0
VAIPE_P_15_17.jpg,0,"[1110, 1869, 1673, 2391]",0.8292,54,54,0.6
VAIPE_P_15_18.jpg,0,"[1087, 2157, 1509, 2572]",0.8936,54,54,1.0
VAIPE_P_15_18.jpg,1,"[1427, 2343, 1715, 2698]",0.8722,37,37,1.0
VAIPE_P_15_19.jpg,0,"[1236, 2217, 1807, 2795]",0.8866,54,54,1.0
VAIPE_P_15_2.jpg,0,"[869, 2107, 1360, 2606]",0.9004,54,54,1.0
VAIPE_P_15_2.jpg,1,"[1352, 2116, 1629, 2552]",0.8552,37,37,1.0
VAIPE_P_15_20.jpg,0,"[1772, 844, 2486, 1848]",0.8623,68,68,1.0
VAIPE_P_15_20.jpg,1,"[1802, 2125, 2520, 2877]",0.8127,51,51,0.8
VAIPE_P_15_20.jpg,2,"[2585, 673, 3144, 1403]",0.8095,92,92,1.0
VAIPE_P_15_20.jpg,3,"[1356, 79, 1964, 980]",0.7953,105,105,1.0
VAIPE_P_15_21.jpg,0,"[1030, 276, 2272, 810]",0.8368,18,18,1.0
VAIPE_P_15_21.jpg,1,"[2745, 1176, 3156, 1569]",0.8352,38,38,0.4
VAIPE_P_15_21.jpg,2,"[2849, 510, 3270, 898]",0.8332,57,57,1.0
VAIPE_P_15_21.jpg,3,"[2154, 2227, 2691, 2774]",0.7915,73,73,1.0
VAIPE_P_15_21.jpg,4,"[1358, 1200, 2244, 1887]",0.7734,48,48,0.6
VAIPE_P_15_3.jpg,0,"[841, 2006, 1425, 2573]",0.8907,54,54,1.0
VAIPE_P_15_3.jpg,1,"[1268, 2197, 1659, 2681]",0.8598,37,37,1.0
VAIPE_P_15_4.jpg,0,"[1244, 1668, 1747, 2144]",0.9046,54,54,1.0
VAIPE_P_15_4.jpg,1,"[1219, 1428, 1644, 1726]",0.8655,37,37,1.0
VAIPE_P_15_5.jpg,0,"[1089, 2321, 1644, 2868]",0.8796,54,54,1.0
VAIPE_P_15_6.jpg,0,"[1237, 1975, 1675, 2416]",0.8847,54,54,1.0
VAIPE_P_15_7.jpg,0,"[1196, 1656, 1709, 2160]",0.8914,54,54,1.0
VAIPE_P_15_8.jpg,0,"[1034, 2163, 1590, 2700]",0.897,54,54,1.0
VAIPE_P_15_9.jpg,0,"[1010, 2201, 1558, 2751]",0.894,54,54,1.0
VAIPE_P_160_0.jpg,0,"[1376, 1595, 1685, 1908]",0.8658,7,7,1.0
VAIPE_P_160_0.jpg,1,"[1077, 1532, 1382, 1847]",0.8621,7,7,1.0
VAIPE_P_160_1.jpg,0,"[1422, 1949, 1725, 2245]",0.8759,7,7,1.0
VAIPE_P_160_1.jpg,1,"[1589, 1708, 1896, 2012]",0.8686,7,7,1.0
VAIPE_P_160_10.jpg,0,"[1351, 2374, 1708, 2775]",0.8516,64,64,1.0
VAIPE_P_160_10.jpg,1,"[1021, 2347, 1380, 2758]",0.8159,64,64,1.0
VAIPE_P_160_11.jpg,0,"[924, 2580, 1320, 2972]",0.5454,64,64,1.0
VAIPE_P_160_11.jpg,1,"[854, 2502, 1371, 3053]",0.3846,64,64,1.0
VAIPE_P_160_11.jpg,2,"[768, 1891, 1151, 2324]",0.2942,64,64,1.0
VAIPE_P_160_12.jpg,0,"[1042, 2275, 1472, 2688]",0.7778,64,64,1.0
VAIPE_P_160_12.jpg,1,"[497, 1669, 947, 2062]",0.5729,64,64,1.0
VAIPE_P_160_12.jpg,2,"[433, 1603, 971, 2111]",0.3792,64,64,1.0
VAIPE_P_160_13.jpg,0,"[1132, 2212, 1500, 2583]",0.6523,64,64,1.0
VAIPE_P_160_13.jpg,1,"[870, 2120, 1187, 2498]",0.5086,64,64,1.0
VAIPE_P_160_14.jpg,0,"[1232, 1934, 1595, 2320]",0.2929,64,64,1.0
VAIPE_P_160_15.jpg,0,"[717, 1995, 1234, 2508]",0.5311,64,64,1.0
VAIPE_P_160_15.jpg,1,"[765, 2051, 1195, 2449]",0.4977,64,64,1.0
VAIPE_P_160_15.jpg,2,"[1088, 1286, 1492, 1662]",0.4814,64,64,1.0
VAIPE_P_160_15.jpg,3,"[1040, 1213, 1531, 1712]",0.358,64,64,1.0
VAIPE_P_160_16.jpg,0,"[1203, 2983, 1631, 3427]",0.715,64,64,1.0
VAIPE_P_160_16.jpg,1,"[1252, 1971, 1709, 2414]",0.5526,64,64,1.0
VAIPE_P_160_16.jpg,2,"[1183, 1907, 1738, 2445]",0.386,64,64,1.0
VAIPE_P_160_16.jpg,3,"[1117, 2914, 1676, 3487]",0.3467,64,64,1.0
VAIPE_P_160_17.jpg,0,"[1576, 2536, 1937, 2936]",0.7137,64,64,1.0
VAIPE_P_160_17.jpg,1,"[1063, 1728, 1571, 2247]",0.4529,64,64,1.0
VAIPE_P_160_17.jpg,2,"[1119, 1763, 1536, 2197]",0.4357,64,64,1.0
VAIPE_P_160_17.jpg,3,"[1519, 2490, 1989, 2971]",0.2747,64,64,1.0
VAIPE_P_160_18.jpg,-1,,,,NO_DETECTION,
VAIPE_P_160_2.jpg,0,"[1133, 1586, 1475, 1912]",0.8693,7,7,1.0
VAIPE_P_160_2.jpg,1,"[1322, 1830, 1643, 2148]",0.8586,7,7,1.0
VAIPE_P_160_3.jpg,0,"[1000, 2184, 1366, 2556]",0.8336,7,7,1.0
VAIPE_P_160_3.jpg,1,"[1360, 1494, 1707, 1848]",0.8273,7,7,1.0
VAIPE_P_160_4.jpg,0,"[943, 2816, 1288, 3171]",0.7411,64,64,1.0
VAIPE_P_160_4.jpg,1,"[876, 2263, 1146, 2562]",0.6817,64,64,1.0
VAIPE_P_160_5.jpg,0,"[618, 2286, 927, 2592]",0.62,64,64,1.0
VAIPE_P_160_5.jpg,1,"[1197, 2209, 1522, 2511]",0.5409,64,64,1.0
VAIPE_P_160_5.jpg,2,"[1155, 2134, 1576, 2556]",0.2509,64,64,1.0
VAIPE_P_160_6.jpg,0,"[478, 2010, 799, 2352]",0.3817,64,64,1.0
VAIPE_P_160_6.jpg,1,"[1015, 1730, 1367, 2087]",0.3667,64,64,1.0
VAIPE_P_160_6.jpg,2,"[962, 1669, 1407, 2129]",0.2787,64,64,1.0
VAIPE_P_160_7.jpg,-1,,,,NO_DETECTION,
VAIPE_P_160_8.jpg,0,"[1210, 1479, 1619, 1849]",0.5194,64,64,1.0
VAIPE_P_160_8.jpg,1,"[565, 1684, 960, 2056]",0.5173,64,64,1.0
VAIPE_P_160_8.jpg,2,"[1157, 1407, 1681, 1931]",0.4146,64,64,1.0
VAIPE_P_160_8.jpg,3,"[487, 1610, 1023, 2129]",0.3216,64,64,1.0
VAIPE_P_160_9.jpg,0,"[1193, 1801, 1618, 2258]",0.8317,64,64,1.0
VAIPE_P_160_9.jpg,1,"[741, 2883, 1195, 3369]",0.7579,64,64,1.0
VAIPE_P_161_0.jpg,0,"[264, 460, 380, 617]",0.9006,91,91,1.0
VAIPE_P_161_0.jpg,1,"[179, 450, 302, 654]",0.8991,26,26,1.0
VAIPE_P_161_0.jpg,2,"[297, 592, 472, 771]",0.8849,105,105,1.0
VAIPE_P_161_0.jpg,3,"[581, 574, 718, 666]",0.7237,90,90,1.0
VAIPE_P_161_1.jpg,0,"[239, 501, 380, 729]",0.9082,26,26,1.0
VAIPE_P_161_1.jpg,1,"[387, 512, 526, 751]",0.8966,105,105,1.0
VAIPE_P_161_1.jpg,2,"[338, 433, 439, 624]",0.8861,91,91,1.0
VAIPE_P_161_10.jpg,0,"[302, 444, 406, 635]",0.8872,26,26,1.0
VAIPE_P_161_10.jpg,1,"[281, 608, 442, 721]",0.879,91,91,1.0
VAIPE_P_161_10.jpg,2,"[212, 512, 328, 699]",0.8755,105,105,1.0
VAIPE_P_161_11.jpg,0,"[240, 492, 405, 581]",0.8963,91,91,1.0
VAIPE_P_161_11.jpg,1,"[127, 548, 333, 646]",0.8785,26,26,1.0
VAIPE_P_161_11.jpg,2,"[375, 534, 579, 636]",0.8651,105,105,1.0
VAIPE_P_161_12.jpg,0,"[339, 419, 545, 634]",0.9015,105,105,1.0
VAIPE_P_161_12.jpg,1,"[355, 601, 590, 779]",0.8992,26,26,1.0
VAIPE_P_161_12.jpg,2,"[201, 508, 402, 607]",0.8686,91,91,1.0
VAIPE_P_161_13.jpg,0,"[262, 465, 398, 620]",0.894,26,26,1.0
VAIPE_P_161_13.jpg,1,"[368, 524, 528, 678]",0.8916,105,105,1.0
VAIPE_P_161_13.jpg,2,"[252, 550, 378, 688]",0.8889,91,91,1.0
VAIPE_P_161_14.jpg,0,"[305, 465, 431, 613]",0.8828,91,91,1.0
VAIPE_P_161_14.jpg,1,"[256, 385, 444, 485]",0.8802,105,105,1.0
VAIPE_P_161_14.jpg,2,"[253, 613, 447, 705]",0.8775,26,26,1.0
VAIPE_P_161_15.jpg,0,"[269, 394, 421, 532]",0.8989,91,91,1.0
VAIPE_P_161_15.jpg,1,"[79, 575, 283, 673]",0.8746,26,26,1.0
VAIPE_P_161_15.jpg,2,"[287, 529, 490, 621]",0.8536,105,105,1.0
VAIPE_P_161_16.jpg,0,"[259, 362, 530, 480]",0.8617,105,105,1.0
VAIPE_P_161_16.jpg,1,"[255, 553, 461, 678]",0.7101,91,91,1.0
VAIPE_P_161_17.jpg,0,"[182, 582, 382, 754]",0.8917,105,105,1.0
VAIPE_P_161_17.jpg,1,"[364, 470, 481, 702]",0.8872,26,26,1.0
VAIPE_P_161_17.jpg,2,"[229, 495, 402, 596]",0.8817,91,91,1.0
VAIPE_P_161_18.jpg,0,"[215, 517, 395, 656]",0.9071,26,26,1.0
VAIPE_P_161_18.jpg,1,"[344, 466, 466, 658]",0.9012,105,105,1.0
VAIPE_P_161_18.jpg,2,"[200, 431, 360, 533]",0.891,91,91,1.0
VAIPE_P_161_19.jpg,0,"[196, 614, 337, 777]",0.9003,91,91,1.0
VAIPE_P_161_19.jpg,1,"[228, 470, 383, 643]",0.8944,26,26,1.0
VAIPE_P_161_19.jpg,2,"[328, 472, 496, 642]",0.8887,105,105,1.0
VAIPE_P_161_2.jpg,0,"[347, 508, 485, 652]",0.6471,26,26,1.0
VAIPE_P_161_2.jpg,1,"[240, 510, 409, 619]",0.6466,105,105,1.0
VAIPE_P_161_2.jpg,2,"[123, 617, 249, 735]",0.2794,91,91,1.0
VAIPE_P_161_20.jpg,0,"[2121, 2000, 2737, 2777]",0.8114,92,92,1.0
VAIPE_P_161_20.jpg,1,"[777, 1782, 1163, 2570]",0.6929,26,26,1.0
VAIPE_P_161_20.jpg,2,"[1316, 1849, 2036, 2399]",0.5642,105,105,1.0
VAIPE_P_161_21.jpg,0,"[1200, 2714, 1518, 3271]",0.8094,92,92,1.0
VAIPE_P_161_21.jpg,1,"[1227, 2293, 1763, 2608]",0.7497,26,26,1.0
VAIPE_P_161_21.jpg,2,"[1077, 2389, 1594, 2805]",0.6109,105,105,1.0
VAIPE_P_161_22.jpg,0,"[1442, 2271, 1949, 3148]",0.791,92,92,1.0
VAIPE_P_161_23.jpg,0,"[2619, 1045, 3149, 1664]",0.7354,92,92,1.0
VAIPE_P_161_23.jpg,1,"[1677, 1332, 2548, 1768]",0.5304,105,105,1.0
VAIPE_P_161_24.jpg,0,"[578, 1767, 1274, 2380]",0.8989,26,26,1.0
VAIPE_P_161_24.jpg,1,"[1092, 2480, 1875, 2995]",0.8793,105,105,1.0
VAIPE_P_161_24.jpg,2,"[1770, 1423, 2274, 2087]",0.874,92,92,1.0
VAIPE_P_161_25.jpg,0,"[921, 2982, 1389, 3716]",0.8706,29,29,1.0
VAIPE_P_161_25.jpg,1,"[724, 2254, 1078, 2893]",0.8074,26,26,1.0
VAIPE_P_161_25.jpg,2,"[912, 2717, 1629, 3138]",0.6779,105,105,1.0
VAIPE_P_161_26.jpg,0,"[1380, 2340, 1901, 3231]",0.2591,92,92,1.0
VAIPE_P_161_27.jpg,0,"[1565, 677, 2238, 1117]",0.6275,26,26,1.0
VAIPE_P_161_27.jpg,1,"[2267, 1448, 3049, 1846]",0.4178,92,92,1.0
VAIPE_P_161_28.jpg,0,"[710, 2356, 1355, 2997]",0.8885,105,105,1.0
VAIPE_P_161_28.jpg,1,"[1254, 2341, 1955, 2798]",0.8473,92,92,1.0
VAIPE_P_161_28.jpg,2,"[492, 2546, 1165, 3228]",0.8016,26,26,1.0
VAIPE_P_161_29.jpg,0,"[898, 2522, 1443, 3331]",0.8574,92,92,0.8
VAIPE_P_161_29.jpg,1,"[650, 1817, 1045, 2441]",0.8361,26,26,1.0
VAIPE_P_161_29.jpg,2,"[884, 2242, 1700, 2706]",0.4341,105,105,1.0
VAIPE_P_161_3.jpg,0,"[300, 613, 401, 811]",0.8408,26,26,1.0
VAIPE_P_161_3.jpg,1,"[414, 378, 513, 539]",0.8225,91,91,1.0
VAIPE_P_161_3.jpg,2,"[184, 390, 276, 574]",0.6904,105,105,1.0
VAIPE_P_161_30.jpg,0,"[1588, 1605, 2162, 2010]",0.7107,92,92,1.0
VAIPE_P_161_30.jpg,1,"[1240, 1550, 1628, 2038]",0.4245,105,105,1.0
VAIPE_P_161_31.jpg,0,"[1046, 2509, 1527, 2831]",0.889,92,92,1.0
VAIPE_P_161_31.jpg,1,"[961, 1925, 1329, 2314]",0.8764,26,26,1.0
VAIPE_P_161_31.jpg,2,"[1401, 2516, 1771, 3027]",0.8529,105,105,1.0
VAIPE_P_161_32.jpg,0,"[1216, 2054, 1726, 2392]",0.8829,92,92,1.0
VAIPE_P_161_32.jpg,1,"[1596, 2062, 1993, 2580]",0.8329,105,105,1.0
VAIPE_P_161_32.jpg,2,"[1112, 1462, 1509, 1862]",0.8255,26,26,1.0
VAIPE_P_161_33.jpg,0,"[1856, 1452, 2271, 1888]",0.8605,89,89,0.4
VAIPE_P_161_33.jpg,1,"[1121, 1992, 1874, 2350]",0.7967,105,105,1.0
VAIPE_P_161_33.jpg,2,"[794, 1269, 1504, 1636]",0.7484,26,26,1.0
VAIPE_P_161_34.jpg,0,"[1263, 2736, 1662, 3489]",0.8584,29,29,1.0
VAIPE_P_161_34.jpg,1,"[1186, 2451, 1921, 2912]",0.3675,105,105,1.0
VAIPE_P_161_34.jpg,2,"[989, 1965, 1393, 2680]",0.2713,26,26,1.0
VAIPE_P_161_35.jpg,0,"[2615, 1181, 3101, 1742]",0.8884,92,92,1.0
VAIPE_P_161_35.jpg,1,"[2564, 1815, 3401, 2373]",0.8147,26,26,1.0
VAIPE_P_161_35.jpg,2,"[2424, 1629, 3203, 2148]",0.7802,105,105,1.0
VAIPE_P_161_4.jpg,0,"[209, 434, 343, 570]",0.8949,91,91,1.0
VAIPE_P_161_4.jpg,1,"[330, 423, 474, 586]",0.8756,26,26,1.0
VAIPE_P_161_4.jpg,2,"[252, 530, 342, 722]",0.8278,105,105,1.0
VAIPE_P_161_5.jpg,0,"[364, 509, 455, 672]",0.8535,91,91,1.0
VAIPE_P_161_5.jpg,1,"[297, 483, 379, 675]",0.8397,105,105,1.0
VAIPE_P_161_5.jpg,2,"[213, 487, 300, 678]",0.8297,26,26,1.0
VAIPE_P_161_6.jpg,0,"[304, 423, 396, 622]",0.8683,105,105,1.0
VAIPE_P_161_6.jpg,1,"[316, 236, 417, 410]",0.8682,91,91,1.0
VAIPE_P_161_6.jpg,2,"[305, 628, 400, 837]",0.8592,26,26,1.0
VAIPE_P_161_7.jpg,0,"[255, 420, 351, 604]",0.9144,26,26,1.0
VAIPE_P_161_7.jpg,1,"[285, 582, 445, 727]",0.9049,105,105,1.0
VAIPE_P_161_7.jpg,2,"[324, 434, 418, 589]",0.8563,91,91,1.0
VAIPE_P_161_8.jpg,0,"[83, 527, 265, 612]",0.8605,105,105,1.0
VAIPE_P_161_8.jpg,1,"[401, 551, 549, 643]",0.8442,91,91,1.0
VAIPE_P_161_8.jpg,2,"[249, 541, 414, 623]",0.8385,26,26,1.0
VAIPE_P_161_9.jpg,0,"[410, 371, 535, 507]",0.886,91,91,1.0
VAIPE_P_161_9.jpg,1,"[228, 553, 366, 742]",0.8742,105,105,1.0
VAIPE_P_161_9.jpg,2,"[330, 436, 429, 628]",0.8677,26,26,1.0
VAIPE_P_162_0.jpg,0,"[229, 520, 343, 626]",0.9028,64,64,1.0
VAIPE_P_162_0.jpg,1,"[327, 443, 435, 554]",0.9024,64,64,1.0
VAIPE_P_162_0.jpg,2,"[202, 422, 315, 531]",0.9018,64,64,1.0
VAIPE_P_162_0.jpg,3,"[207, 627, 311, 730]",0.9001,78,78,1.0
VAIPE_P_162_0.jpg,4,"[301, 657, 401, 763]",0.8984,78,78,1.0
VAIPE_P_162_0.jpg,5,"[331, 563, 433, 667]",0.8975,64,64,1.0
VAIPE_P_162_0.jpg,6,"[425, 469, 521, 666]",0.881,90,90,0.8
VAIPE_P_162_1.jpg,0,"[383, 487, 513, 630]",0.9024,90,90,1.0
VAIPE_P_162_1.jpg,1,"[321, 403, 403, 487]",0.9014,78,78,1.0
VAIPE_P_162_1.jpg,2,"[146, 481, 235, 574]",0.8865,78,78,1.0
VAIPE_P_162_1.jpg,3,"[301, 481, 393, 573]",0.8818,64,64,1.0
VAIPE_P_162_1.jpg,4,"[343, 564, 440, 663]",0.877,64,64,1.0
VAIPE_P_162_1.jpg,5,"[210, 523, 308, 622]",0.8704,64,64,1.0
VAIPE_P_162_1.jpg,6,"[417, 416, 511, 512]",0.8695,64,64,1.0
VAIPE_P_162_10.jpg,0,"[279, 438, 381, 547]",0.8956,64,64,1.0
VAIPE_P_162_10.jpg,1,"[177, 418, 288, 530]",0.8935,64,64,1.0
VAIPE_P_162_10.jpg,2,"[339, 350, 440, 449]",0.8933,78,78,1.0
VAIPE_P_162_10.jpg,3,"[357, 483, 471, 594]",0.8922,64,64,1.0
VAIPE_P_162_10.jpg,4,"[102, 488, 214, 601]",0.8904,64,64,1.0
VAIPE_P_162_10.jpg,5,"[270, 658, 375, 766]",0.8827,78,78,1.0
VAIPE_P_162_10.jpg,6,"[188, 542, 380, 651]",0.8745,90,90,0.8
VAIPE_P_162_11.jpg,0,"[264, 432, 415, 592]",0.9049,90,90,1.0
VAIPE_P_162_11.jpg,1,"[171, 441, 277, 542]",0.9042,78,78,1.0
VAIPE_P_162_11.jpg,2,"[391, 468, 494, 574]",0.8967,78,78,1.0
VAIPE_P_162_11.jpg,3,"[212, 322, 328, 438]",0.8934,64,64,1.0
VAIPE_P_162_11.jpg,4,"[182, 545, 295, 661]",0.8914,64,64,1.0
VAIPE_P_162_11.jpg,5,"[326, 533, 438, 651]",0.8905,64,64,1.0
VAIPE_P_162_11.jpg,6,"[338, 313, 454, 433]",0.8801,64,64,1.0
VAIPE_P_162_12.jpg,0,"[1180, 2379, 1510, 2722]",0.6844,64,64,1.0
VAIPE_P_162_12.jpg,1,"[1243, 2665, 1873, 3241]",0.656,24,24,1.0
VAIPE_P_162_12.jpg,2,"[1857, 2338, 2150, 2702]",0.5709,64,64,1.0
VAIPE_P_162_12.jpg,3,"[1265, 2373, 1877, 2934]",0.4397,24,24,1.0
VAIPE_P_162_12.jpg,4,"[1652, 1821, 2152, 2249]",0.3067,90,90,1.0
VAIPE_P_162_12.jpg,5,"[1883, 3313, 2202, 3631]",0.2804,18,18,0.6
VAIPE_P_162_13.jpg,0,"[886, 2835, 1255, 3613]",0.8195,24,24,1.0
VAIPE_P_162_13.jpg,1,"[1108, 2223, 1435, 2932]",0.7267,24,24,1.0
VAIPE_P_162_13.jpg,2,"[1527, 2148, 1970, 2696]",0.7216,90,90,1.0
VAIPE_P_162_13.jpg,3,"[1374, 2384, 1708, 2733]",0.6657,64,64,1.0
VAIPE_P_162_13.jpg,4,"[814, 2428, 1181, 2802]",0.589,64,64,1.0
VAIPE_P_162_13.jpg,5,"[2040, 1787, 2336, 2124]",0.5607,64,64,1.0
VAIPE_P_162_13.jpg,6,"[939, 2052, 1276, 2368]",0.4894,64,64,1.0
VAIPE_P_162_14.jpg,-1,,,,NO_DETECTION,
VAIPE_P_162_15.jpg,0,"[503, 1808, 1184, 2293]",0.8128,90,90,1.0
VAIPE_P_162_15.jpg,1,"[1924, 1497, 2287, 1805]",0.7053,22,22,1.0
VAIPE_P_162_15.jpg,2,"[949, 1993, 1805, 2380]",0.362,8,8,1.0
VAIPE_P_162_15.jpg,3,"[1771, 1753, 2200, 2166]",0.31,64,64,1.0
VAIPE_P_162_15.jpg,4,"[233, 2252, 787, 3091]",0.3033,24,24,1.0
VAIPE_P_162_16.jpg,0,"[1521, 1910, 1877, 2452]",0.8526,64,64,1.0
VAIPE_P_162_16.jpg,1,"[1834, 1657, 2256, 2456]",0.8413,90,90,1.0
VAIPE_P_162_16.jpg,2,"[463, 2892, 1073, 3525]",0.8339,64,64,1.0
VAIPE_P_162_16.jpg,3,"[633, 2080, 1359, 3157]",0.8287,24,24,1.0
VAIPE_P_162_16.jpg,4,"[874, 1435, 1319, 1982]",0.8143,64,64,1.0
VAIPE_P_162_16.jpg,5,"[377, 1578, 916, 2118]",0.8103,64,64,1.0
VAIPE_P_162_16.jpg,6,"[1419, 1239, 1828, 1610]",0.7576,22,22,1.0
VAIPE_P_162_16.jpg,7,"[2179, 1137, 2696, 2026]",0.7372,24,24,1.0
VAIPE_P_162_17.jpg,0,"[1626, 2574, 2393, 3277]",0.7653,90,90,1.0
VAIPE_P_162_17.jpg,1,"[1031, 3008, 1565, 3576]",0.7565,64,64,1.0
VAIPE_P_162_17.jpg,2,"[1006, 2107, 1531, 2627]",0.5879,64,64,1.0
VAIPE_P_162_17.jpg,3,"[1272, 1400, 2007, 2063]",0.5023,24,24,1.0
VAIPE_P_162_17.jpg,4,"[1903, 1938, 2404, 2419]",0.4606,64,64,1.0
VAIPE_P_162_17.jpg,5,"[807, 1642, 1285, 2081]",0.4193,64,64,1.0
VAIPE_P_162_17.jpg,6,"[2222, 1740, 2621, 2093]",0.3301,22,22,1.0
VAIPE_P_162_17.jpg,7,"[416, 1433, 963, 2234]",0.2929,24,24,1.0
VAIPE_P_162_18.jpg,-1,,,,NO_DETECTION,
VAIPE_P_162_19.jpg,0,"[811, 2144, 1418, 2828]",0.5863,24,24,1.0
VAIPE_P_162_19.jpg,1,"[1173, 1848, 1476, 2138]",0.3793,22,22,1.0
VAIPE_P_162_19.jpg,2,"[1187, 2440, 1572, 2835]",0.2532,64,64,1.0
VAIPE_P_162_2.jpg,0,"[195, 303, 300, 489]",0.8817,88,88,0.8
VAIPE_P_162_2.jpg,1,"[158, 656, 247, 746]",0.8802,22,22,1.0
VAIPE_P_162_2.jpg,2,"[167, 508, 282, 621]",0.8798,64,64,1.0
VAIPE_P_162_2.jpg,3,"[253, 463, 356, 567]",0.8767,78,78,1.0
VAIPE_P_162_2.jpg,4,"[354, 448, 453, 545]",0.8662,78,78,1.0
VAIPE_P_162_2.jpg,5,"[309, 318, 417, 428]",0.8636,64,64,1.0
VAIPE_P_162_2.jpg,6,"[403, 524, 516, 638]",0.8624,64,64,1.0
VAIPE_P_162_2.jpg,7,"[212, 704, 323, 821]",0.8385,64,64,1.0
VAIPE_P_162_20.jpg,0,"[825, 1835, 1372, 2604]",0.6729,24,24,1.0
VAIPE_P_162_20.jpg,1,"[1138, 2220, 1531, 2633]",0.6121,64,64,1.0
VAIPE_P_162_20.jpg,2,"[1893, 1183, 2500, 1595]",0.5725,90,90,1.0
VAIPE_P_162_20.jpg,3,"[1473, 2138, 1802, 2565]",0.499,64,64,1.0
VAIPE_P_162_20.jpg,4,"[1676, 1451, 2390, 2057]",0.3496,24,24,1.0
VAIPE_P_162_21.jpg,-1,,,,NO_DETECTION,
VAIPE_P_162_22.jpg,0,"[882, 1666, 1626, 2185]",0.2955,24,24,1.0
VAIPE_P_162_23.jpg,0,"[1310, 2278, 1768, 2730]",0.7368,64,64,1.0
VAIPE_P_162_23.jpg,1,"[1714, 1874, 2114, 2670]",0.6438,24,24,1.0
VAIPE_P_162_23.jpg,2,"[2341, 1328, 2689, 1638]",0.6246,22,22,1.0
VAIPE_P_162_23.jpg,3,"[1933, 2205, 2633, 2935]",0.5104,24,24,1.0
VAIPE_P_162_23.jpg,4,"[623, 1834, 1048, 2482]",0.4704,90,90,1.0
VAIPE_P_162_23.jpg,5,"[964, 1511, 1359, 1898]",0.3933,64,64,1.0
VAIPE_P_162_24.jpg,0,"[671, 2214, 1138, 2948]",0.2505,24,24,1.0
VAIPE_P_162_25.jpg,0,"[1726, 1216, 2105, 1847]",0.5931,90,90,0.6
VAIPE_P_162_26.jpg,0,"[379, 2619, 1156, 3005]",0.495,90,90,1.0
VAIPE_P_162_26.jpg,1,"[974, 1694, 1715, 2229]",0.3685,64,64,1.0
VAIPE_P_162_26.jpg,2,"[409, 2144, 862, 2560]",0.269,64,64,1.0
VAIPE_P_162_3.jpg,0,"[208, 459, 309, 624]",0.8883,90,90,0.6
VAIPE_P_162_3.jpg,1,"[282, 401, 380, 500]",0.8833,64,64,1.0
VAIPE_P_162_3.jpg,2,"[277, 565, 364, 654]",0.8831,78,78,1.0
VAIPE_P_162_3.jpg,3,"[271, 644, 351, 723]",0.8821,22,22,1.0
VAIPE_P_162_3.jpg,4,"[309, 488, 406, 583]",0.8812,64,64,1.0
VAIPE_P_162_3.jpg,5,"[361, 558, 461, 661]",0.8738,64,64,1.0
VAIPE_P_162_3.jpg,6,"[380, 439, 469, 534]",0.8713,78,78,1.0
VAIPE_P_162_3.jpg,7,"[132, 581, 238, 686]",0.8584,64,64,1.0
VAIPE_P_162_4.jpg,0,"[402, 608, 491, 713]",0.8938,64,64,1.0
VAIPE_P_162_4.jpg,1,"[295, 786, 379, 874]",0.8931,22,22,1.0
VAIPE_P_162_4.jpg,2,"[385, 463, 481, 559]",0.8904,78,78,1.0
VAIPE_P_162_4.jpg,3,"[328, 529, 413, 700]",0.8891,90,90,0.8
VAIPE_P_162_4.jpg,4,"[266, 669, 361, 770]",0.8885,64,64,1.0
VAIPE_P_162_4.jpg,5,"[221, 528, 310, 634]",0.8878,64,64,1.0
VAIPE_P_162_4.jpg,6,"[185, 635, 281, 735]",0.8863,78,78,1.0
VAIPE_P_162_4.jpg,7,"[367, 698, 465, 793]",0.8761,64,64,1.0
VAIPE_P_162_5.jpg,0,"[294, 569, 445, 677]",0.913,90,90,1.0
VAIPE_P_162_5.jpg,1,"[454, 564, 553, 664]",0.903,64,64,1.0
VAIPE_P_162_5.jpg,2,"[223, 689, 314, 785]",0.9001,64,64,1.0
VAIPE_P_162_5.jpg,3,"[308, 678, 398, 775]",0.8984,64,64,1.0
VAIPE_P_162_5.jpg,4,"[381, 640, 460, 720]",0.897,22,22,1.0
VAIPE_P_162_5.jpg,5,"[349, 476, 437, 565]",0.8942,78,78,1.0
VAIPE_P_162_5.jpg,6,"[174, 581, 269, 674]",0.8876,78,78,1.0
VAIPE_P_162_5.jpg,7,"[243, 458, 337, 552]",0.8848,64,64,1.0
VAIPE_P_162_6.jpg,0,"[345, 450, 443, 623]",0.8986,90,90,1.0
VAIPE_P_162_6.jpg,1,"[200, 607, 290, 700]",0.8969,78,78,1.0
VAIPE_P_162_6.jpg,2,"[274, 520, 373, 620]",0.8928,64,64,1.0
VAIPE_P_162_6.jpg,3,"[287, 608, 388, 710]",0.8911,64,64,1.0
VAIPE_P_162_6.jpg,4,"[168, 520, 270, 619]",0.884,64,64,1.0
VAIPE_P_162_6.jpg,5,"[205, 423, 311, 527]",0.8831,64,64,1.0
VAIPE_P_162_6.jpg,6,"[420, 487, 515, 585]",0.879,78,78,1.0
VAIPE_P_162_7.jpg,0,"[409, 465, 547, 591]",0.9043,90,90,1.0
VAIPE_P_162_7.jpg,1,"[331, 607, 415, 695]",0.8964,78,78,1.0
VAIPE_P_162_7.jpg,2,"[345, 397, 435, 485]",0.8951,64,64,1.0
VAIPE_P_162_7.jpg,3,"[433, 388, 524, 469]",0.8817,64,64,1.0
VAIPE_P_162_7.jpg,4,"[345, 499, 427, 584]",0.8814,64,64,1.0
VAIPE_P_162_7.jpg,5,"[196, 558, 262, 647]",0.8627,64,64,1.0
VAIPE_P_162_7.jpg,6,"[141, 477, 227, 554]",0.839,78,78,1.0
VAIPE_P_162_8.jpg,0,"[338, 431, 431, 525]",0.8918,78,78,1.0
VAIPE_P_162_8.jpg,1,"[332, 621, 439, 730]",0.8894,64,64,1.0
VAIPE_P_162_8.jpg,2,"[241, 608, 335, 705]",0.8885,78,78,1.0
VAIPE_P_162_8.jpg,3,"[181, 471, 351, 580]",0.8836,90,90,1.0
VAIPE_P_162_8.jpg,4,"[295, 531, 397, 634]",0.8833,64,64,1.0
VAIPE_P_162_8.jpg,5,"[185, 657, 265, 740]",0.8795,22,22,1.0
VAIPE_P_162_8.jpg,6,"[195, 389, 303, 493]",0.877,64,64,1.0
VAIPE_P_162_8.jpg,7,"[388, 507, 494, 613]",0.8676,64,64,1.0
VAIPE_P_162_9.jpg,0,"[293, 592, 388, 761]",0.9146,90,90,1.0
VAIPE_P_162_9.jpg,1,"[118, 644, 219, 742]",0.907,64,64,1.0
VAIPE_P_162_9.jpg,2,"[205, 587, 295, 676]",0.9018,78,78,1.0
VAIPE_P_162_9.jpg,3,"[335, 513, 423, 602]",0.8998,78,78,1.0
VAIPE_P_162_9.jpg,4,"[240, 506, 336, 604]",0.8935,64,64,1.0
VAIPE_P_162_9.jpg,5,"[230, 751, 330, 850]",0.8924,64,64,1.0
VAIPE_P_162_9.jpg,6,"[205, 688, 281, 768]",0.885,22,22,1.0
VAIPE_P_162_9.jpg,7,"[393, 598, 492, 703]",0.88,64,64,1.0
VAIPE_P_163_0.jpg,0,"[1252, 1848, 1983, 2566]",0.2689,43,43,1.0
VAIPE_P_163_1.jpg,0,"[2435, 1402, 3056, 2032]",0.3824,91,91,1.0
VAIPE_P_163_10.jpg,0,"[1623, 2678, 2070, 3337]",0.9106,43,43,1.0
VAIPE_P_163_10.jpg,1,"[1615, 1498, 2161, 2001]",0.906,2,2,1.0
VAIPE_P_163_10.jpg,2,"[1217, 2065, 1714, 2545]",0.9045,91,91,1.0
VAIPE_P_163_10.jpg,3,"[639, 2047, 1244, 2392]",0.9037,2,2,1.0
VAIPE_P_163_10.jpg,4,"[1693, 1932, 2261, 2304]",0.9032,91,91,1.0
VAIPE_P_163_10.jpg,5,"[1120, 1773, 1818, 2075]",0.888,43,43,1.0
VAIPE_P_163_10.jpg,6,"[935, 2336, 1279, 2640]",0.8213,75,75,1.0
VAIPE_P_163_10.jpg,7,"[544, 2279, 908, 2563]",0.358,75,75,1.0
VAIPE_P_163_11.jpg,0,"[909, 2207, 1291, 2793]",0.9121,43,43,1.0
VAIPE_P_163_11.jpg,1,"[1477, 1653, 1926, 2137]",0.9108,2,2,1.0
VAIPE_P_163_11.jpg,2,"[1914, 1914, 2309, 2464]",0.9046,2,2,1.0
VAIPE_P_163_11.jpg,3,"[868, 1899, 1303, 2319]",0.9001,91,91,1.0
VAIPE_P_163_11.jpg,4,"[1231, 2010, 1540, 2511]",0.8883,91,91,1.0
VAIPE_P_163_11.jpg,5,"[1553, 2001, 1871, 2603]",0.8842,43,43,1.0
VAIPE_P_163_11.jpg,6,"[780, 2359, 1027, 2680]",0.8198,75,75,1.0
VAIPE_P_163_11.jpg,7,"[1166, 1782, 1420, 2085]",0.6783,75,75,1.0
VAIPE_P_163_12.jpg,0,"[974, 1483, 1396, 2029]",0.9161,2,2,1.0
VAIPE_P_163_12.jpg,1,"[1916, 1913, 2453, 2386]",0.9081,2,2,1.0
VAIPE_P_163_12.jpg,2,"[931, 2543, 1421, 3145]",0.906,43,43,1.0
VAIPE_P_163_12.jpg,3,"[1412, 1924, 1925, 2331]",0.8971,91,91,1.0
VAIPE_P_163_12.jpg,4,"[1132, 1775, 1482, 2313]",0.8921,91,91,1.0
VAIPE_P_163_12.jpg,5,"[1359, 1566, 1958, 2017]",0.8834,43,43,1.0
VAIPE_P_163_13.jpg,0,"[890, 1476, 1199, 2010]",0.9096,2,2,1.0
VAIPE_P_163_13.jpg,1,"[1220, 1689, 1493, 2218]",0.9003,2,2,1.0
VAIPE_P_163_13.jpg,2,"[985, 2232, 1423, 2784]",0.8979,43,43,1.0
VAIPE_P_163_13.jpg,3,"[1589, 679, 2097, 1075]",0.8967,91,91,1.0
VAIPE_P_163_13.jpg,4,"[1603, 2158, 1886, 2661]",0.8845,91,91,1.0
VAIPE_P_163_13.jpg,5,"[1447, 1806, 1707, 2414]",0.8756,43,43,1.0
VAIPE_P_163_14.jpg,0,"[1035, 1516, 1278, 2090]",0.8958,2,2,1.0
VAIPE_P_163_14.jpg,1,"[1719, 2080, 2297, 2550]",0.8906,43,43,1.0
VAIPE_P_163_14.jpg,2,"[1464, 1652, 1742, 2186]",0.8898,91,91,1.0
VAIPE_P_163_14.jpg,3,"[2281, 2278, 2834, 2611]",0.8893,91,91,1.0
VAIPE_P_163_14.jpg,4,"[1239, 1608, 1496, 2234]",0.8785,43,43,1.0
VAIPE_P_163_14.jpg,5,"[706, 2183, 1277, 2456]",0.8764,2,2,1.0
VAIPE_P_163_14.jpg,6,"[1189, 2237, 1486, 2543]",0.8226,75,75,1.0
VAIPE_P_163_14.jpg,7,"[810, 2380, 1145, 2649]",0.7472,75,75,1.0
VAIPE_P_163_15.jpg,0,"[1126, 2917, 1767, 3458]",0.91,91,91,1.0
VAIPE_P_163_15.jpg,1,"[1482, 1903, 2123, 2401]",0.9003,91,91,1.0
VAIPE_P_163_15.jpg,2,"[1018, 2615, 1744, 3022]",0.8982,2,2,1.0
VAIPE_P_163_15.jpg,3,"[750, 2630, 1202, 3389]",0.8818,2,2,1.0
VAIPE_P_163_15.jpg,4,"[810, 2295, 1604, 2694]",0.8721,43,43,1.0
VAIPE_P_163_15.jpg,5,"[1065, 1326, 1880, 1691]",0.8058,43,43,1.0
VAIPE_P_163_15.jpg,6,"[993, 1103, 1384, 1412]",0.5776,75,75,1.0
VAIPE_P_163_15.jpg,7,"[1117, 2060, 1510, 2402]",0.3127,75,75,1.0
VAIPE_P_163_16.jpg,0,"[1384, 1443, 1820, 2045]",0.918,91,91,1.0
VAIPE_P_163_16.jpg,1,"[1393, 2195, 1873, 2865]",0.9155,2,2,1.0
VAIPE_P_163_16.jpg,2,"[1311, 2575, 1781, 3180]",0.904,91,91,1.0
VAIPE_P_163_16.jpg,3,"[926, 1847, 1245, 2533]",0.8795,2,2,1.0
VAIPE_P_163_16.jpg,4,"[1239, 1898, 1574, 2244]",0.8769,75,75,1.0
VAIPE_P_163_16.jpg,5,"[986, 2289, 1446, 3043]",0.8657,43,43,1.0
VAIPE_P_163_16.jpg,6,"[1979, 1329, 2334, 1697]",0.8581,75,75,1.0
VAIPE_P_163_16.jpg,7,"[696, 1436, 1395, 1939]",0.6679,43,43,1.0
VAIPE_P_163_17.jpg,0,"[913, 2026, 1458, 2553]",0.9093,91,91,1.0
VAIPE_P_163_17.jpg,1,"[976, 2253, 1709, 2749]",0.9064,2,2,1.0
VAIPE_P_163_17.jpg,2,"[1293, 2540, 1806, 3177]",0.9044,91,91,1.0
VAIPE_P_163_17.jpg,3,"[523, 1933, 858, 2343]",0.897,75,75,1.0
VAIPE_P_163_17.jpg,4,"[917, 1477, 1270, 2204]",0.8902,2,2,1.0
VAIPE_P_163_17.jpg,5,"[1649, 1470, 2057, 1824]",0.8734,75,75,1.0
VAIPE_P_163_17.jpg,6,"[938, 2678, 1399, 3470]",0.7015,43,43,1.0
VAIPE_P_163_17.jpg,7,"[1200, 1711, 1872, 2375]",0.5683,43,43,1.0
VAIPE_P_163_18.jpg,0,"[1011, 1283, 1518, 1937]",0.9106,91,91,1.0
VAIPE_P_163_18.jpg,1,"[570, 2422, 1068, 3300]",0.903,43,43,1.0
VAIPE_P_163_18.jpg,2,"[925, 2770, 1396, 3506]",0.8872,91,91,1.0
VAIPE_P_163_18.jpg,3,"[1043, 2065, 1410, 2866]",0.8778,2,2,1.0
VAIPE_P_163_18.jpg,4,"[439, 1815, 812, 2596]",0.8682,2,2,1.0
VAIPE_P_163_18.jpg,5,"[738, 1930, 1151, 2320]",0.8461,75,75,1.0
VAIPE_P_163_18.jpg,6,"[1358, 1213, 1792, 1620]",0.8367,75,75,1.0
VAIPE_P_163_18.jpg,7,"[74, 1174, 665, 1968]",0.806,43,43,1.0
VAIPE_P_163_19.jpg,0,"[1063, 1843, 1576, 2412]",0.9099,91,91,1.0
VAIPE_P_163_19.jpg,1,"[1046, 2256, 1681, 2761]",0.9076,2,2,1.0
VAIPE_P_163_19.jpg,2,"[777, 2530, 1364, 3194]",0.9064,43,43,1.0
VAIPE_P_163_19.jpg,3,"[1109, 2550, 1672, 3045]",0.9049,91,91,1.0
VAIPE_P_163_19.jpg,4,"[329, 1580, 829, 2176]",0.9005,2,2,1.0
VAIPE_P_163_19.jpg,5,"[844, 1956, 1131, 2339]",0.8992,75,75,1.0
VAIPE_P_163_19.jpg,6,"[1588, 1461, 1925, 1881]",0.874,75,75,1.0
VAIPE_P_163_19.jpg,7,"[1093, 1111, 1429, 1895]",0.8581,43,43,1.0
VAIPE_P_163_2.jpg,0,"[1377, 2032, 2001, 2874]",0.8813,43,43,1.0
VAIPE_P_163_2.jpg,1,"[522, 2007, 954, 2861]",0.8575,2,2,1.0
VAIPE_P_163_2.jpg,2,"[1472, 1203, 1842, 1657]",0.8561,75,75,1.0
VAIPE_P_163_2.jpg,3,"[1184, 1824, 1768, 2467]",0.85,91,91,1.0
VAIPE_P_163_2.jpg,4,"[1916, 1713, 2397, 2605]",0.8472,43,43,1.0
VAIPE_P_163_2.jpg,5,"[954, 1542, 1319, 1994]",0.8158,75,75,1.0
VAIPE_P_163_2.jpg,6,"[865, 2104, 1233, 2937]",0.7972,2,2,1.0
VAIPE_P_163_20.jpg,0,"[1215, 1950, 1817, 2624]",0.8938,91,91,1.0
VAIPE_P_163_20.jpg,1,"[943, 2077, 1335, 2438]",0.8662,75,75,1.0
VAIPE_P_163_20.jpg,2,"[498, 2140, 1253, 2780]",0.8223,43,43,1.0
VAIPE_P_163_20.jpg,3,"[492, 2687, 942, 3470]",0.7361,2,2,1.0
VAIPE_P_163_20.jpg,4,"[877, 3093, 1547, 3676]",0.7333,91,91,1.0
VAIPE_P_163_20.jpg,5,"[783, 2735, 1561, 3149]",0.6558,2,2,1.0
VAIPE_P_163_20.jpg,6,"[383, 1674, 1265, 2115]",0.5281,43,43,1.0
VAIPE_P_163_20.jpg,7,"[779, 957, 1205, 1360]",0.4947,75,75,1.0
VAIPE_P_163_21.jpg,0,"[1877, 2089, 2393, 2609]",0.9116,2,2,1.0
VAIPE_P_163_21.jpg,1,"[779, 1463, 1278, 1897]",0.9003,91,91,1.0
VAIPE_P_163_21.jpg,2,"[706, 1904, 1382, 2246]",0.8948,43,43,1.0
VAIPE_P_163_21.jpg,3,"[733, 2328, 1402, 2717]",0.8923,43,43,1.0
VAIPE_P_163_21.jpg,4,"[1498, 2573, 1817, 3142]",0.8884,2,2,1.0
VAIPE_P_163_21.jpg,5,"[885, 2158, 1440, 2499]",0.8791,91,91,1.0
VAIPE_P_163_21.jpg,6,"[363, 2260, 704, 2583]",0.7601,75,75,1.0
VAIPE_P_163_21.jpg,7,"[1241, 1667, 1584, 1938]",0.4731,75,75,1.0
VAIPE_P_163_22.jpg,0,"[1015, 2625, 1637, 3337]",0.9151,2,2,1.0
VAIPE_P_163_22.jpg,1,"[1068, 3214, 1561, 3963]",0.9085,91,91,1.0
VAIPE_P_163_22.jpg,2,"[1097, 2325, 1526, 2721]",0.8952,75,75,1.0
VAIPE_P_163_22.jpg,3,"[550, 1414, 1180, 1972]",0.8697,91,91,1.0
VAIPE_P_163_22.jpg,4,"[721, 2846, 1151, 3649]",0.8661,2,2,1.0
VAIPE_P_163_22.jpg,5,"[971, 1698, 1632, 2492]",0.8589,43,43,1.0
VAIPE_P_163_22.jpg,6,"[1267, 1197, 1627, 1619]",0.8547,75,75,1.0
VAIPE_P_163_22.jpg,7,"[635, 1953, 1013, 2815]",0.7761,43,43,1.0
VAIPE_P_163_3.jpg,0,"[859, 1306, 1233, 2035]",0.9082,2,2,1.0
VAIPE_P_163_3.jpg,1,"[1123, 2553, 1625, 3194]",0.905,91,91,1.0
VAIPE_P_163_3.jpg,2,"[656, 2442, 1222, 3214]",0.9023,43,43,1.0
VAIPE_P_163_3.jpg,3,"[1151, 1469, 1544, 2112]",0.8992,91,91,1.0
VAIPE_P_163_3.jpg,4,"[1157, 2049, 1636, 2802]",0.897,2,2,1.0
VAIPE_P_163_3.jpg,5,"[167, 1780, 772, 2479]",0.8676,43,43,1.0
VAIPE_P_163_3.jpg,6,"[1541, 1245, 1902, 1676]",0.8439,75,75,1.0
VAIPE_P_163_3.jpg,7,"[930, 2144, 1273, 2535]",0.8421,75,75,1.0
VAIPE_P_163_4.jpg,0,"[2157, 2309, 2619, 2795]",0.917,2,2,1.0
VAIPE_P_163_4.jpg,1,"[633, 2046, 1086, 2414]",0.914,91,91,1.0
VAIPE_P_163_4.jpg,2,"[522, 1806, 1081, 2243]",0.9105,43,43,1.0
VAIPE_P_163_4.jpg,3,"[607, 2617, 962, 3213]",0.9017,43,43,1.0
VAIPE_P_163_4.jpg,4,"[982, 1963, 1304, 2485]",0.8926,2,2,1.0
VAIPE_P_163_4.jpg,5,"[1524, 1365, 1792, 1867]",0.883,91,91,1.0
VAIPE_P_163_4.jpg,6,"[501, 2325, 781, 2650]",0.7494,75,75,1.0
VAIPE_P_163_4.jpg,7,"[1300, 2074, 1580, 2375]",0.5348,75,75,1.0
VAIPE_P_163_5.jpg,0,"[839, 1647, 1308, 2043]",0.914,2,2,1.0
VAIPE_P_163_5.jpg,1,"[1557, 1955, 2136, 2244]",0.9055,43,43,1.0
VAIPE_P_163_5.jpg,2,"[527, 2480, 1015, 2981]",0.9035,43,43,1.0
VAIPE_P_163_5.jpg,3,"[540, 2020, 1050, 2290]",0.8979,2,2,1.0
VAIPE_P_163_5.jpg,4,"[902, 2081, 1371, 2395]",0.8914,91,91,1.0
VAIPE_P_163_5.jpg,5,"[1528, 743, 2021, 1120]",0.8895,91,91,1.0
VAIPE_P_163_6.jpg,0,"[1781, 2119, 2240, 2594]",0.9129,2,2,1.0
VAIPE_P_163_6.jpg,1,"[890, 1790, 1402, 2101]",0.8952,91,91,1.0
VAIPE_P_163_6.jpg,2,"[1245, 2565, 1508, 3111]",0.8859,2,2,1.0
VAIPE_P_163_6.jpg,3,"[452, 2404, 771, 3000]",0.8846,43,43,1.0
VAIPE_P_163_6.jpg,4,"[1438, 1148, 1719, 1674]",0.8812,91,91,1.0
VAIPE_P_163_6.jpg,5,"[814, 1545, 1429, 1886]",0.8673,43,43,1.0
VAIPE_P_163_7.jpg,0,"[886, 2245, 1480, 2948]",0.9249,2,2,1.0
VAIPE_P_163_7.jpg,1,"[875, 1549, 1457, 2201]",0.9117,91,91,1.0
VAIPE_P_163_7.jpg,2,"[887, 2892, 1316, 3613]",0.9111,91,91,1.0
VAIPE_P_163_7.jpg,3,"[778, 2537, 1167, 2938]",0.8997,75,75,1.0
VAIPE_P_163_7.jpg,4,"[432, 3010, 970, 3761]",0.8969,2,2,1.0
VAIPE_P_163_7.jpg,5,"[1756, 1294, 2106, 1734]",0.8772,75,75,0.8
VAIPE_P_163_7.jpg,6,"[1333, 1285, 2022, 2073]",0.828,43,43,1.0
VAIPE_P_163_7.jpg,7,"[445, 2191, 847, 3069]",0.2897,43,43,1.0
VAIPE_P_163_8.jpg,0,"[1447, 2257, 2186, 2596]",0.9075,2,2,1.0
VAIPE_P_163_8.jpg,1,"[1146, 2635, 1451, 3389]",0.902,2,2,1.0
VAIPE_P_163_8.jpg,2,"[1397, 2640, 1739, 3317]",0.9015,91,91,1.0
VAIPE_P_163_8.jpg,3,"[1143, 2283, 1462, 2631]",0.8993,75,75,1.0
VAIPE_P_163_8.jpg,4,"[837, 2307, 1170, 3095]",0.8861,43,43,1.0
VAIPE_P_163_8.jpg,5,"[515, 1989, 1339, 2322]",0.8819,43,43,1.0
VAIPE_P_163_8.jpg,6,"[600, 1686, 1266, 2069]",0.88,91,91,1.0
VAIPE_P_163_8.jpg,7,"[1327, 1241, 1686, 1569]",0.7154,75,75,1.0
VAIPE_P_163_9.jpg,0,"[1629, 1922, 2142, 2377]",0.897,2,2,1.0
VAIPE_P_163_9.jpg,1,"[1366, 2449, 1860, 2863]",0.8968,91,91,1.0
VAIPE_P_163_9.jpg,2,"[936, 1497, 1513, 1759]",0.8947,2,2,1.0
VAIPE_P_163_9.jpg,3,"[975, 1698, 1496, 1983]",0.891,91,91,1.0
VAIPE_P_163_9.jpg,4,"[823, 2262, 1404, 2724]",0.846,43,43,1.0
VAIPE_P_163_9.jpg,5,"[634, 2327, 923, 2662]",0.8309,75,75,1.0
VAIPE_P_163_9.jpg,6,"[1409, 1585, 1790, 2207]",0.8086,43,43,1.0
VAIPE_P_163_9.jpg,7,"[751, 1676, 1023, 2019]",0.3941,75,75,1.0
VAIPE_P_164_0.jpg,0,"[536, 2184, 932, 2539]",0.8052,73,73,1.0
VAIPE_P_164_0.jpg,1,"[1367, 1627, 1789, 1929]",0.7142,73,73,1.0
VAIPE_P_164_0.jpg,2,"[755, 1352, 1345, 1919]",0.6736,89,89,1.0
VAIPE_P_164_0.jpg,3,"[1529, 1939, 1969, 2814]",0.6131,104,104,1.0
VAIPE_P_164_0.jpg,4,"[975, 2108, 1489, 2839]",0.6075,19,19,1.0
VAIPE_P_164_0.jpg,5,"[1738, 1732, 2228, 2442]",0.5063,19,19,1.0
VAIPE_P_164_1.jpg,0,"[845, 1541, 1825, 2008]",0.2999,104,104,0.8
VAIPE_P_164_10.jpg,0,"[1354, 2558, 1893, 3159]",0.9078,2,2,1.0
VAIPE_P_164_10.jpg,1,"[1681, 1793, 2000, 2409]",0.9016,89,89,1.0
VAIPE_P_164_10.jpg,2,"[2046, 1037, 2715, 1760]",0.8918,104,104,1.0
VAIPE_P_164_10.jpg,3,"[1413, 1864, 1695, 2518]",0.859,2,2,1.0
VAIPE_P_164_10.jpg,4,"[1439, 1377, 1842, 1686]",0.6878,73,73,1.0
VAIPE_P_164_11.jpg,0,"[942, 2451, 1490, 3046]",0.8381,2,2,1.0
VAIPE_P_164_11.jpg,1,"[1123, 1895, 1799, 2330]",0.7639,2,2,1.0
VAIPE_P_164_11.jpg,2,"[802, 1418, 1382, 1932]",0.737,89,89,1.0
VAIPE_P_164_11.jpg,3,"[644, 1865, 1042, 2701]",0.7129,104,104,1.0
VAIPE_P_164_12.jpg,0,"[1450, 2914, 2144, 3530]",0.8991,2,2,1.0
VAIPE_P_164_12.jpg,1,"[1743, 1673, 2142, 2608]",0.8876,104,104,1.0
VAIPE_P_164_12.jpg,2,"[1435, 1864, 1783, 2560]",0.8829,89,89,1.0
VAIPE_P_164_12.jpg,3,"[1359, 2509, 1779, 3283]",0.8826,2,2,1.0
VAIPE_P_164_12.jpg,4,"[1739, 2555, 2105, 2972]",0.8735,73,73,1.0
VAIPE_P_164_12.jpg,5,"[2072, 1251, 2533, 1609]",0.866,73,73,1.0
VAIPE_P_164_13.jpg,0,"[951, 2514, 1559, 3271]",0.9046,2,2,1.0
VAIPE_P_164_13.jpg,1,"[996, 2937, 1607, 3692]",0.8971,2,2,1.0
VAIPE_P_164_13.jpg,2,"[903, 1534, 1332, 2514]",0.8788,104,104,1.0
VAIPE_P_164_13.jpg,3,"[1745, 1332, 2128, 1753]",0.8628,73,73,1.0
VAIPE_P_164_13.jpg,4,"[850, 1090, 1569, 1578]",0.8097,89,89,1.0
VAIPE_P_164_14.jpg,0,"[468, 1527, 1003, 2273]",0.5152,2,2,1.0
VAIPE_P_164_14.jpg,1,"[1716, 1713, 2441, 2222]",0.4841,89,89,1.0
VAIPE_P_164_15.jpg,0,"[1199, 1630, 1779, 2284]",0.9072,89,89,1.0
VAIPE_P_164_15.jpg,1,"[1029, 2025, 1388, 2821]",0.8993,2,2,1.0
VAIPE_P_164_15.jpg,2,"[781, 2949, 1404, 3625]",0.8596,2,2,1.0
VAIPE_P_164_15.jpg,3,"[1304, 2304, 2175, 3009]",0.84,104,104,1.0
VAIPE_P_164_15.jpg,4,"[1259, 2629, 1666, 3016]",0.8158,73,73,1.0
VAIPE_P_164_15.jpg,5,"[680, 2174, 1057, 2597]",0.3733,73,73,1.0
VAIPE_P_164_16.jpg,0,"[1129, 1956, 1646, 2673]",0.9208,2,2,1.0
VAIPE_P_164_16.jpg,1,"[1076, 2785, 1551, 3546]",0.9158,2,2,1.0
VAIPE_P_164_16.jpg,2,"[688, 1856, 1337, 2690]",0.8938,104,104,1.0
VAIPE_P_164_16.jpg,3,"[907, 1359, 1507, 1954]",0.89,89,89,1.0
VAIPE_P_164_16.jpg,4,"[1328, 1776, 1660, 2188]",0.882,73,73,1.0
VAIPE_P_164_16.jpg,5,"[1588, 2368, 1935, 2799]",0.7091,73,73,1.0
VAIPE_P_164_17.jpg,-1,,,,NO_DETECTION,
VAIPE_P_164_18.jpg,0,"[1538, 1995, 1862, 2598]",0.9087,89,89,1.0
VAIPE_P_164_18.jpg,1,"[1313, 2671, 1866, 3244]",0.9016,2,2,1.0
VAIPE_P_164_18.jpg,2,"[1314, 2026, 1633, 2690]",0.8871,2,2,1.0
VAIPE_P_164_18.jpg,3,"[1116, 1572, 1488, 1894]",0.8793,73,73,1.0
VAIPE_P_164_18.jpg,4,"[1733, 932, 2512, 1498]",0.8642,104,104,1.0
VAIPE_P_164_18.jpg,5,"[1574, 2565, 1866, 2930]",0.8122,73,73,1.0
VAIPE_P_164_19.jpg,0,"[1107, 1200, 1817, 1796]",0.7981,2,2,1.0
VAIPE_P_164_19.jpg,1,"[772, 933, 1131, 1685]",0.7298,89,89,1.0
VAIPE_P_164_19.jpg,2,"[1444, 1936, 1883, 2867]",0.667,104,104,1.0
VAIPE_P_164_19.jpg,3,"[1087, 1529, 1470, 1926]",0.605,73,73,1.0
VAIPE_P_164_19.jpg,4,"[1019, 512, 1677, 1204]",0.4586,2,2,1.0
VAIPE_P_164_2.jpg,0,"[881, 2347, 1335, 2692]",0.2882,73,73,1.0
VAIPE_P_164_20.jpg,0,"[704, 3189, 1394, 3846]",0.8975,2,2,1.0
VAIPE_P_164_20.jpg,1,"[1592, 2797, 2588, 3379]",0.7555,104,104,1.0
VAIPE_P_164_20.jpg,2,"[548, 1137, 1016, 1982]",0.7027,2,2,1.0
VAIPE_P_164_20.jpg,3,"[1677, 1306, 2490, 1745]",0.5311,89,89,1.0
VAIPE_P_164_21.jpg,0,"[856, 2786, 1510, 3459]",0.8873,2,2,1.0
VAIPE_P_164_21.jpg,1,"[1080, 1225, 1750, 1933]",0.7859,2,2,1.0
VAIPE_P_164_21.jpg,2,"[1355, 877, 2112, 1414]",0.746,89,89,1.0
VAIPE_P_164_21.jpg,3,"[1734, 1309, 2709, 2035]",0.3788,104,104,1.0
VAIPE_P_164_22.jpg,0,"[846, 2014, 1570, 2879]",0.8644,104,104,1.0
VAIPE_P_164_22.jpg,1,"[1187, 1424, 1893, 2006]",0.8582,89,89,1.0
VAIPE_P_164_22.jpg,2,"[782, 2883, 1425, 3578]",0.8543,2,2,1.0
VAIPE_P_164_22.jpg,3,"[937, 3131, 1575, 3831]",0.8476,2,2,1.0
VAIPE_P_164_23.jpg,0,"[924, 2624, 1568, 2963]",0.8685,2,2,1.0
VAIPE_P_164_23.jpg,1,"[1133, 1518, 1723, 1921]",0.792,89,89,1.0
VAIPE_P_164_23.jpg,2,"[1911, 1465, 2638, 2126]",0.7242,104,104,1.0
VAIPE_P_164_23.jpg,3,"[943, 1706, 1588, 2112]",0.6874,2,2,1.0
VAIPE_P_164_3.jpg,-1,,,,NO_DETECTION,
VAIPE_P_164_4.jpg,0,"[944, 2277, 1529, 3117]",0.8581,104,104,1.0
VAIPE_P_164_4.jpg,1,"[875, 1886, 1286, 2222]",0.5448,73,73,1.0
VAIPE_P_164_4.jpg,2,"[1225, 1870, 1607, 2594]",0.2871,2,2,1.0
VAIPE_P_164_5.jpg,0,"[1594, 2190, 2188, 2734]",0.9159,2,2,1.0
VAIPE_P_164_5.jpg,1,"[968, 2599, 1556, 3118]",0.9086,2,2,1.0
VAIPE_P_164_5.jpg,2,"[1134, 2367, 1813, 3036]",0.9023,104,104,1.0
VAIPE_P_164_5.jpg,3,"[1256, 1723, 1577, 2337]",0.888,89,89,1.0
VAIPE_P_164_5.jpg,4,"[950, 1732, 1255, 2109]",0.8601,73,73,1.0
VAIPE_P_164_5.jpg,5,"[1521, 1960, 1881, 2270]",0.7901,73,73,1.0
VAIPE_P_164_6.jpg,0,"[1130, 2537, 1696, 3567]",0.9003,2,2,1.0
VAIPE_P_164_6.jpg,1,"[1990, 1366, 2528, 2662]",0.8903,104,104,1.0
VAIPE_P_164_6.jpg,2,"[1560, 1804, 2039, 2744]",0.8805,89,89,1.0
VAIPE_P_164_6.jpg,3,"[1070, 3342, 2089, 3932]",0.876,2,2,1.0
VAIPE_P_164_6.jpg,4,"[1279, 1088, 1752, 1686]",0.6523,73,73,1.0
VAIPE_P_164_7.jpg,0,"[1268, 1295, 1926, 1728]",0.2855,89,89,1.0
VAIPE_P_164_8.jpg,0,"[1428, 1675, 1831, 2385]",0.9176,2,2,1.0
VAIPE_P_164_8.jpg,1,"[1290, 2514, 1609, 3199]",0.8964,2,2,1.0
VAIPE_P_164_8.jpg,2,"[1146, 912, 1860, 1428]",0.8895,89,89,1.0
VAIPE_P_164_8.jpg,3,"[998, 2197, 1414, 3031]",0.8812,104,104,1.0
VAIPE_P_164_8.jpg,4,"[1378, 2270, 1781, 2568]",0.7882,73,73,0.6
VAIPE_P_164_9.jpg,0,"[1269, 2954, 1974, 3786]",0.919,2,2,1.0
VAIPE_P_164_9.jpg,1,"[1124, 1688, 1854, 2642]",0.9129,104,104,1.0
VAIPE_P_164_9.jpg,2,"[1342, 1127, 2142, 1591]",0.8926,89,89,1.0
VAIPE_P_164_9.jpg,3,"[888, 2575, 1375, 3427]",0.89,2,2,1.0
VAIPE_P_164_9.jpg,4,"[1159, 1476, 1643, 1856]",0.7062,73,73,1.0
VAIPE_P_164_9.jpg,5,"[1376, 2662, 1851, 3076]",0.6911,73,73,1.0
VAIPE_P_165_0.jpg,0,"[1724, 1314, 2131, 2049]",0.8549,92,92,1.0
VAIPE_P_165_0.jpg,1,"[1226, 1267, 1552, 1647]",0.7248,45,45,1.0
VAIPE_P_165_1.jpg,0,"[1947, 731, 2823, 1263]",0.8857,92,92,1.0
VAIPE_P_165_1.jpg,1,"[2013, 1133, 2394, 1512]",0.8462,45,45,1.0
VAIPE_P_165_10.jpg,0,"[2040, 926, 2504, 1716]",0.8825,92,92,1.0
VAIPE_P_165_10.jpg,1,"[1505, 1416, 1835, 1748]",0.881,45,45,1.0
VAIPE_P_165_11.jpg,0,"[1582, 1126, 2062, 1961]",0.7974,92,92,1.0
VAIPE_P_165_11.jpg,1,"[1159, 1670, 1538, 2130]",0.7799,45,45,1.0
VAIPE_P_165_12.jpg,0,"[2107, 1113, 2371, 1374]",0.8281,84,84,1.0
VAIPE_P_165_12.jpg,1,"[2322, 1016, 2596, 1576]",0.8252,26,26,1.0
VAIPE_P_165_13.jpg,0,"[1835, 160, 2665, 858]",0.7998,26,26,1.0
VAIPE_P_165_14.jpg,-1,,,,NO_DETECTION,
VAIPE_P_165_15.jpg,0,"[1994, 1306, 2351, 1682]",0.7656,84,84,1.0
VAIPE_P_165_15.jpg,1,"[1622, 1224, 2205, 2049]",0.7636,26,26,1.0
VAIPE_P_165_16.jpg,0,"[1335, 1869, 1730, 2261]",0.8276,100,100,1.0
VAIPE_P_165_16.jpg,1,"[1016, 2073, 1945, 2801]",0.7625,26,26,1.0
VAIPE_P_165_17.jpg,0,"[1319, 843, 1712, 1202]",0.6531,98,98,0.6
VAIPE_P_165_18.jpg,0,"[1003, 2428, 1435, 2874]",0.6926,100,100,1.0
VAIPE_P_165_18.jpg,1,"[1727, 1737, 2181, 2659]",0.2972,26,26,1.0
VAIPE_P_165_19.jpg,0,"[1848, 1536, 2680, 2057]",0.8567,26,26,1.0
VAIPE_P_165_19.jpg,1,"[1940, 2213, 2275, 2555]",0.8525,84,84,1.0
VAIPE_P_165_2.jpg,0,"[1200, 1312, 1915, 2146]",0.7022,92,92,1.0
VAIPE_P_165_2.jpg,1,"[1488, 972, 1792, 1335]",0.6563,45,45,1.0
VAIPE_P_165_20.jpg,0,"[773, 1643, 1102, 1985]",0.7962,100,100,1.0
VAIPE_P_165_20.jpg,1,"[90, 962, 340, 1166]",0.7268,47,47,0.6
VAIPE_P_165_20.jpg,2,"[1002, 1728, 1752, 2209]",0.628,26,26,1.0
VAIPE_P_165_21.jpg,0,"[1219, 2763, 2309, 3438]",0.8448,26,26,1.0
VAIPE_P_165_21.jpg,1,"[1337, 2265, 1793, 2734]",0.8318,84,84,0.8
VAIPE_P_165_22.jpg,0,"[1183, 2879, 1616, 3331]",0.7733,31,31,0.6
VAIPE_P_165_22.jpg,1,"[716, 1532, 1314, 2404]",0.5114,26,26,1.0
VAIPE_P_165_3.jpg,0,"[1968, 1144, 2873, 1792]",0.87,92,92,1.0
VAIPE_P_165_3.jpg,1,"[1322, 1544, 1710, 1947]",0.8498,45,45,1.0
VAIPE_P_165_4.jpg,0,"[2197, 1152, 3040, 1646]",0.8932,92,92,1.0
VAIPE_P_165_4.jpg,1,"[2132, 1517, 2491, 1872]",0.8654,45,45,1.0
VAIPE_P_165_5.jpg,0,"[2117, 1302, 2813, 2158]",0.8809,92,92,1.0
VAIPE_P_165_5.jpg,1,"[1348, 1273, 1717, 1660]",0.8548,45,45,1.0
VAIPE_P_165_6.jpg,0,"[1650, 1422, 2109, 2172]",0.8359,92,92,1.0
VAIPE_P_165_6.jpg,1,"[1705, 1157, 2054, 1547]",0.7911,45,45,1.0
VAIPE_P_165_7.jpg,0,"[1724, 985, 2480, 1553]",0.8936,92,92,1.0
VAIPE_P_165_7.jpg,1,"[1491, 1215, 1803, 1525]",0.8806,45,45,1.0
VAIPE_P_165_8.jpg,0,"[1883, 745, 2540, 1471]",0.9087,92,92,1.0
VAIPE_P_165_8.jpg,1,"[2495, 1118, 2828, 1447]",0.8923,45,45,1.0
VAIPE_P_165_9.jpg,0,"[1693, 1078, 2152, 1775]",0.8719,92,92,1.0
VAIPE_P_166_0.jpg,0,"[342, 407, 487, 559]",0.8247,64,64,1.0
VAIPE_P_166_0.jpg,1,"[147, 507, 289, 663]",0.8238,64,64,1.0
VAIPE_P_166_1.jpg,0,"[276, 549, 377, 660]",0.8743,8,8,1.0
VAIPE_P_166_1.jpg,1,"[190, 573, 312, 651]",0.8459,8,8,1.0
VAIPE_P_166_1.jpg,2,"[251, 770, 355, 889]",0.8279,64,64,1.0
VAIPE_P_166_1.jpg,3,"[185, 631, 285, 730]",0.8278,64,64,1.0
VAIPE_P_166_10.jpg,0,"[792, 1956, 1150, 2307]",0.8655,7,7,0.8
VAIPE_P_166_10.jpg,1,"[952, 2585, 1335, 2967]",0.86,7,7,0.8
VAIPE_P_166_10.jpg,2,"[1060, 2046, 1699, 2436]",0.8216,8,8,1.0
VAIPE_P_166_11.jpg,-1,,,,NO_DETECTION,
VAIPE_P_166_12.jpg,0,"[1115, 1752, 1464, 2097]",0.8892,7,7,1.0
VAIPE_P_166_12.jpg,1,"[1489, 1642, 1835, 1994]",0.8846,7,7,1.0
VAIPE_P_166_12.jpg,2,"[977, 2062, 1648, 2409]",0.8776,8,8,1.0
VAIPE_P_166_13.jpg,0,"[1595, 1390, 1847, 1599]",0.2724,46,46,0.8
VAIPE_P_166_2.jpg,-1,,,,NO_DETECTION,
VAIPE_P_166_3.jpg,0,"[1457, 2257, 1780, 2590]",0.8876,7,7,1.0
VAIPE_P_166_3.jpg,1,"[1055, 2447, 1397, 2789]",0.879,70,70,0.6
VAIPE_P_166_3.jpg,2,"[1655, 2244, 2059, 2861]",0.8463,8,8,1.0
VAIPE_P_166_4.jpg,0,"[1536, 2234, 1884, 2590]",0.8554,59,59,0.8
VAIPE_P_166_4.jpg,1,"[1062, 2712, 1419, 3086]",0.8544,7,7,1.0
VAIPE_P_166_4.jpg,2,"[1355, 2484, 1654, 3138]",0.7495,8,8,1.0
VAIPE_P_166_5.jpg,-1,,,,NO_DETECTION,
VAIPE_P_166_6.jpg,0,"[680, 749, 1051, 1038]",0.8274,7,7,1.0
VAIPE_P_166_6.jpg,1,"[1414, 815, 1771, 1112]",0.8159,7,7,1.0
VAIPE_P_166_6.jpg,2,"[1186, 701, 1468, 1136]",0.4542,8,8,1.0
VAIPE_P_166_7.jpg,0,"[1387, 2090, 1736, 2428]",0.746,7,7,1.0
VAIPE_P_166_7.jpg,1,"[763, 1580, 1443, 2320]",0.506,8,8,1.0
VAIPE_P_166_7.jpg,2,"[412, 0, 732, 414]",0.4876,23,23,1.0
VAIPE_P_166_7.jpg,3,"[850, 1578, 1316, 2312]",0.2934,8,8,1.0
VAIPE_P_166_8.jpg,0,"[1715, 1547, 2099, 1921]",0.8859,7,7,0.6
VAIPE_P_166_8.jpg,1,"[1591, 1863, 2321, 2210]",0.8851,8,8,1.0
VAIPE_P_166_8.jpg,2,"[1210, 1497, 1612, 1901]",0.8631,7,7,1.0
VAIPE_P_166_9.jpg,0,"[970, 1584, 1394, 2010]",0.8691,70,70,1.0
VAIPE_P_166_9.jpg,1,"[1014, 2312, 1446, 2747]",0.8626,7,7,0.8
VAIPE_P_166_9.jpg,2,"[1300, 1786, 1684, 2548]",0.8257,8,8,1.0
VAIPE_P_167_0.jpg,0,"[2129, 1150, 2846, 1584]",0.8864,92,92,1.0
VAIPE_P_167_0.jpg,1,"[2124, 1479, 2805, 1904]",0.8457,1,1,1.0
VAIPE_P_167_0.jpg,2,"[1755, 1813, 2053, 2235]",0.829,14,14,0.8
VAIPE_P_167_1.jpg,0,"[2194, 1620, 2553, 2485]",0.8719,92,92,1.0
VAIPE_P_167_1.jpg,1,"[1802, 1468, 2130, 1867]",0.8706,79,79,0.8
VAIPE_P_167_1.jpg,2,"[1223, 1183, 1770, 1890]",0.8458,1,1,1.0
VAIPE_P_167_10.jpg,0,"[2334, 1514, 3055, 1936]",0.8855,92,92,1.0
VAIPE_P_167_10.jpg,1,"[1920, 1828, 2436, 2456]",0.8843,1,1,1.0
VAIPE_P_167_11.jpg,0,"[2362, 1225, 2737, 1930]",0.8872,92,92,1.0
VAIPE_P_167_11.jpg,1,"[2802, 1354, 3158, 2023]",0.8672,1,1,1.0
VAIPE_P_167_12.jpg,0,"[1943, 1107, 2483, 1891]",0.8223,92,92,1.0
VAIPE_P_167_13.jpg,0,"[2398, 1400, 2752, 1843]",0.771,14,14,1.0
VAIPE_P_167_14.jpg,0,"[2133, 1358, 2563, 1776]",0.8143,14,14,1.0
VAIPE_P_167_15.jpg,0,"[1540, 1127, 2252, 1877]",0.8877,1,1,1.0
VAIPE_P_167_15.jpg,1,"[2297, 1390, 3221, 2116]",0.8852,92,92,1.0
VAIPE_P_167_15.jpg,2,"[2464, 705, 3027, 1050]",0.8349,14,14,1.0
VAIPE_P_167_16.jpg,0,"[1603, 1463, 2395, 1924]",0.8629,92,92,1.0
VAIPE_P_167_17.jpg,0,"[2530, 1483, 3228, 1848]",0.881,48,48,0.4
VAIPE_P_167_17.jpg,1,"[2241, 1355, 2595, 2001]",0.8686,1,1,1.0
VAIPE_P_167_18.jpg,0,"[1835, 1349, 2348, 2115]",0.8114,92,92,1.0
VAIPE_P_167_19.jpg,0,"[1582, 687, 2021, 1042]",0.8719,14,14,1.0
VAIPE_P_167_19.jpg,1,"[1857, 938, 2623, 1435]",0.8643,92,92,1.0
VAIPE_P_167_19.jpg,2,"[1426, 1062, 1981, 1768]",0.8073,1,1,1.0
VAIPE_P_167_2.jpg,0,"[1726, 1562, 2474, 2016]",0.8175,92,92,1.0
VAIPE_P_167_20.jpg,0,"[1023, 2012, 1529, 2438]",0.8869,92,92,1.0
VAIPE_P_167_20.jpg,1,"[901, 2327, 1113, 2668]",0.8503,14,14,1.0
VAIPE_P_167_20.jpg,2,"[1246, 2344, 1763, 2851]",0.8209,101,101,1.0
VAIPE_P_167_21.jpg,0,"[1324, 282, 1582, 664]",0.8303,14,14,1.0
VAIPE_P_167_21.jpg,1,"[1016, 381, 1504, 1026]",0.6729,101,101,1.0
VAIPE_P_167_21.jpg,2,"[1232, 915, 2092, 1356]",0.5503,92,92,1.0
VAIPE_P_167_22.jpg,0,"[2124, 419, 2846, 852]",0.2948,29,29,1.0
VAIPE_P_167_23.jpg,0,"[926, 1923, 1509, 2472]",0.8732,92,92,1.0
VAIPE_P_167_23.jpg,1,"[835, 2367, 1078, 2740]",0.8613,14,14,1.0
VAIPE_P_167_23.jpg,2,"[1228, 2349, 1823, 2888]",0.8225,101,101,1.0
VAIPE_P_167_24.jpg,0,"[1589, 1979, 1961, 2527]",0.8574,92,92,1.0
VAIPE_P_167_24.jpg,1,"[1105, 2335, 1625, 2935]",0.8221,101,101,1.0
VAIPE_P_167_24.jpg,2,"[1308, 2323, 1629, 2513]",0.5868,14,14,1.0
VAIPE_P_167_25.jpg,0,"[816, 1749, 1140, 2008]",0.8576,14,14,1.0
VAIPE_P_167_25.jpg,1,"[1220, 1837, 1517, 2410]",0.6476,92,92,1.0
VAIPE_P_167_25.jpg,2,"[764, 1912, 1272, 2419]",0.3984,101,101,1.0
VAIPE_P_167_26.jpg,0,"[1336, 1683, 1544, 2035]",0.84,14,14,1.0
VAIPE_P_167_26.jpg,1,"[1182, 2095, 1533, 2719]",0.8025,101,101,1.0
VAIPE_P_167_26.jpg,2,"[950, 1343, 1315, 1932]",0.6951,92,92,1.0
VAIPE_P_167_27.jpg,0,"[818, 1883, 1205, 2148]",0.8425,14,14,1.0
VAIPE_P_167_27.jpg,1,"[1340, 1871, 1711, 2541]",0.7741,92,92,1.0
VAIPE_P_167_28.jpg,0,"[1985, 2013, 2431, 2698]",0.865,92,92,1.0
VAIPE_P_167_28.jpg,1,"[415, 1452, 722, 1788]",0.8209,14,14,1.0
VAIPE_P_167_28.jpg,2,"[949, 2208, 1653, 2774]",0.3747,101,101,1.0
VAIPE_P_167_29.jpg,0,"[1135, 1557, 1715, 1931]",0.8834,92,92,1.0
VAIPE_P_167_29.jpg,1,"[1521, 2022, 1848, 2236]",0.8264,14,14,1.0
VAIPE_P_167_29.jpg,2,"[981, 1864, 1604, 2386]",0.6841,101,101,1.0
VAIPE_P_167_3.jpg,0,"[2008, 1023, 2653, 1511]",0.8284,1,1,1.0
VAIPE_P_167_3.jpg,1,"[1691, 781, 2344, 1342]",0.7087,92,92,1.0
VAIPE_P_167_30.jpg,0,"[1928, 1404, 2328, 1659]",0.8039,14,14,1.0
VAIPE_P_167_30.jpg,1,"[1778, 1004, 2151, 1487]",0.5115,92,92,1.0
VAIPE_P_167_31.jpg,0,"[1297, 1985, 1632, 2316]",0.8476,14,14,1.0
VAIPE_P_167_31.jpg,1,"[1737, 1402, 2315, 1798]",0.8091,92,92,1.0
VAIPE_P_167_31.jpg,2,"[1112, 1570, 1623, 2036]",0.7816,101,101,1.0
VAIPE_P_167_32.jpg,0,"[720, 2426, 1385, 2932]",0.8859,92,92,1.0
VAIPE_P_167_32.jpg,1,"[1012, 1913, 1623, 2342]",0.8271,101,101,1.0
VAIPE_P_167_32.jpg,2,"[1039, 2789, 1300, 3149]",0.8186,72,72,0.6
VAIPE_P_167_4.jpg,0,"[1757, 1841, 2345, 2557]",0.8716,92,92,1.0
VAIPE_P_167_5.jpg,0,"[1738, 1597, 2399, 2141]",0.8958,1,1,1.0
VAIPE_P_167_5.jpg,1,"[1960, 1038, 2755, 1490]",0.8867,92,92,1.0
VAIPE_P_167_5.jpg,2,"[2472, 1414, 2933, 1683]",0.8583,14,14,1.0
VAIPE_P_167_6.jpg,0,"[2299, 1628, 2793, 2508]",0.8844,92,92,1.0
VAIPE_P_167_6.jpg,1,"[1410, 1285, 1922, 2063]",0.8834,1,1,1.0
VAIPE_P_167_6.jpg,2,"[2300, 985, 2739, 1402]",0.865,14,14,1.0
VAIPE_P_167_7.jpg,0,"[1623, 1379, 1930, 1845]",0.8827,14,14,1.0
VAIPE_P_167_7.jpg,1,"[2048, 902, 2909, 1403]",0.8675,92,92,1.0
VAIPE_P_167_7.jpg,2,"[1854, 1280, 2281, 2057]",0.8407,1,1,1.0
VAIPE_P_167_8.jpg,0,"[2086, 1382, 2704, 2288]",0.8912,92,92,1.0
VAIPE_P_167_8.jpg,1,"[1534, 1058, 2020, 1875]",0.8746,1,1,1.0
VAIPE_P_167_8.jpg,2,"[1955, 731, 2258, 1242]",0.838,14,14,1.0
VAIPE_P_167_9.jpg,0,"[2167, 1221, 2799, 2027]",0.3917,92,92,1.0
VAIPE_P_168_0.jpg,0,"[277, 547, 373, 644]",0.8773,51,51,1.0
VAIPE_P_168_0.jpg,1,"[363, 563, 470, 678]",0.8454,51,51,1.0
VAIPE_P_168_1.jpg,0,"[281, 563, 402, 683]",0.894,51,51,1.0
VAIPE_P_168_1.jpg,1,"[250, 682, 373, 805]",0.8886,51,51,1.0
VAIPE_P_168_10.jpg,0,"[1094, 2135, 1394, 2542]",0.8705,23,23,1.0
VAIPE_P_168_10.jpg,1,"[844, 2536, 1192, 2891]",0.869,30,30,0.8
VAIPE_P_168_10.jpg,2,"[1477, 1813, 1819, 2144]",0.862,7,7,1.0
VAIPE_P_168_11.jpg,-1,,,,NO_DETECTION,
VAIPE_P_168_12.jpg,0,"[1072, 2351, 1481, 2657]",0.4278,23,23,1.0
VAIPE_P_168_13.jpg,0,"[1191, 1929, 1575, 2297]",0.4746,23,23,1.0
VAIPE_P_168_14.jpg,0,"[1428, 1658, 1842, 1959]",0.7123,23,23,1.0
VAIPE_P_168_15.jpg,0,"[1863, 2150, 2235, 2509]",0.8774,7,7,1.0
VAIPE_P_168_15.jpg,1,"[1038, 2252, 1429, 2616]",0.8497,23,23,1.0
VAIPE_P_168_15.jpg,2,"[1548, 1480, 1902, 1813]",0.7954,7,7,1.0
VAIPE_P_168_16.jpg,0,"[1504, 2039, 1817, 2352]",0.8296,7,7,1.0
VAIPE_P_168_16.jpg,1,"[1260, 2367, 1591, 2756]",0.8086,23,23,1.0
VAIPE_P_168_16.jpg,2,"[1126, 1754, 1435, 2050]",0.7902,7,7,1.0
VAIPE_P_168_17.jpg,0,"[1340, 2521, 1681, 2869]",0.8483,31,31,1.0
VAIPE_P_168_17.jpg,1,"[1553, 1755, 1902, 2090]",0.8126,7,7,1.0
VAIPE_P_168_17.jpg,2,"[892, 2219, 1180, 2655]",0.7742,23,23,1.0
VAIPE_P_168_18.jpg,0,"[2049, 2120, 2496, 2455]",0.6763,23,23,1.0
VAIPE_P_168_18.jpg,1,"[1550, 2381, 1906, 2738]",0.4324,7,7,1.0
VAIPE_P_168_19.jpg,0,"[1482, 1702, 1852, 2062]",0.782,7,7,1.0
VAIPE_P_168_19.jpg,1,"[991, 1409, 1340, 1750]",0.7397,7,7,1.0
VAIPE_P_168_19.jpg,2,"[955, 1752, 1288, 2196]",0.4177,23,23,1.0
VAIPE_P_168_2.jpg,0,"[226, 514, 349, 631]",0.8425,51,51,1.0
VAIPE_P_168_2.jpg,1,"[344, 562, 463, 680]",0.8398,51,51,1.0
VAIPE_P_168_3.jpg,0,"[145, 560, 280, 693]",0.8746,51,51,1.0
VAIPE_P_168_3.jpg,1,"[357, 513, 497, 650]",0.849,51,51,1.0
VAIPE_P_168_4.jpg,0,"[66, 503, 167, 598]",0.8697,51,51,1.0
VAIPE_P_168_4.jpg,1,"[440, 489, 530, 579]",0.8539,51,51,1.0
VAIPE_P_168_5.jpg,0,"[245, 649, 332, 740]",0.898,51,51,1.0
VAIPE_P_168_5.jpg,1,"[324, 505, 412, 594]",0.8837,51,51,1.0
VAIPE_P_168_5.jpg,2,"[325, 641, 403, 694]",0.87,23,23,1.0
VAIPE_P_168_6.jpg,0,"[262, 711, 383, 838]",0.8841,51,51,1.0
VAIPE_P_168_6.jpg,1,"[325, 569, 451, 696]",0.8661,51,51,1.0
VAIPE_P_168_7.jpg,0,"[1839, 2500, 2170, 2828]",0.879,7,7,1.0
VAIPE_P_168_7.jpg,1,"[1566, 1886, 1892, 2193]",0.8491,7,7,1.0
VAIPE_P_168_7.jpg,2,"[907, 2784, 1244, 3172]",0.8322,23,23,1.0
VAIPE_P_168_7.jpg,3,"[224, 175, 910, 614]",0.5312,89,89,1.0
VAIPE_P_168_8.jpg,0,"[849, 2303, 1233, 2685]",0.8831,7,7,1.0
VAIPE_P_168_8.jpg,1,"[1211, 2069, 1688, 2421]",0.832,23,23,1.0
VAIPE_P_168_8.jpg,2,"[1805, 1074, 2215, 1485]",0.8171,70,70,1.0
VAIPE_P_168_9.jpg,0,"[1074, 1749, 1460, 2079]",0.7934,23,23,1.0
VAIPE_P_168_9.jpg,1,"[1834, 1651, 2162, 1959]",0.7663,22,22,1.0
VAIPE_P_168_9.jpg,2,"[1406, 1834, 1712, 2135]",0.7621,22,22,0.8
VAIPE_P_169_0.jpg,0,"[1128, 1703, 1531, 2213]",0.7926,14,14,1.0
VAIPE_P_169_1.jpg,0,"[1284, 1899, 1992, 2728]",0.8769,92,92,1.0
VAIPE_P_169_1.jpg,1,"[1012, 1623, 1532, 1993]",0.7947,14,14,1.0
VAIPE_P_169_10.jpg,0,"[1470, 1887, 1897, 2461]",0.8855,91,91,1.0
VAIPE_P_169_10.jpg,1,"[1033, 2389, 1710, 2837]",0.872,1,1,0.6
VAIPE_P_169_10.jpg,2,"[1659, 2417, 1915, 2832]",0.8542,15,15,1.0
VAIPE_P_169_11.jpg,0,"[1920, 2356, 2099, 2710]",0.6098,14,14,0.4
VAIPE_P_169_11.jpg,1,"[735, 2565, 1409, 2931]",0.6097,1,1,1.0
VAIPE_P_169_11.jpg,2,"[1339, 1684, 1810, 2211]",0.4595,91,91,1.0
VAIPE_P_169_12.jpg,0,"[817, 1966, 1580, 2393]",0.7825,1,1,1.0
VAIPE_P_169_12.jpg,1,"[1484, 1787, 1782, 2241]",0.7675,14,14,1.0
VAIPE_P_169_13.jpg,-1,,,,NO_DETECTION,
VAIPE_P_169_14.jpg,0,"[1450, 1476, 1705, 1844]",0.678,14,14,1.0
VAIPE_P_169_14.jpg,1,"[914, 2118, 1562, 2621]",0.3414,1,1,1.0
VAIPE_P_169_15.jpg,-1,,,,NO_DETECTION,
VAIPE_P_169_16.jpg,0,"[2010, 1526, 2408, 1796]",0.4088,14,14,0.8
VAIPE_P_169_16.jpg,1,"[2166, 2529, 2856, 2941]",0.3903,1,1,1.0
VAIPE_P_169_16.jpg,2,"[789, 2053, 1344, 2583]",0.2793,91,91,1.0
VAIPE_P_169_16.jpg,3,"[1955, 1427, 2442, 1876]",0.2716,14,14,1.0
VAIPE_P_169_17.jpg,0,"[1798, 1752, 2056, 2152]",0.7288,14,14,1.0
VAIPE_P_169_17.jpg,1,"[1245, 892, 1862, 1276]",0.6596,91,91,1.0
VAIPE_P_169_18.jpg,0,"[1442, 1808, 1676, 2170]",0.8124,14,14,1.0
VAIPE_P_169_18.jpg,1,"[847, 2264, 1479, 2810]",0.6608,1,1,1.0
VAIPE_P_169_18.jpg,2,"[766, 2969, 1245, 3681]",0.4921,91,91,1.0
VAIPE_P_169_19.jpg,0,"[1420, 1590, 1924, 2222]",0.8996,1,1,1.0
VAIPE_P_169_19.jpg,1,"[1849, 1676, 2337, 2278]",0.8975,91,91,1.0
VAIPE_P_169_19.jpg,2,"[1560, 2230, 2010, 2507]",0.8294,14,14,1.0
VAIPE_P_169_2.jpg,0,"[1048, 2052, 1692, 2668]",0.8951,92,92,1.0
VAIPE_P_169_2.jpg,1,"[990, 1675, 1466, 2315]",0.8881,1,1,1.0
VAIPE_P_169_20.jpg,0,"[1334, 905, 1753, 1242]",0.7084,14,14,1.0
VAIPE_P_169_21.jpg,0,"[1107, 2522, 1822, 3039]",0.9025,91,91,1.0
VAIPE_P_169_21.jpg,1,"[1705, 1363, 2386, 2007]",0.8942,1,1,1.0
VAIPE_P_169_21.jpg,2,"[884, 2006, 1217, 2392]",0.8853,14,14,1.0
VAIPE_P_169_22.jpg,0,"[1702, 1455, 2168, 1990]",0.876,91,91,1.0
VAIPE_P_169_22.jpg,1,"[1430, 1564, 1927, 2148]",0.8728,1,1,1.0
VAIPE_P_169_22.jpg,2,"[1298, 2363, 1698, 2619]",0.8434,14,14,1.0
VAIPE_P_169_3.jpg,0,"[1139, 1612, 1993, 2128]",0.8525,92,92,1.0
VAIPE_P_169_4.jpg,0,"[756, 1174, 1683, 1834]",0.8726,92,92,1.0
VAIPE_P_169_4.jpg,1,"[1601, 1563, 2127, 2462]",0.866,1,1,1.0
VAIPE_P_169_5.jpg,0,"[1324, 1807, 1603, 2205]",0.788,14,14,1.0
VAIPE_P_169_6.jpg,0,"[1489, 988, 1873, 1265]",0.3013,14,14,1.0
VAIPE_P_169_7.jpg,0,"[932, 1796, 1673, 2336]",0.8844,1,1,1.0
VAIPE_P_169_7.jpg,1,"[1536, 1674, 2117, 2411]",0.8825,91,91,1.0
VAIPE_P_169_7.jpg,2,"[820, 2490, 1306, 2820]",0.8442,14,14,1.0
VAIPE_P_169_8.jpg,0,"[1638, 2282, 2073, 2533]",0.8286,14,14,0.4
VAIPE_P_169_8.jpg,1,"[1190, 2106, 1589, 2802]",0.6427,91,91,1.0
VAIPE_P_169_8.jpg,2,"[846, 1958, 1212, 2671]",0.5649,1,1,1.0
VAIPE_P_169_9.jpg,0,"[1673, 1814, 1949, 2205]",0.772,14,14,1.0
VAIPE_P_169_9.jpg,1,"[792, 1903, 1163, 2560]",0.5906,1,1,1.0
VAIPE_P_169_9.jpg,2,"[1104, 1786, 1635, 2321]",0.4444,91,91,1.0
VAIPE_P_16_0.jpg,0,"[1003, 1894, 1549, 2464]",0.8777,1,1,1.0
VAIPE_P_16_0.jpg,1,"[1570, 1649, 2023, 2329]",0.8735,92,92,1.0
VAIPE_P_16_0.jpg,2,"[1272, 1795, 1651, 2060]",0.8315,14,14,1.0
VAIPE_P_16_1.jpg,0,"[1447, 1757, 2160, 2511]",0.8421,92,92,1.0
VAIPE_P_16_1.jpg,1,"[1068, 2086, 1625, 2866]",0.8409,1,1,1.0
VAIPE_P_16_2.jpg,0,"[1441, 1430, 2167, 1918]",0.8676,1,1,1.0
VAIPE_P_16_2.jpg,1,"[542, 1294, 1304, 1905]",0.8615,92,92,1.0
VAIPE_P_16_3.jpg,0,"[1145, 1838, 1669, 2214]",0.7459,14,14,1.0
VAIPE_P_16_4.jpg,0,"[848, 1649, 1665, 2200]",0.8494,92,92,1.0
VAIPE_P_16_4.jpg,1,"[1532, 1761, 2034, 2159]",0.7682,14,14,1.0
VAIPE_P_16_5.jpg,0,"[1039, 1835, 1552, 2260]",0.5283,14,14,1.0
VAIPE_P_16_5.jpg,1,"[1109, 1925, 1503, 2197]",0.4683,14,14,1.0
VAIPE_P_16_6.jpg,0,"[1312, 1885, 1598, 2353]",0.6323,14,14,1.0
VAIPE_P_16_7.jpg,0,"[1283, 1740, 1791, 2162]",0.7548,14,14,1.0
VAIPE_P_16_8.jpg,0,"[2558, 1177, 3299, 1845]",0.7933,15,15,1.0
VAIPE_P_16_8.jpg,1,"[1421, 1974, 2074, 2613]",0.7735,54,54,0.6
VAIPE_P_16_8.jpg,2,"[1934, 595, 2592, 1551]",0.7071,61,61,1.0
VAIPE_P_16_8.jpg,3,"[3523, 1222, 3935, 1610]",0.6271,36,36,1.0
VAIPE_P_16_8.jpg,4,"[3073, 377, 3472, 756]",0.53,51,51,1.0
VAIPE_P_16_8.jpg,5,"[132, 738, 1265, 1590]",0.3871,67,67,1.0
VAIPE_P_170_0.jpg,0,"[1512, 858, 2430, 1495]",0.8607,104,104,1.0
VAIPE_P_170_0.jpg,1,"[1064, 1424, 1816, 2119]",0.8007,24,24,1.0
VAIPE_P_170_1.jpg,0,"[1578, 610, 2291, 1717]",0.8666,104,104,1.0
VAIPE_P_170_1.jpg,1,"[1305, 1837, 2354, 2360]",0.8496,24,24,1.0
VAIPE_P_170_10.jpg,0,"[1863, 900, 2438, 1932]",0.7471,104,104,1.0
VAIPE_P_170_11.jpg,-1,,,,NO_DETECTION,
VAIPE_P_170_12.jpg,0,"[1785, 1283, 2654, 1856]",0.7351,52,52,1.0
VAIPE_P_170_12.jpg,1,"[2241, 1762, 2815, 2493]",0.5825,24,24,1.0
VAIPE_P_170_13.jpg,0,"[1600, 2070, 2186, 2817]",0.8363,24,24,1.0
VAIPE_P_170_13.jpg,1,"[1437, 1708, 2302, 2224]",0.7191,52,52,1.0
VAIPE_P_170_14.jpg,0,"[603, 1685, 1018, 2277]",0.8338,24,24,1.0
VAIPE_P_170_14.jpg,1,"[422, 2168, 1081, 2906]",0.7685,52,52,1.0
VAIPE_P_170_15.jpg,0,"[1598, 1947, 2011, 2831]",0.8283,52,52,1.0
VAIPE_P_170_15.jpg,1,"[746, 2053, 1469, 2472]",0.5512,24,24,1.0
VAIPE_P_170_16.jpg,0,"[1239, 2558, 1945, 3261]",0.8577,24,24,1.0
VAIPE_P_170_16.jpg,1,"[1346, 1922, 1858, 2735]",0.8464,52,52,1.0
VAIPE_P_170_17.jpg,0,"[1488, 1895, 2363, 2540]",0.8306,52,52,1.0
VAIPE_P_170_17.jpg,1,"[410, 1120, 1148, 1651]",0.5924,24,24,1.0
VAIPE_P_170_17.jpg,2,"[355, 1015, 1198, 1767]",0.4938,24,24,1.0
VAIPE_P_170_18.jpg,0,"[1097, 2091, 1626, 2740]",0.7818,24,24,1.0
VAIPE_P_170_18.jpg,1,"[954, 1789, 1729, 2302]",0.6181,52,52,1.0
VAIPE_P_170_19.jpg,0,"[2173, 1738, 2745, 2640]",0.7792,24,24,1.0
VAIPE_P_170_19.jpg,1,"[1873, 1329, 2846, 2028]",0.308,52,52,1.0
VAIPE_P_170_2.jpg,-1,,,,NO_DETECTION,
VAIPE_P_170_20.jpg,0,"[1558, 1952, 2141, 2793]",0.8072,52,52,1.0
VAIPE_P_170_3.jpg,0,"[1606, 1567, 2610, 2306]",0.8722,104,104,1.0
VAIPE_P_170_3.jpg,1,"[1430, 788, 2190, 1665]",0.857,24,24,1.0
VAIPE_P_170_4.jpg,0,"[1571, 659, 2484, 1460]",0.8885,24,24,1.0
VAIPE_P_170_4.jpg,1,"[1074, 1474, 2205, 2079]",0.863,104,104,1.0
VAIPE_P_170_5.jpg,-1,,,,NO_DETECTION,
VAIPE_P_170_6.jpg,0,"[1449, 1018, 2461, 1710]",0.8862,104,104,1.0
VAIPE_P_170_6.jpg,1,"[1312, 1583, 2249, 2045]",0.8557,24,24,1.0
VAIPE_P_170_7.jpg,0,"[1425, 1007, 2321, 1605]",0.8861,24,24,1.0
VAIPE_P_170_7.jpg,1,"[1939, 1522, 3010, 1958]",0.8537,104,104,1.0
VAIPE_P_170_8.jpg,0,"[1981, 1231, 2575, 2114]",0.8869,24,24,1.0
VAIPE_P_170_8.jpg,1,"[1688, 743, 2808, 1284]",0.8644,104,104,1.0
VAIPE_P_170_9.jpg,0,"[1782, 695, 2257, 1610]",0.5529,104,104,1.0
VAIPE_P_171_0.jpg,0,"[1238, 1657, 1701, 2127]",0.8398,95,95,1.0
VAIPE_P_171_1.jpg,0,"[1318, 2100, 1783, 2539]",0.8717,95,95,1.0
VAIPE_P_171_10.jpg,0,"[1465, 1514, 1887, 1903]",0.8753,95,95,1.0
VAIPE_P_171_11.jpg,0,"[1264, 1336, 1646, 1706]",0.8832,95,95,1.0
VAIPE_P_171_12.jpg,0,"[1330, 1686, 1748, 2131]",0.8296,95,95,1.0
VAIPE_P_171_13.jpg,0,"[1423, 1746, 1854, 2171]",0.8445,95,95,1.0
VAIPE_P_171_14.jpg,0,"[1259, 1471, 1750, 1973]",0.8408,95,95,1.0
VAIPE_P_171_15.jpg,0,"[1227, 2123, 1733, 2648]",0.8589,95,95,1.0
VAIPE_P_171_16.jpg,0,"[1208, 2066, 1760, 2573]",0.7951,64,64,1.0
VAIPE_P_171_17.jpg,-1,,,,NO_DETECTION,
VAIPE_P_171_18.jpg,-1,,,,NO_DETECTION,
VAIPE_P_171_19.jpg,0,"[1149, 1918, 1559, 2336]",0.7631,64,64,1.0
VAIPE_P_171_2.jpg,0,"[1299, 2014, 1732, 2456]",0.8157,95,95,1.0
VAIPE_P_171_20.jpg,-1,,,,NO_DETECTION,
VAIPE_P_171_21.jpg,0,"[1229, 1699, 1754, 2242]",0.6097,64,64,1.0
VAIPE_P_171_22.jpg,-1,,,,NO_DETECTION,
VAIPE_P_171_23.jpg,0,"[1377, 1662, 1769, 2097]",0.7595,64,64,1.0
VAIPE_P_171_3.jpg,0,"[1384, 1868, 1864, 2365]",0.8498,95,95,1.0
VAIPE_P_171_4.jpg,0,"[1389, 1462, 1825, 1875]",0.8843,95,95,1.0
VAIPE_P_171_5.jpg,0,"[1317, 1832, 1708, 2218]",0.7124,95,95,1.0
VAIPE_P_171_6.jpg,0,"[1274, 1866, 1734, 2330]",0.7775,95,95,1.0
VAIPE_P_171_7.jpg,0,"[1292, 1844, 1711, 2270]",0.8145,95,95,1.0
VAIPE_P_171_8.jpg,0,"[1317, 1952, 1842, 2473]",0.853,95,95,1.0
VAIPE_P_171_9.jpg,0,"[1302, 1154, 1713, 1525]",0.8723,95,95,1.0
VAIPE_P_17_0.jpg,0,"[1154, 1876, 1542, 2291]",0.8166,95,95,1.0
VAIPE_P_17_0.jpg,1,"[594, 1849, 855, 2019]",0.8138,23,23,0.6
VAIPE_P_17_0.jpg,2,"[424, 1933, 987, 2261]",0.795,99,99,1.0
VAIPE_P_17_0.jpg,3,"[568, 2110, 1101, 2448]",0.7406,99,99,1.0
VAIPE_P_17_0.jpg,4,"[652, 2423, 894, 2668]",0.6997,7,7,1.0
VAIPE_P_17_1.jpg,-1,,,,NO_DETECTION,
VAIPE_P_17_2.jpg,0,"[1230, 3198, 1708, 3504]",0.757,99,99,1.0
VAIPE_P_17_2.jpg,1,"[1658, 3263, 2107, 3584]",0.6992,99,99,1.0
VAIPE_P_17_2.jpg,2,"[1497, 3407, 1702, 3613]",0.4926,7,7,1.0
VAIPE_P_17_3.jpg,-1,,,,NO_DETECTION,
VAIPE_P_17_4.jpg,-1,,,,NO_DETECTION,
VAIPE_P_17_5.jpg,0,"[396, 2485, 846, 3212]",0.8701,99,99,0.8
VAIPE_P_17_5.jpg,1,"[1011, 2603, 1313, 2900]",0.8579,7,7,1.0
VAIPE_P_17_5.jpg,2,"[921, 2319, 1213, 2607]",0.8459,7,7,1.0
VAIPE_P_17_5.jpg,3,"[640, 2875, 1308, 3453]",0.6961,99,99,1.0
VAIPE_P_17_6.jpg,0,"[776, 1788, 1511, 2167]",0.7826,99,99,1.0
VAIPE_P_17_6.jpg,1,"[1366, 2434, 1730, 2800]",0.7083,7,7,1.0
VAIPE_P_17_6.jpg,2,"[609, 2247, 947, 2584]",0.6658,7,7,1.0
VAIPE_P_17_6.jpg,3,"[847, 2099, 1436, 2734]",0.5701,99,99,1.0
VAIPE_P_17_7.jpg,0,"[1480, 1343, 2418, 2300]",0.9193,36,36,0.4
VAIPE_P_17_7.jpg,1,"[1002, 1199, 1331, 1553]",0.8783,51,51,1.0
VAIPE_P_17_7.jpg,2,"[1346, 2162, 1789, 2607]",0.8722,83,83,1.0
VAIPE_P_17_7.jpg,3,"[1255, 1243, 1570, 1956]",0.8686,24,24,1.0
VAIPE_P_17_7.jpg,4,"[1151, 1997, 1480, 2338]",0.8566,51,51,1.0
VAIPE_P_17_7.jpg,5,"[772, 1742, 1252, 2508]",0.8539,91,91,1.0
VAIPE_P_17_8.jpg,0,"[1795, 653, 2309, 1300]",0.6387,99,99,1.0
VAIPE_P_17_8.jpg,1,"[917, 183, 1435, 653]",0.4504,79,79,1.0
VAIPE_P_17_8.jpg,2,"[1500, 1240, 1984, 1733]",0.4211,86,86,1.0
VAIPE_P_17_9.jpg,0,"[2318, 572, 3564, 1334]",0.9013,16,16,1.0
VAIPE_P_17_9.jpg,1,"[584, 910, 1311, 1605]",0.8865,54,54,0.6
VAIPE_P_17_9.jpg,2,"[2151, 1500, 3162, 2000]",0.8822,8,8,1.0
VAIPE_P_17_9.jpg,3,"[1443, 2111, 1873, 2554]",0.8668,36,36,1.0
VAIPE_P_17_9.jpg,4,"[1593, 1019, 1983, 1414]",0.8563,51,51,1.0
VAIPE_P_18_0.jpg,0,"[736, 2316, 1272, 2850]",0.8567,64,64,1.0
VAIPE_P_18_0.jpg,1,"[1115, 2634, 1612, 3133]",0.854,64,64,1.0
VAIPE_P_18_0.jpg,2,"[1164, 3148, 1668, 3635]",0.8332,78,78,1.0
VAIPE_P_18_1.jpg,-1,,,,NO_DETECTION,
VAIPE_P_18_2.jpg,0,"[1792, 2161, 2274, 2625]",0.8905,64,64,1.0
VAIPE_P_18_2.jpg,1,"[1313, 2390, 1790, 2878]",0.8705,64,64,1.0
VAIPE_P_18_2.jpg,2,"[1794, 2594, 2247, 3073]",0.8595,78,78,1.0
VAIPE_P_18_3.jpg,-1,,,,NO_DETECTION,
VAIPE_P_18_4.jpg,-1,,,,NO_DETECTION,
VAIPE_P_18_5.jpg,0,"[1169, 3167, 1672, 3656]",0.8524,78,78,1.0
VAIPE_P_18_5.jpg,1,"[1215, 2676, 1727, 3186]",0.8395,64,64,1.0
VAIPE_P_18_5.jpg,2,"[1668, 2446, 2117, 2958]",0.8374,64,64,1.0
VAIPE_P_18_6.jpg,0,"[1384, 3216, 1961, 3821]",0.8622,78,78,1.0
VAIPE_P_18_6.jpg,1,"[1812, 2492, 2463, 3162]",0.843,64,64,1.0
VAIPE_P_18_6.jpg,2,"[988, 2703, 1631, 3348]",0.8322,64,64,1.0
VAIPE_P_18_7.jpg,-1,,,,NO_DETECTION,
VAIPE_P_18_8.jpg,0,"[290, 386, 675, 752]",0.2826,100,100,1.0
VAIPE_P_18_9.jpg,0,"[2055, 941, 2449, 1460]",0.8876,97,97,1.0
VAIPE_P_18_9.jpg,1,"[1946, 390, 2435, 932]",0.8874,92,92,1.0
VAIPE_P_18_9.jpg,2,"[1933, 1682, 2336, 2195]",0.8781,38,38,1.0
VAIPE_P_18_9.jpg,3,"[2552, 1405, 2937, 2065]",0.8744,96,96,0.6
VAIPE_P_18_9.jpg,4,"[1485, 2358, 2027, 2916]",0.8721,54,54,0.8
VAIPE_P_18_9.jpg,5,"[1560, 1237, 1996, 1670]",0.8343,57,57,1.0
VAIPE_P_19_0.jpg,0,"[1221, 2618, 1579, 2983]",0.7904,84,84,1.0
VAIPE_P_19_1.jpg,0,"[1348, 1903, 1672, 2258]",0.8386,84,84,1.0
VAIPE_P_19_10.jpg,0,"[1563, 1100, 2423, 2088]",0.7854,52,52,0.8
VAIPE_P_19_10.jpg,1,"[347, 2106, 1621, 2760]",0.6559,68,68,1.0
VAIPE_P_19_2.jpg,-1,,,,NO_DETECTION,
VAIPE_P_19_3.jpg,0,"[1503, 2458, 1800, 2762]",0.8464,84,84,1.0
VAIPE_P_19_4.jpg,0,"[1151, 1970, 1455, 2265]",0.8485,84,84,1.0
VAIPE_P_19_5.jpg,0,"[1191, 1893, 1472, 2178]",0.7088,84,84,1.0
VAIPE_P_19_6.jpg,0,"[1483, 2355, 1809, 2679]",0.8782,84,84,1.0
VAIPE_P_19_7.jpg,0,"[1229, 2102, 1609, 2469]",0.7653,84,84,1.0
VAIPE_P_19_8.jpg,0,"[1693, 400, 2494, 1088]",0.8421,92,92,1.0
VAIPE_P_19_8.jpg,1,"[1737, 2168, 2185, 2607]",0.7539,51,51,1.0
VAIPE_P_19_8.jpg,2,"[2785, 395, 3215, 801]",0.6973,51,51,1.0
VAIPE_P_19_8.jpg,3,"[2265, 1568, 2803, 2098]",0.6851,83,83,1.0
VAIPE_P_19_8.jpg,4,"[3074, 1176, 3678, 1771]",0.6738,64,64,1.0
VAIPE_P_19_9.jpg,0,"[1863, 1423, 2563, 2876]",0.873,68,68,0.6
VAIPE_P_19_9.jpg,1,"[2728, 943, 3761, 1613]",0.8649,29,29,0.4
VAIPE_P_19_9.jpg,2,"[1893, 211, 2545, 868]",0.8341,64,64,1.0
VAIPE_P_19_9.jpg,3,"[826, 230, 1371, 766]",0.7218,45,45,0.6
VAIPE_P_1_0.jpg,0,"[2404, 939, 3047, 1862]",0.8829,56,56,1.0
VAIPE_P_1_1.jpg,0,"[2895, 1031, 3435, 1546]",0.8806,72,72,0.4
VAIPE_P_1_1.jpg,1,"[2002, 369, 2568, 1377]",0.865,48,48,0.8
VAIPE_P_1_1.jpg,2,"[1149, 803, 1631, 1292]",0.8638,51,51,0.8
VAIPE_P_1_1.jpg,3,"[1864, 2428, 2274, 2844]",0.8535,36,36,1.0
VAIPE_P_1_1.jpg,4,"[1301, 1683, 1756, 2140]",0.8071,36,36,0.6
VAIPE_P_20_0.jpg,0,"[1292, 1466, 1764, 1939]",0.7784,64,64,1.0
VAIPE_P_20_0.jpg,1,"[1240, 2076, 1626, 2468]",0.7417,40,40,1.0
VAIPE_P_20_0.jpg,2,"[892, 2413, 1367, 2876]",0.582,64,64,1.0
VAIPE_P_20_0.jpg,3,"[794, 2927, 1298, 3458]",0.3609,64,64,1.0
VAIPE_P_20_1.jpg,0,"[513, 729, 1207, 1397]",0.8677,51,51,1.0
VAIPE_P_20_1.jpg,1,"[1401, 1757, 2077, 2681]",0.8654,91,91,1.0
VAIPE_P_20_1.jpg,2,"[1926, 859, 2836, 1697]",0.8407,69,69,1.0
VAIPE_P_20_1.jpg,3,"[1594, 244, 2161, 774]",0.7606,31,31,1.0
VAIPE_P_20_2.jpg,0,"[1934, 1349, 3070, 1868]",0.8519,10,10,1.0
VAIPE_P_20_2.jpg,1,"[1911, 165, 2860, 913]",0.8264,92,92,1.0
VAIPE_P_20_2.jpg,2,"[1942, 2122, 2647, 2835]",0.7833,80,80,1.0
VAIPE_P_20_2.jpg,3,"[1060, 907, 1476, 1316]",0.74,28,28,0.4
VAIPE_P_20_2.jpg,4,"[1280, 1992, 1757, 2460]",0.5683,36,36,1.0
VAIPE_P_20_3.jpg,0,"[1056, 1724, 2225, 2533]",0.8994,10,10,1.0
VAIPE_P_20_3.jpg,1,"[756, 491, 1436, 1562]",0.889,91,91,1.0
VAIPE_P_20_3.jpg,2,"[2520, 935, 3329, 1719]",0.8827,54,54,1.0
VAIPE_P_20_3.jpg,3,"[1685, 577, 2299, 1188]",0.7981,15,15,1.0
VAIPE_P_21_0.jpg,0,"[153, 154, 192, 231]",0.8926,10,10,1.0
VAIPE_P_21_0.jpg,1,"[144, 259, 215, 326]",0.8867,10,10,1.0
VAIPE_P_21_0.jpg,2,"[94, 247, 134, 286]",0.8808,78,78,1.0
VAIPE_P_21_1.jpg,0,"[119, 247, 187, 317]",0.884,10,10,1.0
VAIPE_P_21_1.jpg,1,"[124, 198, 167, 238]",0.8638,78,78,0.6
VAIPE_P_21_1.jpg,2,"[100, 110, 180, 146]",0.8461,10,10,1.0
VAIPE_P_21_2.jpg,0,"[138, 175, 183, 239]",0.8986,10,10,1.0
VAIPE_P_21_2.jpg,1,"[27, 163, 94, 211]",0.8978,10,10,1.0
VAIPE_P_21_2.jpg,2,"[193, 234, 229, 270]",0.8839,51,51,0.8
VAIPE_P_21_3.jpg,0,"[53, 172, 123, 216]",0.9066,10,10,1.0
VAIPE_P_21_3.jpg,1,"[69, 215, 123, 280]",0.9041,10,10,1.0
VAIPE_P_21_3.jpg,2,"[93, 150, 128, 184]",0.8878,78,78,1.0
VAIPE_P_21_4.jpg,0,"[15, 246, 82, 286]",0.9093,10,10,1.0
VAIPE_P_21_4.jpg,1,"[182, 171, 211, 237]",0.89,10,10,1.0
VAIPE_P_21_4.jpg,2,"[126, 271, 162, 308]",0.8736,78,78,1.0
VAIPE_P_21_5.jpg,0,"[125, 282, 186, 349]",0.9159,10,10,1.0
VAIPE_P_21_5.jpg,1,"[75, 204, 150, 240]",0.8927,10,10,1.0
VAIPE_P_21_5.jpg,2,"[161, 204, 203, 246]",0.8763,36,36,1.0
VAIPE_P_21_6.jpg,0,"[151, 202, 211, 246]",0.8914,10,10,1.0
VAIPE_P_21_6.jpg,1,"[177, 264, 213, 299]",0.8682,36,36,0.6
VAIPE_P_21_6.jpg,2,"[81, 146, 150, 175]",0.8562,10,10,1.0
VAIPE_P_21_7.jpg,0,"[193, 249, 253, 298]",0.9056,10,10,1.0
VAIPE_P_21_7.jpg,1,"[59, 185, 119, 228]",0.8944,10,10,1.0
VAIPE_P_21_7.jpg,2,"[110, 269, 148, 306]",0.8643,36,36,0.8
VAIPE_P_22_0.jpg,-1,,,,NO_DETECTION,
VAIPE_P_22_1.jpg,0,"[773, 2555, 1259, 3417]",0.6639,89,89,1.0
VAIPE_P_22_10.jpg,-1,,,,NO_DETECTION,
VAIPE_P_22_11.jpg,-1,,,,NO_DETECTION,
VAIPE_P_22_12.jpg,0,"[370, 2328, 1065, 2793]",0.3445,27,27,1.0
VAIPE_P_22_12.jpg,1,"[1907, 2396, 2353, 3227]",0.327,2,2,1.0
VAIPE_P_22_13.jpg,-1,,,,NO_DETECTION,
VAIPE_P_22_14.jpg,-1,,,,NO_DETECTION,
VAIPE_P_22_15.jpg,-1,,,,NO_DETECTION,
VAIPE_P_22_16.jpg,-1,,,,NO_DETECTION,
VAIPE_P_22_17.jpg,-1,,,,NO_DETECTION,
VAIPE_P_22_18.jpg,-1,,,,NO_DETECTION,
VAIPE_P_22_2.jpg,-1,,,,NO_DETECTION,
VAIPE_P_22_3.jpg,-1,,,,NO_DETECTION,
VAIPE_P_22_4.jpg,0,"[1454, 2270, 1779, 2567]",0.6284,73,73,1.0
VAIPE_P_22_4.jpg,1,"[1318, 1930, 1738, 2387]",0.4954,89,89,1.0
VAIPE_P_22_4.jpg,2,"[595, 1814, 930, 2259]",0.4501,27,27,1.0
VAIPE_P_22_4.jpg,3,"[551, 2250, 819, 2579]",0.2772,73,73,1.0
VAIPE_P_22_4.jpg,4,"[778, 1934, 1174, 2435]",0.253,89,89,1.0
VAIPE_P_22_5.jpg,0,"[323, 1952, 663, 2372]",0.7762,73,73,1.0
VAIPE_P_22_5.jpg,1,"[916, 1474, 1358, 1948]",0.2703,27,27,1.0
VAIPE_P_22_5.jpg,2,"[850, 1927, 1319, 2470]",0.2556,89,89,1.0
VAIPE_P_22_6.jpg,0,"[661, 1955, 1478, 2407]",0.4977,89,89,1.0
VAIPE_P_22_7.jpg,-1,,,,NO_DETECTION,
VAIPE_P_22_8.jpg,0,"[2496, 2720, 2851, 3396]",0.2674,27,27,0.8
VAIPE_P_22_8.jpg,1,"[1114, 2201, 1472, 2463]",0.2584,73,73,1.0
VAIPE_P_22_9.jpg,-1,,,,NO_DETECTION,
VAIPE_P_23_0.jpg,0,"[1181, 1590, 1508, 2117]",0.7423,15,15,1.0
VAIPE_P_23_1.jpg,0,"[1104, 1491, 1502, 2013]",0.8968,79,79,1.0
VAIPE_P_23_1.jpg,1,"[1343, 1734, 1730, 2123]",0.8894,64,64,1.0
VAIPE_P_23_1.jpg,2,"[1449, 2083, 1861, 2463]",0.8848,64,64,1.0
VAIPE_P_23_10.jpg,0,"[890, 1284, 1252, 1675]",0.8979,64,64,1.0
VAIPE_P_23_10.jpg,1,"[1574, 1652, 1922, 2024]",0.8967,64,64,1.0
VAIPE_P_23_10.jpg,2,"[1000, 1778, 1472, 2117]",0.8845,79,79,1.0
VAIPE_P_23_10.jpg,3,"[1524, 1316, 1726, 1604]",0.8302,41,41,1.0
VAIPE_P_23_11.jpg,0,"[1372, 1769, 2005, 2084]",0.8258,15,15,1.0
VAIPE_P_23_12.jpg,0,"[1289, 1544, 1710, 2001]",0.8866,79,79,1.0
VAIPE_P_23_12.jpg,1,"[1551, 1716, 1919, 2112]",0.884,64,64,1.0
VAIPE_P_23_12.jpg,2,"[1779, 2190, 2171, 2576]",0.8635,64,64,1.0
VAIPE_P_23_13.jpg,0,"[1479, 1770, 1860, 2163]",0.8898,64,64,1.0
VAIPE_P_23_13.jpg,1,"[1439, 2133, 1815, 2510]",0.8822,64,64,1.0
VAIPE_P_23_13.jpg,2,"[1180, 1663, 1462, 2211]",0.8815,79,79,1.0
VAIPE_P_23_14.jpg,0,"[1328, 2109, 1807, 2476]",0.8091,15,15,1.0
VAIPE_P_23_15.jpg,0,"[1442, 1763, 1883, 2184]",0.8944,64,64,1.0
VAIPE_P_23_15.jpg,1,"[944, 1849, 1373, 2278]",0.8877,64,64,1.0
VAIPE_P_23_15.jpg,2,"[1136, 1240, 1639, 1706]",0.8827,79,79,1.0
VAIPE_P_23_15.jpg,3,"[1309, 2206, 1649, 2540]",0.8601,41,41,1.0
VAIPE_P_23_16.jpg,0,"[1483, 1892, 1855, 2205]",0.892,64,64,1.0
VAIPE_P_23_16.jpg,1,"[1496, 1530, 1881, 1917]",0.8914,64,64,1.0
VAIPE_P_23_16.jpg,2,"[1896, 1735, 2200, 2268]",0.8909,79,79,1.0
VAIPE_P_23_16.jpg,3,"[1536, 2146, 1848, 2417]",0.8571,41,41,1.0
VAIPE_P_23_17.jpg,0,"[1162, 2127, 1676, 2434]",0.8517,15,15,1.0
VAIPE_P_23_18.jpg,0,"[271, 395, 1558, 1449]",0.8893,67,67,1.0
VAIPE_P_23_18.jpg,1,"[2880, 521, 3691, 1338]",0.888,54,54,1.0
VAIPE_P_23_18.jpg,2,"[2525, 1905, 3222, 2603]",0.8629,51,51,1.0
VAIPE_P_23_18.jpg,3,"[2117, 1084, 2634, 1629]",0.8003,51,51,1.0
VAIPE_P_23_18.jpg,4,"[1108, 1914, 1657, 2465]",0.7883,51,51,1.0
VAIPE_P_23_19.jpg,0,"[1284, 2135, 1766, 2471]",0.8662,15,15,0.6
VAIPE_P_23_19.jpg,1,"[736, 1771, 1167, 2564]",0.8462,26,26,1.0
VAIPE_P_23_19.jpg,2,"[870, 1368, 1663, 2135]",0.8223,10,10,1.0
VAIPE_P_23_19.jpg,3,"[1507, 2354, 1958, 2796]",0.7198,59,59,1.0
VAIPE_P_23_2.jpg,0,"[1264, 1824, 1767, 2243]",0.7969,15,15,1.0
VAIPE_P_23_20.jpg,0,"[1305, 0, 2592, 1217]",0.8371,53,53,0.8
VAIPE_P_23_20.jpg,1,"[2341, 1150, 3632, 2399]",0.8351,57,57,1.0
VAIPE_P_23_20.jpg,2,"[2165, 1101, 2577, 1511]",0.7003,30,30,1.0
VAIPE_P_23_20.jpg,3,"[1202, 1568, 2272, 2257]",0.4275,91,91,1.0
VAIPE_P_23_20.jpg,4,"[1878, 1324, 2297, 1715]",0.4268,30,30,1.0
VAIPE_P_23_3.jpg,0,"[1662, 1681, 1993, 2039]",0.9016,64,64,1.0
VAIPE_P_23_3.jpg,1,"[1137, 1812, 1563, 2192]",0.8929,79,79,1.0
VAIPE_P_23_3.jpg,2,"[976, 1310, 1321, 1696]",0.889,64,64,1.0
VAIPE_P_23_3.jpg,3,"[1161, 1590, 1433, 1843]",0.8492,41,41,1.0
VAIPE_P_23_4.jpg,0,"[1407, 1739, 1932, 2032]",0.9106,79,79,1.0
VAIPE_P_23_4.jpg,1,"[1449, 2095, 1859, 2492]",0.9076,64,64,1.0
VAIPE_P_23_4.jpg,2,"[1745, 2360, 2156, 2762]",0.8967,64,64,1.0
VAIPE_P_23_4.jpg,3,"[800, 1808, 1110, 2110]",0.875,41,41,1.0
VAIPE_P_23_5.jpg,0,"[909, 2165, 1259, 2515]",0.9022,64,64,1.0
VAIPE_P_23_5.jpg,1,"[1361, 2309, 1674, 2636]",0.8913,64,64,1.0
VAIPE_P_23_5.jpg,2,"[1584, 2567, 1944, 2990]",0.8907,79,79,1.0
VAIPE_P_23_5.jpg,3,"[1827, 2139, 2070, 2401]",0.8689,41,41,1.0
VAIPE_P_23_6.jpg,0,"[1381, 1893, 1766, 2270]",0.8918,64,64,1.0
VAIPE_P_23_6.jpg,1,"[1247, 2267, 1659, 2680]",0.891,64,64,1.0
VAIPE_P_23_6.jpg,2,"[957, 1695, 1467, 2046]",0.8811,79,79,1.0
VAIPE_P_23_7.jpg,0,"[1133, 1862, 1520, 2191]",0.9036,64,64,1.0
VAIPE_P_23_7.jpg,1,"[1164, 2183, 1542, 2579]",0.9016,64,64,1.0
VAIPE_P_23_7.jpg,2,"[1487, 1804, 1973, 2236]",0.897,79,79,1.0
VAIPE_P_23_7.jpg,3,"[842, 2349, 1157, 2662]",0.8774,41,41,1.0
VAIPE_P_23_8.jpg,0,"[1510, 1481, 1966, 1784]",0.8798,79,79,1.0
VAIPE_P_23_8.jpg,1,"[1271, 1942, 1608, 2299]",0.8743,64,64,1.0
VAIPE_P_23_8.jpg,2,"[999, 1892, 1328, 2245]",0.8694,64,64,1.0
VAIPE_P_23_9.jpg,0,"[992, 1767, 1412, 2171]",0.8941,79,79,1.0
VAIPE_P_23_9.jpg,1,"[1605, 2023, 1966, 2397]",0.8928,64,64,1.0
VAIPE_P_23_9.jpg,2,"[1596, 1695, 1939, 2044]",0.892,64,64,1.0
VAIPE_P_24_0.jpg,-1,,,,NO_DETECTION,
VAIPE_P_24_1.jpg,-1,,,,NO_DETECTION,
VAIPE_P_25_0.jpg,-1,,,,NO_DETECTION,
VAIPE_P_25_1.jpg,0,"[1475, 1992, 2388, 2858]",0.8791,91,91,1.0
VAIPE_P_25_1.jpg,1,"[2617, 400, 3607, 1333]",0.8757,104,104,1.0
VAIPE_P_25_1.jpg,2,"[1931, 1356, 3000, 2070]",0.8609,16,16,1.0
VAIPE_P_25_1.jpg,3,"[1102, 648, 1802, 1214]",0.8348,97,97,0.8
VAIPE_P_26_0.jpg,0,"[699, 2413, 1230, 2729]",0.8497,15,15,1.0
VAIPE_P_26_1.jpg,0,"[1735, 324, 2477, 1643]",0.8616,104,104,1.0
VAIPE_P_26_1.jpg,1,"[564, 1721, 1052, 2208]",0.7779,51,51,0.8
VAIPE_P_26_1.jpg,2,"[779, 754, 1549, 1583]",0.7545,87,87,1.0
VAIPE_P_26_1.jpg,3,"[1482, 1888, 2263, 3041]",0.2994,26,26,0.6
VAIPE_P_26_2.jpg,0,"[2127, 95, 3051, 960]",0.8469,48,48,1.0
VAIPE_P_26_2.jpg,1,"[1671, 1840, 2503, 2683]",0.8176,7,7,1.0
VAIPE_P_26_2.jpg,2,"[3206, 1325, 3919, 2016]",0.7508,95,95,1.0
VAIPE_P_26_2.jpg,3,"[1343, 1076, 2025, 1757]",0.6656,31,31,1.0
VAIPE_P_27_0.jpg,0,"[842, 2211, 1198, 2735]",0.5381,79,79,1.0
VAIPE_P_27_1.jpg,-1,,,,NO_DETECTION,
VAIPE_P_28_0.jpg,0,"[1737, 1826, 2451, 2410]",0.894,10,10,1.0
VAIPE_P_28_0.jpg,1,"[2451, 661, 3208, 1298]",0.8855,10,10,1.0
VAIPE_P_28_0.jpg,2,"[1997, 1464, 2773, 1877]",0.8839,90,90,1.0
VAIPE_P_28_0.jpg,3,"[1266, 966, 1710, 1338]",0.8494,29,29,1.0
VAIPE_P_28_1.jpg,0,"[1822, 2258, 2555, 2888]",0.884,90,90,1.0
VAIPE_P_28_1.jpg,1,"[988, 2625, 1420, 3004]",0.8704,29,29,1.0
VAIPE_P_28_1.jpg,2,"[390, 1748, 1109, 2400]",0.8692,10,10,1.0
VAIPE_P_28_1.jpg,3,"[1538, 1183, 1903, 1983]",0.8139,10,10,1.0
VAIPE_P_28_2.jpg,0,"[1275, 2094, 1629, 2839]",0.9178,2,2,0.8
VAIPE_P_28_2.jpg,1,"[1526, 2110, 1866, 2794]",0.9013,10,10,0.8
VAIPE_P_28_2.jpg,2,"[1573, 1729, 2028, 2188]",0.8981,55,55,1.0
VAIPE_P_28_2.jpg,3,"[1098, 2461, 1531, 3166]",0.8838,10,10,1.0
VAIPE_P_28_2.jpg,4,"[1088, 1745, 1380, 2041]",0.8688,7,7,1.0
VAIPE_P_28_2.jpg,5,"[896, 1902, 1173, 2186]",0.8547,59,59,1.0
VAIPE_P_29_0.jpg,0,"[1110, 2727, 1463, 3071]",0.8388,64,64,1.0
VAIPE_P_29_0.jpg,1,"[1522, 1914, 1887, 2253]",0.7982,64,64,1.0
VAIPE_P_29_1.jpg,0,"[246, 2925, 761, 3441]",0.7952,54,54,1.0
VAIPE_P_29_2.jpg,0,"[2170, 777, 2792, 1391]",0.7792,54,54,1.0
VAIPE_P_29_3.jpg,0,"[1206, 1848, 1637, 2281]",0.749,64,64,1.0
VAIPE_P_29_3.jpg,1,"[853, 2747, 1293, 3217]",0.6939,64,64,1.0
VAIPE_P_29_4.jpg,0,"[201, 2291, 657, 2734]",0.7226,64,64,1.0
VAIPE_P_29_4.jpg,1,"[429, 2601, 901, 3099]",0.606,64,64,1.0
VAIPE_P_29_5.jpg,0,"[1480, 1447, 1943, 1888]",0.8424,54,54,1.0
VAIPE_P_29_5.jpg,1,"[1794, 1867, 2300, 2345]",0.8104,54,54,1.0
VAIPE_P_29_5.jpg,2,"[878, 1724, 1315, 2159]",0.5168,64,64,1.0
VAIPE_P_29_5.jpg,3,"[1310, 2290, 1759, 2746]",0.4909,64,64,1.0
VAIPE_P_29_6.jpg,-1,,,,NO_DETECTION,
VAIPE_P_2_0.jpg,-1,,,,NO_DETECTION,
VAIPE_P_2_1.jpg,0,"[1001, 314, 1943, 1082]",0.8539,104,104,1.0
VAIPE_P_2_1.jpg,1,"[885, 1293, 1638, 2043]",0.7217,91,91,1.0
VAIPE_P_2_1.jpg,2,"[2607, 1709, 3500, 2179]",0.6761,99,99,1.0
VAIPE_P_2_1.jpg,3,"[2141, 612, 2680, 1161]",0.6388,51,51,0.6
VAIPE_P_2_1.jpg,4,"[1762, 2019, 2334, 2591]",0.5266,44,44,0.6
VAIPE_P_2_2.jpg,0,"[1154, 2049, 1943, 3002]",0.9038,101,101,1.0
VAIPE_P_2_2.jpg,1,"[646, 2826, 1672, 3429]",0.9007,102,102,1.0
VAIPE_P_2_2.jpg,2,"[1970, 1209, 2668, 2215]",0.8958,48,48,0.4
VAIPE_P_2_2.jpg,3,"[773, 3241, 1927, 3927]",0.8814,72,72,0.8
VAIPE_P_2_2.jpg,4,"[165, 1415, 921, 2149]",0.8751,100,100,1.0
VAIPE_P_2_2.jpg,5,"[1358, 1321, 1846, 1836]",0.7925,100,100,1.0
VAIPE_P_30_0.jpg,-1,,,,NO_DETECTION,
VAIPE_P_30_1.jpg,-1,,,,NO_DETECTION,
VAIPE_P_30_2.jpg,-1,,,,NO_DETECTION,
VAIPE_P_30_3.jpg,-1,,,,NO_DETECTION,
VAIPE_P_30_4.jpg,-1,,,,NO_DETECTION,
VAIPE_P_30_5.jpg,0,"[884, 2288, 1326, 2740]",0.5769,64,64,1.0
VAIPE_P_30_5.jpg,1,"[479, 2086, 1039, 2571]",0.3244,103,103,1.0
VAIPE_P_30_6.jpg,-1,,,,NO_DETECTION,
VAIPE_P_30_7.jpg,-1,,,,NO_DETECTION,
VAIPE_P_30_8.jpg,0,"[1901, 1889, 2366, 2355]",0.7702,4,4,1.0
VAIPE_P_30_8.jpg,1,"[249, 1478, 886, 2505]",0.6474,89,89,0.4
VAIPE_P_30_8.jpg,2,"[808, 1390, 1490, 1994]",0.5951,58,58,1.0
VAIPE_P_30_8.jpg,3,"[749, 2584, 1577, 3143]",0.5297,58,58,1.0
VAIPE_P_30_8.jpg,4,"[677, 1821, 1825, 2604]",0.2571,60,60,0.8
VAIPE_P_31_0.jpg,-1,,,,NO_DETECTION,
VAIPE_P_31_1.jpg,0,"[1177, 2322, 1713, 2786]",0.8429,79,79,1.0
VAIPE_P_31_1.jpg,1,"[799, 2562, 1415, 3656]",0.6608,89,89,0.8
VAIPE_P_31_1.jpg,2,"[1284, 1272, 1861, 2511]",0.4868,104,104,1.0
VAIPE_P_31_2.jpg,0,"[1352, 2231, 1976, 2830]",0.5568,89,89,0.8
VAIPE_P_31_3.jpg,-1,,,,NO_DETECTION,
VAIPE_P_32_0.jpg,0,"[1152, 1870, 1940, 2264]",0.842,25,25,1.0
VAIPE_P_32_1.jpg,0,"[1014, 2419, 1830, 3067]",0.9058,25,25,0.8
VAIPE_P_32_10.jpg,0,"[1144, 1466, 1813, 2090]",0.8934,25,25,1.0
VAIPE_P_32_11.jpg,0,"[1041, 2084, 1957, 2613]",0.8762,25,25,1.0
VAIPE_P_32_12.jpg,0,"[731, 1122, 1604, 1611]",0.8945,25,25,1.0
VAIPE_P_32_13.jpg,0,"[1206, 1870, 1807, 2513]",0.822,25,25,1.0
VAIPE_P_32_14.jpg,0,"[1292, 1716, 1900, 2372]",0.8923,25,25,1.0
VAIPE_P_32_15.jpg,0,"[936, 2351, 1637, 2847]",0.8548,25,25,1.0
VAIPE_P_32_16.jpg,0,"[873, 2329, 1998, 3078]",0.8849,25,25,1.0
VAIPE_P_32_17.jpg,0,"[2102, 1079, 2644, 1753]",0.8553,25,25,1.0
VAIPE_P_32_18.jpg,0,"[2735, 1097, 3350, 2073]",0.5693,25,25,1.0
VAIPE_P_32_19.jpg,0,"[1193, 1315, 1808, 2265]",0.8797,25,25,1.0
VAIPE_P_32_2.jpg,0,"[1295, 1999, 1913, 2913]",0.8882,26,26,0.8
VAIPE_P_32_20.jpg,-1,,,,NO_DETECTION,
VAIPE_P_32_21.jpg,0,"[659, 1462, 1386, 2066]",0.8447,25,25,1.0
VAIPE_P_32_22.jpg,0,"[1144, 2441, 1748, 3260]",0.875,25,25,1.0
VAIPE_P_32_23.jpg,0,"[2096, 1489, 2887, 1968]",0.8104,25,25,1.0
VAIPE_P_32_24.jpg,0,"[2132, 1175, 2451, 1707]",0.6586,25,25,1.0
VAIPE_P_32_24.jpg,1,"[2594, 0, 3084, 131]",0.6467,42,42,0.8
VAIPE_P_32_25.jpg,0,"[721, 2516, 1577, 2981]",0.8983,25,25,1.0
VAIPE_P_32_26.jpg,0,"[862, 1700, 1693, 2161]",0.874,25,25,1.0
VAIPE_P_32_27.jpg,0,"[902, 1999, 1418, 3074]",0.8302,25,25,1.0
VAIPE_P_32_28.jpg,0,"[531, 1822, 1334, 2225]",0.8225,25,25,1.0
VAIPE_P_32_29.jpg,0,"[2009, 819, 2427, 1630]",0.8612,25,25,1.0
VAIPE_P_32_3.jpg,0,"[954, 870, 1608, 1206]",0.7518,25,25,1.0
VAIPE_P_32_30.jpg,0,"[2454, 1905, 2804, 2598]",0.8358,25,25,1.0
VAIPE_P_32_31.jpg,0,"[1458, 1323, 2127, 1981]",0.87,25,25,1.0
VAIPE_P_32_32.jpg,0,"[1625, 934, 1937, 1493]",0.2609,25,25,1.0
VAIPE_P_32_33.jpg,0,"[2208, 729, 2699, 1705]",0.8376,26,26,0.6
VAIPE_P_32_34.jpg,0,"[716, 1371, 1559, 2053]",0.867,26,26,0.6
VAIPE_P_32_35.jpg,0,"[775, 1800, 1628, 2272]",0.8607,25,25,1.0
VAIPE_P_32_36.jpg,0,"[1573, 1556, 2491, 1960]",0.8558,25,25,1.0
VAIPE_P_32_37.jpg,0,"[553, 2225, 1369, 2659]",0.8739,25,25,1.0
VAIPE_P_32_38.jpg,0,"[715, 1949, 1690, 2382]",0.8723,25,25,1.0
VAIPE_P_32_38.jpg,1,"[585, 2222, 1859, 2909]",0.8319,55,55,1.0
VAIPE_P_32_38.jpg,2,"[659, 2048, 1816, 2855]",0.3459,26,26,1.0
VAIPE_P_32_39.jpg,0,"[1484, 1997, 2322, 3075]",0.9021,25,25,1.0
VAIPE_P_32_4.jpg,0,"[1112, 1415, 1924, 2044]",0.8901,25,25,1.0
VAIPE_P_32_5.jpg,0,"[1649, 1534, 2180, 2261]",0.844,25,25,1.0
VAIPE_P_32_6.jpg,0,"[375, 2317, 1216, 2865]",0.86,25,25,1.0
VAIPE_P_32_7.jpg,0,"[1248, 681, 1638, 1409]",0.8609,25,25,1.0
VAIPE_P_32_8.jpg,0,"[1138, 1713, 1727, 2578]",0.8869,25,25,1.0
VAIPE_P_32_9.jpg,0,"[1101, 1816, 1620, 2313]",0.9096,25,25,1.0
VAIPE_P_33_0.jpg,0,"[1068, 2067, 1426, 2591]",0.8461,83,83,1.0
VAIPE_P_33_0.jpg,1,"[1460, 2037, 1929, 2489]",0.8449,83,83,1.0
VAIPE_P_33_0.jpg,2,"[1388, 2432, 1940, 2792]",0.8209,83,83,1.0
VAIPE_P_33_1.jpg,0,"[1049, 2319, 1623, 2694]",0.3358,83,83,1.0
VAIPE_P_33_2.jpg,0,"[1208, 1868, 1711, 2270]",0.3929,83,83,1.0
VAIPE_P_33_3.jpg,0,"[1183, 990, 1863, 1481]",0.8954,89,89,1.0
VAIPE_P_33_3.jpg,1,"[1191, 613, 1847, 1063]",0.8665,60,60,1.0
VAIPE_P_33_4.jpg,0,"[363, 862, 433, 969]",0.8414,38,38,0.6
VAIPE_P_33_4.jpg,1,"[347, 804, 422, 876]",0.7856,11,11,1.0
VAIPE_P_33_4.jpg,2,"[515, 794, 591, 871]",0.7725,46,46,1.0
VAIPE_P_33_4.jpg,3,"[292, 718, 516, 814]",0.7529,69,69,1.0
VAIPE_P_33_4.jpg,4,"[418, 803, 490, 963]",0.5379,26,26,1.0
VAIPE_P_34_0.jpg,0,"[886, 1681, 1438, 2192]",0.9187,10,10,1.0
VAIPE_P_34_0.jpg,1,"[1367, 1491, 1713, 2150]",0.9161,10,10,1.0
VAIPE_P_34_0.jpg,2,"[1118, 2180, 1456, 2511]",0.9077,51,51,1.0
VAIPE_P_34_0.jpg,3,"[1586, 1601, 2157, 1892]",0.8934,89,89,1.0
VAIPE_P_34_0.jpg,4,"[1754, 1329, 2091, 1644]",0.8852,51,51,1.0
VAIPE_P_34_1.jpg,0,"[751, 1607, 1155, 1997]",0.9062,51,51,1.0
VAIPE_P_34_1.jpg,1,"[1247, 1582, 1584, 2247]",0.903,89,89,1.0
VAIPE_P_34_1.jpg,2,"[780, 1977, 1182, 2781]",0.8868,10,10,1.0
VAIPE_P_34_2.jpg,0,"[734, 1318, 1473, 1967]",0.9119,10,10,1.0
VAIPE_P_34_2.jpg,1,"[1670, 1130, 2199, 1973]",0.8993,10,10,1.0
VAIPE_P_34_2.jpg,2,"[1270, 1210, 1679, 1612]",0.8966,51,51,1.0
VAIPE_P_34_2.jpg,3,"[806, 851, 1285, 1468]",0.8917,89,89,1.0
VAIPE_P_34_2.jpg,4,"[1396, 1555, 1816, 2291]",0.8901,89,89,1.0
VAIPE_P_34_2.jpg,5,"[496, 1566, 980, 2009]",0.8877,51,51,1.0
VAIPE_P_34_3.jpg,0,"[1177, 895, 1457, 1309]",0.8862,83,83,1.0
VAIPE_P_34_3.jpg,1,"[610, 888, 1141, 1265]",0.708,61,61,1.0
VAIPE_P_34_3.jpg,2,"[509, 1357, 983, 1831]",0.6914,73,73,0.8
VAIPE_P_34_3.jpg,3,"[721, 614, 1089, 953]",0.6613,83,83,1.0
VAIPE_P_34_3.jpg,4,"[972, 1499, 1327, 1860]",0.6,55,55,1.0
VAIPE_P_34_4.jpg,0,"[1724, 1840, 2874, 2614]",0.897,16,16,1.0
VAIPE_P_34_4.jpg,1,"[563, 1410, 1311, 2163]",0.8583,40,40,1.0
VAIPE_P_34_4.jpg,2,"[1578, 1050, 2408, 1763]",0.8539,8,8,1.0
VAIPE_P_34_4.jpg,3,"[1323, 208, 1796, 679]",0.7298,74,74,0.6
VAIPE_P_34_5.jpg,0,"[1612, 1557, 2012, 2079]",0.5301,89,89,1.0
VAIPE_P_34_5.jpg,1,"[2215, 2128, 2768, 2677]",0.4359,44,44,1.0
VAIPE_P_35_0.jpg,-1,,,,NO_DETECTION,
VAIPE_P_35_1.jpg,0,"[2035, 1924, 2713, 2613]",0.8464,54,54,1.0
VAIPE_P_35_1.jpg,1,"[1226, 1746, 1918, 2418]",0.7684,31,31,0.8
VAIPE_P_35_1.jpg,2,"[1953, 167, 2733, 849]",0.717,99,99,0.6
VAIPE_P_35_1.jpg,3,"[1065, 808, 1763, 1469]",0.6225,97,97,1.0
VAIPE_P_35_2.jpg,0,"[914, 1683, 1407, 2048]",0.8953,89,89,0.8
VAIPE_P_35_2.jpg,1,"[549, 1051, 823, 1488]",0.8506,44,44,1.0
VAIPE_P_35_2.jpg,2,"[357, 1043, 593, 1462]",0.8127,83,83,1.0
VAIPE_P_35_2.jpg,3,"[818, 1024, 1280, 1479]",0.8024,46,46,0.8
VAIPE_P_35_2.jpg,4,"[513, 1549, 1027, 1869]",0.7336,99,99,1.0
VAIPE_P_35_2.jpg,5,"[889, 2043, 1182, 2353]",0.5447,30,30,1.0
VAIPE_P_36_0.jpg,0,"[1486, 1109, 2259, 1772]",0.8354,4,4,1.0
VAIPE_P_36_1.jpg,0,"[1798, 877, 2438, 1527]",0.8249,4,4,1.0
VAIPE_P_36_10.jpg,0,"[1089, 1527, 1632, 2070]",0.6929,4,4,1.0
VAIPE_P_36_11.jpg,0,"[1582, 1147, 2116, 1697]",0.6906,4,4,1.0
VAIPE_P_36_12.jpg,0,"[368, 1722, 984, 2343]",0.8345,4,4,1.0
VAIPE_P_36_13.jpg,0,"[2881, 984, 3641, 1711]",0.8818,4,4,1.0
VAIPE_P_36_14.jpg,0,"[1680, 661, 2298, 1292]",0.8666,4,4,1.0
VAIPE_P_36_15.jpg,0,"[1525, 1169, 2205, 1859]",0.8784,4,4,1.0
VAIPE_P_36_16.jpg,0,"[1872, 1171, 2460, 1770]",0.8735,4,4,1.0
VAIPE_P_36_17.jpg,0,"[1771, 804, 2400, 1463]",0.8796,4,4,1.0
VAIPE_P_36_18.jpg,0,"[1535, 1730, 2200, 2436]",0.8585,4,4,1.0
VAIPE_P_36_19.jpg,0,"[1064, 942, 1683, 1585]",0.8532,4,4,1.0
VAIPE_P_36_2.jpg,0,"[1940, 1649, 2582, 2323]",0.8801,4,4,1.0
VAIPE_P_36_20.jpg,0,"[897, 1658, 1338, 2103]",0.8224,74,74,1.0
VAIPE_P_36_20.jpg,1,"[633, 2244, 1300, 2862]",0.8154,79,79,1.0
VAIPE_P_36_20.jpg,2,"[1558, 2424, 2044, 3384]",0.6941,52,52,1.0
VAIPE_P_36_20.jpg,3,"[2293, 2023, 2727, 2458]",0.6408,84,84,0.8
VAIPE_P_36_21.jpg,0,"[342, 2451, 1699, 3226]",0.8485,64,64,1.0
VAIPE_P_36_21.jpg,1,"[1558, 1810, 2433, 2588]",0.8006,101,101,1.0
VAIPE_P_36_21.jpg,2,"[1016, 1983, 2017, 2740]",0.7864,15,15,0.8
VAIPE_P_36_21.jpg,3,"[1942, 1523, 2537, 2107]",0.6889,67,67,0.6
VAIPE_P_36_21.jpg,4,"[1285, 1066, 1959, 1751]",0.4423,57,57,1.0
VAIPE_P_36_3.jpg,0,"[1537, 1279, 2146, 1883]",0.8313,4,4,1.0
VAIPE_P_36_4.jpg,0,"[1684, 1587, 2337, 2265]",0.8679,4,4,1.0
VAIPE_P_36_5.jpg,0,"[1753, 972, 2446, 1672]",0.3239,4,4,1.0
VAIPE_P_36_6.jpg,-1,,,,NO_DETECTION,
VAIPE_P_36_7.jpg,0,"[1183, 1617, 1859, 2279]",0.8406,4,4,1.0
VAIPE_P_36_8.jpg,0,"[1153, 1675, 1656, 2158]",0.8076,4,4,1.0
VAIPE_P_36_9.jpg,0,"[1566, 1419, 2120, 1971]",0.5031,4,4,1.0
VAIPE_P_37_0.jpg,-1,,,,NO_DETECTION,
VAIPE_P_37_1.jpg,0,"[913, 1639, 1335, 1891]",0.6865,8,8,1.0
VAIPE_P_37_1.jpg,1,"[749, 1388, 1437, 1687]",0.5686,104,104,1.0
VAIPE_P_37_1.jpg,2,"[892, 1785, 1514, 2262]",0.3773,104,104,1.0
VAIPE_P_37_2.jpg,-1,,,,NO_DETECTION,
VAIPE_P_37_3.jpg,0,"[2018, 1648, 2567, 1971]",0.7355,26,26,1.0
VAIPE_P_37_4.jpg,0,"[1418, 2718, 1830, 3181]",0.8061,36,36,0.8
VAIPE_P_37_4.jpg,1,"[1018, 1645, 1774, 2556]",0.6217,61,61,1.0
VAIPE_P_37_4.jpg,2,"[8, 2286, 1085, 2954]",0.5832,68,68,1.0
VAIPE_P_37_4.jpg,3,"[2026, 1954, 3060, 2519]",0.5141,17,17,1.0
VAIPE_P_37_5.jpg,0,"[1113, 1755, 1577, 2518]",0.9126,91,91,1.0
VAIPE_P_37_5.jpg,1,"[843, 2480, 1245, 2874]",0.8924,51,51,1.0
VAIPE_P_37_5.jpg,2,"[1871, 2199, 2344, 2928]",0.843,58,58,1.0
VAIPE_P_37_5.jpg,3,"[1553, 1768, 1941, 2167]",0.8314,51,51,0.6
VAIPE_P_37_5.jpg,4,"[1242, 2367, 1809, 3000]",0.7791,73,73,0.6
VAIPE_P_38_0.jpg,0,"[81, 158, 249, 285]",0.6123,79,79,1.0
VAIPE_P_38_0.jpg,1,"[191, 243, 323, 414]",0.6014,10,10,1.0
VAIPE_P_38_0.jpg,2,"[183, 159, 310, 317]",0.6013,10,10,1.0
VAIPE_P_38_0.jpg,3,"[345, 336, 427, 434]",0.6011,64,64,1.0
VAIPE_P_38_0.jpg,4,"[281, 310, 371, 401]",0.5086,64,64,1.0
VAIPE_P_38_0.jpg,5,"[167, 39, 336, 166]",0.3715,79,79,1.0
VAIPE_P_38_0.jpg,6,"[288, 41, 469, 162]",0.3529,45,45,0.6
VAIPE_P_38_0.jpg,7,"[342, 144, 415, 274]",0.3204,87,87,1.0
VAIPE_P_38_1.jpg,0,"[222, 384, 311, 454]",0.9025,87,87,1.0
VAIPE_P_38_1.jpg,1,"[313, 273, 381, 387]",0.8947,10,10,1.0
VAIPE_P_38_1.jpg,2,"[251, 154, 311, 271]",0.8893,10,10,1.0
VAIPE_P_38_1.jpg,3,"[383, 248, 441, 305]",0.8679,64,64,1.0
VAIPE_P_38_1.jpg,4,"[283, 39, 344, 97]",0.8241,64,64,1.0
VAIPE_P_38_2.jpg,0,"[69, 225, 189, 411]",0.8947,10,10,1.0
VAIPE_P_38_2.jpg,1,"[272, 108, 394, 202]",0.8784,87,87,1.0
VAIPE_P_38_2.jpg,2,"[180, 313, 273, 402]",0.8476,64,64,1.0
VAIPE_P_38_2.jpg,3,"[242, 147, 394, 271]",0.8062,10,10,1.0
VAIPE_P_38_2.jpg,4,"[245, 269, 337, 353]",0.7839,64,64,1.0
VAIPE_P_38_3.jpg,0,"[409, 125, 455, 231]",0.9016,10,10,1.0
VAIPE_P_38_3.jpg,1,"[257, 313, 362, 382]",0.8897,10,10,1.0
VAIPE_P_38_3.jpg,2,"[198, 394, 280, 460]",0.8822,87,87,1.0
VAIPE_P_38_3.jpg,3,"[192, 212, 249, 267]",0.8663,64,64,1.0
VAIPE_P_38_3.jpg,4,"[260, 80, 315, 132]",0.8598,64,64,1.0
VAIPE_P_38_4.jpg,0,"[394, 168, 439, 275]",0.8976,10,10,1.0
VAIPE_P_38_4.jpg,1,"[274, 224, 344, 300]",0.8872,87,87,1.0
VAIPE_P_38_4.jpg,2,"[170, 259, 227, 313]",0.8573,64,64,1.0
VAIPE_P_38_4.jpg,3,"[241, 122, 296, 174]",0.8521,64,64,1.0
VAIPE_P_38_4.jpg,4,"[236, 363, 344, 437]",0.8317,10,10,1.0
VAIPE_P_38_5.jpg,0,"[421, 134, 512, 223]",0.9172,10,10,1.0
VAIPE_P_38_5.jpg,1,"[355, 299, 431, 374]",0.8959,87,87,1.0
VAIPE_P_38_5.jpg,2,"[242, 83, 287, 195]",0.8955,10,10,1.0
VAIPE_P_38_5.jpg,3,"[372, 201, 427, 253]",0.873,64,64,1.0
VAIPE_P_38_5.jpg,4,"[175, 365, 231, 419]",0.8301,64,64,1.0
VAIPE_P_38_6.jpg,0,"[192, 272, 265, 407]",0.9076,10,10,1.0
VAIPE_P_38_6.jpg,1,"[261, 409, 341, 543]",0.9012,10,10,1.0
VAIPE_P_38_6.jpg,2,"[387, 90, 470, 189]",0.8954,87,87,1.0
VAIPE_P_38_6.jpg,3,"[344, 381, 412, 448]",0.8795,64,64,1.0
VAIPE_P_38_6.jpg,4,"[237, 138, 305, 204]",0.8749,64,64,1.0
VAIPE_P_38_7.jpg,0,"[178, 390, 263, 459]",0.9053,87,87,1.0
VAIPE_P_38_7.jpg,1,"[398, 107, 446, 216]",0.905,10,10,1.0
VAIPE_P_38_7.jpg,2,"[266, 283, 331, 393]",0.899,10,10,1.0
VAIPE_P_38_7.jpg,3,"[334, 261, 390, 315]",0.8687,64,64,1.0
VAIPE_P_38_7.jpg,4,"[241, 62, 297, 116]",0.8619,64,64,1.0
VAIPE_P_38_8.jpg,0,"[1762, 174, 2760, 1043]",0.8819,16,16,1.0
VAIPE_P_38_8.jpg,1,"[1828, 1226, 2705, 1902]",0.8807,18,18,1.0
VAIPE_P_38_8.jpg,2,"[799, 944, 1474, 1612]",0.8487,80,80,1.0
VAIPE_P_38_8.jpg,3,"[1436, 2185, 2176, 2869]",0.8348,71,71,1.0
VAIPE_P_39_0.jpg,0,"[1212, 1777, 1635, 2463]",0.775,33,33,1.0
VAIPE_P_39_1.jpg,0,"[619, 1622, 905, 1919]",0.848,30,30,1.0
VAIPE_P_39_1.jpg,1,"[1001, 1161, 1682, 1489]",0.8402,78,78,0.6
VAIPE_P_39_1.jpg,2,"[880, 1680, 1384, 1940]",0.8154,10,10,1.0
VAIPE_P_39_1.jpg,3,"[1188, 542, 1629, 912]",0.7946,10,10,1.0
VAIPE_P_39_1.jpg,4,"[749, 1898, 1352, 2345]",0.4787,37,37,0.4
VAIPE_P_39_1.jpg,5,"[1117, 1477, 1390, 1745]",0.4373,30,30,1.0
VAIPE_P_3_0.jpg,0,"[277, 615, 404, 735]",0.8976,51,51,1.0
VAIPE_P_3_0.jpg,1,"[218, 521, 346, 649]",0.8796,51,51,1.0
VAIPE_P_3_1.jpg,0,"[268, 607, 357, 699]",0.9032,51,51,1.0
VAIPE_P_3_1.jpg,1,"[288, 692, 380, 789]",0.8953,51,51,1.0
VAIPE_P_3_1.jpg,2,"[357, 599, 416, 689]",0.8824,23,23,1.0
VAIPE_P_3_2.jpg,0,"[311, 615, 417, 724]",0.9025,51,51,1.0
VAIPE_P_3_2.jpg,1,"[368, 495, 475, 604]",0.8929,51,51,1.0
VAIPE_P_3_2.jpg,2,"[261, 588, 349, 665]",0.8787,23,23,1.0
VAIPE_P_3_3.jpg,0,"[176, 547, 294, 665]",0.9053,51,51,1.0
VAIPE_P_3_3.jpg,1,"[279, 386, 397, 510]",0.8834,51,51,1.0
VAIPE_P_3_3.jpg,2,"[389, 580, 498, 652]",0.8602,23,23,1.0
VAIPE_P_3_4.jpg,0,"[363, 566, 447, 651]",0.8902,51,51,1.0
VAIPE_P_3_4.jpg,1,"[320, 637, 407, 726]",0.8806,51,51,1.0
VAIPE_P_3_4.jpg,2,"[336, 519, 386, 598]",0.8801,23,23,1.0
VAIPE_P_3_5.jpg,0,"[281, 567, 385, 678]",0.9013,51,51,1.0
VAIPE_P_3_5.jpg,1,"[209, 493, 322, 607]",0.8868,51,51,1.0
VAIPE_P_3_5.jpg,2,"[374, 574, 440, 683]",0.8694,23,23,1.0
VAIPE_P_3_6.jpg,0,"[144, 499, 255, 607]",0.8795,51,51,1.0
VAIPE_P_3_6.jpg,1,"[436, 666, 550, 785]",0.8747,51,51,1.0
VAIPE_P_3_6.jpg,2,"[258, 421, 353, 479]",0.8455,23,23,1.0
VAIPE_P_3_7.jpg,0,"[1309, 1546, 2242, 2674]",0.8651,8,8,1.0
VAIPE_P_3_7.jpg,1,"[2154, 1598, 2967, 2413]",0.855,51,51,1.0
VAIPE_P_3_7.jpg,2,"[417, 849, 1161, 1556]",0.7296,36,36,1.0
VAIPE_P_3_7.jpg,3,"[1679, 690, 2310, 1318]",0.637,74,74,1.0
VAIPE_P_3_8.jpg,0,"[1820, 2084, 2204, 2492]",0.8137,30,30,1.0
VAIPE_P_3_8.jpg,1,"[1114, 1883, 1912, 2675]",0.7176,89,89,0.8
VAIPE_P_3_8.jpg,2,"[647, 1853, 1028, 2650]",0.6763,26,26,0.6
VAIPE_P_3_8.jpg,3,"[1629, 1667, 2045, 2217]",0.4072,103,103,1.0
VAIPE_P_3_9.jpg,0,"[1113, 1150, 1926, 1682]",0.8546,58,58,1.0
VAIPE_P_3_9.jpg,1,"[850, 1474, 1983, 2233]",0.7938,60,60,1.0
VAIPE_P_3_9.jpg,2,"[839, 2267, 1324, 3071]",0.7506,15,15,1.0
VAIPE_P_3_9.jpg,3,"[1352, 2378, 1730, 3258]",0.5293,43,43,0.6
VAIPE_P_3_9.jpg,4,"[1474, 2112, 2335, 2958]",0.3708,60,60,0.8
VAIPE_P_3_9.jpg,5,"[1048, 2005, 1618, 2857]",0.3612,89,89,0.8
VAIPE_P_40_0.jpg,-1,,,,NO_DETECTION,
VAIPE_P_40_1.jpg,-1,,,,NO_DETECTION,
VAIPE_P_40_2.jpg,0,"[1335, 1846, 1741, 2312]",0.3977,27,27,1.0
VAIPE_P_40_2.jpg,1,"[1634, 1975, 2241, 2410]",0.2675,89,89,1.0
VAIPE_P_40_3.jpg,-1,,,,NO_DETECTION,
VAIPE_P_40_4.jpg,0,"[1293, 2322, 1973, 2744]",0.8775,38,38,1.0
VAIPE_P_40_4.jpg,1,"[1917, 2203, 2689, 2597]",0.868,38,38,1.0
VAIPE_P_40_4.jpg,2,"[1427, 929, 1949, 1773]",0.832,101,101,1.0
VAIPE_P_40_4.jpg,3,"[1567, 1756, 2441, 2314]",0.7824,101,101,0.8
VAIPE_P_40_5.jpg,-1,,,,NO_DETECTION,
VAIPE_P_40_6.jpg,0,"[2178, 3522, 3022, 3945]",0.2837,61,61,0.8
VAIPE_P_41_0.jpg,-1,,,,NO_DETECTION,
VAIPE_P_41_1.jpg,0,"[114, 583, 259, 718]",0.8748,64,64,1.0
VAIPE_P_41_1.jpg,1,"[533, 477, 691, 603]",0.8574,8,8,1.0
VAIPE_P_41_1.jpg,2,"[512, 555, 634, 682]",0.8356,64,64,1.0
VAIPE_P_41_1.jpg,3,"[76, 690, 172, 782]",0.808,46,46,1.0
VAIPE_P_41_10.jpg,0,"[1670, 2035, 2530, 2826]",0.9053,8,8,1.0
VAIPE_P_41_10.jpg,1,"[2111, 1311, 2966, 1883]",0.8879,15,15,1.0
VAIPE_P_41_10.jpg,2,"[822, 637, 1495, 1300]",0.8748,7,7,1.0
VAIPE_P_41_10.jpg,3,"[2773, 456, 3164, 846]",0.8606,51,51,1.0
VAIPE_P_41_10.jpg,4,"[1748, 500, 2146, 910]",0.8529,51,51,0.8
VAIPE_P_41_2.jpg,0,"[291, 208, 417, 329]",0.8746,64,64,1.0
VAIPE_P_41_2.jpg,1,"[639, 235, 722, 317]",0.7027,46,46,0.8
VAIPE_P_41_2.jpg,2,"[683, 453, 802, 569]",0.6803,64,64,1.0
VAIPE_P_41_3.jpg,0,"[454, 193, 651, 351]",0.9018,8,8,1.0
VAIPE_P_41_3.jpg,1,"[569, 258, 719, 411]",0.8786,64,64,1.0
VAIPE_P_41_3.jpg,2,"[620, 428, 752, 576]",0.8785,64,64,1.0
VAIPE_P_41_3.jpg,3,"[343, 286, 470, 410]",0.8352,46,46,1.0
VAIPE_P_41_4.jpg,0,"[394, 497, 564, 623]",0.8761,8,8,1.0
VAIPE_P_41_4.jpg,1,"[144, 632, 287, 769]",0.8758,64,64,1.0
VAIPE_P_41_4.jpg,2,"[121, 508, 264, 638]",0.8703,64,64,1.0
VAIPE_P_41_4.jpg,3,"[352, 705, 449, 807]",0.8236,46,46,1.0
VAIPE_P_41_5.jpg,0,"[189, 747, 311, 866]",0.8829,64,64,1.0
VAIPE_P_41_5.jpg,1,"[310, 493, 416, 613]",0.8487,64,64,1.0
VAIPE_P_41_5.jpg,2,"[183, 853, 275, 943]",0.8219,46,46,1.0
VAIPE_P_41_6.jpg,0,"[207, 667, 326, 784]",0.8913,64,64,1.0
VAIPE_P_41_6.jpg,1,"[350, 703, 468, 827]",0.8746,64,64,1.0
VAIPE_P_41_6.jpg,2,"[217, 777, 301, 859]",0.8336,46,46,1.0
VAIPE_P_41_7.jpg,0,"[364, 357, 498, 489]",0.6374,64,64,1.0
VAIPE_P_41_7.jpg,1,"[141, 167, 289, 313]",0.4519,64,64,1.0
VAIPE_P_41_8.jpg,0,"[389, 389, 500, 498]",0.8774,64,64,1.0
VAIPE_P_41_8.jpg,1,"[221, 217, 342, 330]",0.8029,64,64,1.0
VAIPE_P_41_8.jpg,2,"[552, 419, 621, 490]",0.7221,46,46,1.0
VAIPE_P_41_8.jpg,3,"[158, 335, 251, 492]",0.4053,8,8,1.0
VAIPE_P_41_9.jpg,0,"[612, 1363, 1132, 1866]",0.8211,59,59,1.0
VAIPE_P_41_9.jpg,1,"[1263, 2133, 1668, 2552]",0.7844,51,51,0.6
VAIPE_P_41_9.jpg,2,"[1595, 1208, 2146, 1688]",0.7332,97,97,0.8
VAIPE_P_41_9.jpg,3,"[1976, 2039, 2500, 2988]",0.673,92,92,1.0
VAIPE_P_41_9.jpg,4,"[1505, 210, 2098, 1146]",0.396,89,89,0.8
VAIPE_P_42_0.jpg,0,"[1280, 1713, 1951, 2200]",0.9171,10,10,1.0
VAIPE_P_42_0.jpg,1,"[842, 1819, 1212, 2199]",0.9117,64,64,1.0
VAIPE_P_42_0.jpg,2,"[598, 1453, 1301, 1859]",0.9102,10,10,1.0
VAIPE_P_42_0.jpg,3,"[1202, 1380, 1562, 1730]",0.9087,51,51,1.0
VAIPE_P_42_0.jpg,4,"[1121, 2012, 1490, 2398]",0.8969,64,64,1.0
VAIPE_P_42_0.jpg,5,"[1670, 2161, 2047, 2527]",0.8912,51,51,1.0
VAIPE_P_42_0.jpg,6,"[1460, 2112, 1745, 2765]",0.8325,89,89,1.0
VAIPE_P_42_1.jpg,0,"[607, 1402, 1200, 2223]",0.8821,17,17,1.0
VAIPE_P_42_1.jpg,1,"[1476, 1198, 2437, 1594]",0.8084,61,61,0.8
VAIPE_P_42_1.jpg,2,"[1678, 535, 2252, 995]",0.7674,43,43,1.0
VAIPE_P_42_2.jpg,0,"[2490, 1052, 3076, 1603]",0.8639,106,106,1.0
VAIPE_P_42_2.jpg,1,"[2099, 1668, 2806, 2179]",0.8535,79,79,1.0
VAIPE_P_42_2.jpg,2,"[1521, 1820, 1966, 2785]",0.6947,2,2,0.4
VAIPE_P_42_2.jpg,3,"[886, 1509, 1485, 2087]",0.5915,55,55,0.8
VAIPE_P_42_2.jpg,4,"[1637, 506, 2146, 1384]",0.4872,26,26,0.6
VAIPE_P_43_0.jpg,0,"[357, 732, 453, 826]",0.8604,64,64,1.0
VAIPE_P_43_0.jpg,1,"[555, 553, 647, 641]",0.854,64,64,1.0
VAIPE_P_43_0.jpg,2,"[371, 550, 430, 605]",0.6449,46,46,1.0
VAIPE_P_44_0.jpg,0,"[794, 426, 903, 552]",0.869,64,64,1.0
VAIPE_P_44_0.jpg,1,"[639, 546, 734, 657]",0.8645,64,64,1.0
VAIPE_P_44_0.jpg,2,"[589, 440, 652, 510]",0.8391,46,46,1.0
VAIPE_P_44_0.jpg,3,"[494, 492, 628, 686]",0.6602,14,14,1.0
VAIPE_P_44_1.jpg,0,"[347, 659, 443, 752]",0.7814,46,46,1.0
VAIPE_P_44_2.jpg,0,"[313, 213, 483, 387]",0.8808,64,64,1.0
VAIPE_P_44_2.jpg,1,"[627, 418, 733, 526]",0.8808,46,46,1.0
VAIPE_P_44_2.jpg,2,"[474, 205, 648, 380]",0.8744,64,64,1.0
VAIPE_P_44_2.jpg,3,"[1190, 458, 1271, 547]",0.2628,46,46,1.0
VAIPE_P_44_3.jpg,0,"[523, 467, 637, 598]",0.8591,64,64,1.0
VAIPE_P_44_3.jpg,1,"[748, 642, 827, 727]",0.8232,46,46,1.0
VAIPE_P_45_0.jpg,0,"[1020, 2548, 1639, 3336]",0.8984,26,26,1.0
VAIPE_P_45_0.jpg,1,"[1383, 1892, 2043, 2620]",0.8868,26,26,1.0
VAIPE_P_45_0.jpg,2,"[1731, 2240, 2400, 2726]",0.8865,91,91,1.0
VAIPE_P_45_0.jpg,3,"[306, 1223, 968, 1821]",0.877,91,91,1.0
VAIPE_P_45_1.jpg,0,"[1402, 2134, 2074, 2449]",0.913,26,26,1.0
VAIPE_P_45_1.jpg,1,"[444, 1556, 1146, 1853]",0.8843,26,26,1.0
VAIPE_P_45_1.jpg,2,"[1088, 1896, 1648, 2213]",0.8814,91,91,1.0
VAIPE_P_45_2.jpg,0,"[625, 1509, 1328, 1882]",0.8683,91,91,1.0
VAIPE_P_45_2.jpg,1,"[774, 2094, 1393, 2878]",0.8622,26,26,1.0
VAIPE_P_45_2.jpg,2,"[1604, 1792, 1987, 2626]",0.82,26,26,1.0
VAIPE_P_45_3.jpg,0,"[2875, 1584, 3279, 1967]",0.7945,51,51,0.6
VAIPE_P_45_3.jpg,1,"[2994, 930, 3414, 1317]",0.7819,51,51,1.0
VAIPE_P_45_3.jpg,2,"[1836, 1265, 2282, 1535]",0.7526,79,79,0.8
VAIPE_P_45_3.jpg,3,"[1586, 2223, 2192, 2887]",0.5423,95,95,1.0
VAIPE_P_45_3.jpg,4,"[2366, 519, 2748, 1037]",0.4358,91,91,1.0
VAIPE_P_46_0.jpg,0,"[793, 2467, 1218, 3114]",0.8904,91,91,1.0
VAIPE_P_46_0.jpg,1,"[1776, 2090, 2278, 2706]",0.8807,91,91,1.0
VAIPE_P_46_0.jpg,2,"[839, 1944, 1606, 2384]",0.8796,26,26,1.0
VAIPE_P_46_0.jpg,3,"[1103, 2268, 1844, 2722]",0.8654,26,26,1.0
VAIPE_P_46_1.jpg,0,"[2282, 720, 3209, 1645]",0.8932,16,16,1.0
VAIPE_P_46_1.jpg,1,"[1818, 38, 2620, 904]",0.8772,10,10,1.0
VAIPE_P_46_1.jpg,2,"[1240, 889, 1844, 1788]",0.8714,91,91,1.0
VAIPE_P_46_1.jpg,3,"[1576, 2066, 2544, 2569]",0.8628,18,18,1.0
VAIPE_P_46_2.jpg,0,"[1917, 1997, 2585, 3107]",0.8941,104,104,1.0
VAIPE_P_46_2.jpg,1,"[1430, 1855, 2066, 2668]",0.8752,101,101,1.0
VAIPE_P_46_2.jpg,2,"[1313, 2346, 1757, 2812]",0.8341,78,78,0.8
VAIPE_P_46_2.jpg,3,"[1490, 2611, 2079, 3421]",0.6928,33,33,0.8
VAIPE_P_46_2.jpg,4,"[821, 2483, 1531, 3280]",0.6621,101,101,0.6
VAIPE_P_47_0.jpg,-1,,,,NO_DETECTION,
VAIPE_P_47_1.jpg,-1,,,,NO_DETECTION,
VAIPE_P_47_10.jpg,-1,,,,NO_DETECTION,
VAIPE_P_47_11.jpg,0,"[1648, 1780, 2071, 2351]",0.8581,99,99,1.0
VAIPE_P_47_11.jpg,1,"[788, 2394, 1436, 2835]",0.7743,99,99,1.0
VAIPE_P_47_11.jpg,2,"[1427, 2149, 2033, 2870]",0.5543,104,104,1.0
VAIPE_P_47_12.jpg,-1,,,,NO_DETECTION,
VAIPE_P_47_13.jpg,-1,,,,NO_DETECTION,
VAIPE_P_47_14.jpg,0,"[819, 1597, 1167, 2120]",0.8426,99,99,1.0
VAIPE_P_47_14.jpg,1,"[680, 2092, 1395, 2707]",0.7343,104,104,1.0
VAIPE_P_47_14.jpg,2,"[1355, 1414, 1743, 1947]",0.7024,99,99,1.0
VAIPE_P_47_15.jpg,0,"[1526, 1509, 1919, 2050]",0.8843,99,99,1.0
VAIPE_P_47_15.jpg,1,"[1006, 1673, 1342, 2242]",0.8592,99,99,1.0
VAIPE_P_47_15.jpg,2,"[1343, 1834, 1906, 2514]",0.8141,104,104,1.0
VAIPE_P_47_16.jpg,-1,,,,NO_DETECTION,
VAIPE_P_47_17.jpg,0,"[1664, 2134, 1956, 2414]",0.8547,51,51,1.0
VAIPE_P_47_17.jpg,1,"[1748, 1546, 2038, 1818]",0.8432,86,86,1.0
VAIPE_P_47_17.jpg,2,"[1344, 1671, 1617, 1929]",0.8316,7,7,1.0
VAIPE_P_47_17.jpg,3,"[617, 1937, 1347, 2303]",0.8237,96,96,0.8
VAIPE_P_47_17.jpg,4,"[1279, 1420, 1558, 1681]",0.8157,51,51,1.0
VAIPE_P_47_17.jpg,5,"[1627, 1911, 1882, 2154]",0.7943,40,40,1.0
VAIPE_P_47_18.jpg,0,"[754, 1170, 1186, 1640]",0.8078,89,89,1.0
VAIPE_P_47_18.jpg,1,"[747, 1797, 1247, 2140]",0.7769,83,83,0.6
VAIPE_P_47_18.jpg,2,"[892, 1268, 1389, 1814]",0.5684,26,26,1.0
VAIPE_P_47_18.jpg,3,"[434, 973, 825, 1369]",0.5585,55,55,1.0
VAIPE_P_47_18.jpg,4,"[846, 403, 1146, 720]",0.4721,51,51,0.6
VAIPE_P_47_19.jpg,0,"[602, 1992, 1741, 2591]",0.8126,15,15,0.6
VAIPE_P_47_19.jpg,1,"[2015, 2108, 2488, 2585]",0.7591,104,104,0.6
VAIPE_P_47_19.jpg,2,"[2820, 1205, 3683, 1741]",0.7516,38,38,1.0
VAIPE_P_47_19.jpg,3,"[1249, 748, 1638, 1128]",0.7178,75,75,1.0
VAIPE_P_47_19.jpg,4,"[1929, 352, 2344, 770]",0.4304,73,73,0.6
VAIPE_P_47_19.jpg,5,"[2002, 1276, 2468, 1739]",0.3997,104,104,0.8
VAIPE_P_47_2.jpg,0,"[1016, 2176, 1529, 2661]",0.8374,99,99,1.0
VAIPE_P_47_2.jpg,1,"[1089, 1232, 1422, 1697]",0.7467,99,99,1.0
VAIPE_P_47_2.jpg,2,"[454, 1504, 1123, 1977]",0.4804,104,104,1.0
VAIPE_P_47_3.jpg,-1,,,,NO_DETECTION,
VAIPE_P_47_4.jpg,-1,,,,NO_DETECTION,
VAIPE_P_47_5.jpg,-1,,,,NO_DETECTION,
VAIPE_P_47_6.jpg,0,"[400, 2274, 1051, 2661]",0.7038,99,99,1.0
VAIPE_P_47_6.jpg,1,"[600, 1267, 1326, 1639]",0.278,104,104,1.0
VAIPE_P_47_7.jpg,0,"[1252, 2303, 1758, 2787]",0.2916,99,99,1.0
VAIPE_P_47_8.jpg,0,"[1256, 1717, 1776, 2005]",0.3185,99,99,1.0
VAIPE_P_47_9.jpg,0,"[564, 1987, 1260, 2579]",0.7391,104,104,1.0
VAIPE_P_47_9.jpg,1,"[1693, 1517, 2193, 1832]",0.6935,99,99,1.0
VAIPE_P_47_9.jpg,2,"[1461, 1392, 1814, 1868]",0.5804,99,99,1.0
VAIPE_P_48_0.jpg,0,"[1257, 2005, 1710, 2759]",0.8363,89,89,1.0
VAIPE_P_48_0.jpg,1,"[2287, 1495, 2680, 2388]",0.8314,61,61,1.0
VAIPE_P_48_0.jpg,2,"[1467, 1812, 2353, 2196]",0.8274,61,61,1.0
VAIPE_P_48_1.jpg,0,"[2760, 961, 3669, 1820]",0.8907,54,54,1.0
VAIPE_P_48_1.jpg,1,"[2018, 1893, 2811, 2822]",0.8812,97,97,1.0
VAIPE_P_48_1.jpg,2,"[1516, 572, 2173, 1235]",0.8403,40,40,0.8
VAIPE_P_48_1.jpg,3,"[599, 1352, 1527, 2034]",0.7138,99,99,1.0
VAIPE_P_49_0.jpg,0,"[696, 709, 1360, 1276]",0.8824,91,91,1.0
VAIPE_P_49_0.jpg,1,"[1526, 1259, 2282, 2037]",0.8673,104,104,1.0
VAIPE_P_49_0.jpg,2,"[1349, 1048, 2110, 1659]",0.8671,10,10,1.0
VAIPE_P_49_0.jpg,3,"[1220, 784, 2058, 1253]",0.8449,10,10,1.0
VAIPE_P_49_0.jpg,4,"[2654, 2753, 3571, 3023]",0.3263,79,79,0.8
VAIPE_P_49_1.jpg,0,"[1642, 2000, 2212, 2522]",0.263,91,91,1.0
VAIPE_P_49_10.jpg,0,"[1430, 1517, 2222, 2008]",0.8736,91,91,1.0
VAIPE_P_49_10.jpg,1,"[1929, 956, 2596, 1862]",0.8482,10,10,1.0
VAIPE_P_49_10.jpg,2,"[1133, 589, 2251, 1062]",0.8277,104,104,0.8
VAIPE_P_49_10.jpg,3,"[1167, 1006, 2098, 1629]",0.8182,10,10,1.0
VAIPE_P_49_11.jpg,0,"[743, 816, 1669, 1368]",0.9127,10,10,1.0
VAIPE_P_49_11.jpg,1,"[1396, 1187, 2018, 1911]",0.9079,91,91,1.0
VAIPE_P_49_11.jpg,2,"[2056, 580, 2682, 1493]",0.9049,10,10,1.0
VAIPE_P_49_11.jpg,3,"[811, 471, 1883, 1073]",0.8797,104,104,1.0
VAIPE_P_49_12.jpg,0,"[2303, 1260, 2952, 1792]",0.9039,91,91,1.0
VAIPE_P_49_12.jpg,1,"[1914, 1381, 2691, 1978]",0.8838,10,10,1.0
VAIPE_P_49_12.jpg,2,"[1926, 820, 2893, 1412]",0.8829,104,104,1.0
VAIPE_P_49_12.jpg,3,"[1568, 646, 2444, 1203]",0.863,10,10,1.0
VAIPE_P_49_13.jpg,0,"[1492, 1057, 2193, 1512]",0.9068,10,10,1.0
VAIPE_P_49_13.jpg,1,"[2153, 1085, 2616, 1671]",0.904,91,91,1.0
VAIPE_P_49_13.jpg,2,"[796, 1266, 1647, 1776]",0.8927,104,104,1.0
VAIPE_P_49_13.jpg,3,"[1000, 1541, 1763, 2000]",0.8906,10,10,1.0
VAIPE_P_49_14.jpg,0,"[1131, 906, 1879, 1933]",0.453,10,10,1.0
VAIPE_P_49_14.jpg,1,"[1401, 1126, 2223, 2253]",0.3999,104,104,1.0
VAIPE_P_49_15.jpg,0,"[1374, 403, 2407, 1402]",0.909,104,104,1.0
VAIPE_P_49_15.jpg,1,"[1037, 1070, 1906, 1712]",0.891,91,91,1.0
VAIPE_P_49_15.jpg,2,"[1254, 1320, 2214, 2061]",0.8793,10,10,1.0
VAIPE_P_49_15.jpg,3,"[1469, 1646, 2382, 2466]",0.8753,10,10,1.0
VAIPE_P_49_16.jpg,0,"[1578, 848, 2583, 1734]",0.8878,104,104,1.0
VAIPE_P_49_16.jpg,1,"[1446, 527, 2347, 1358]",0.8783,10,10,1.0
VAIPE_P_49_16.jpg,2,"[1261, 1558, 2107, 2152]",0.8718,91,91,1.0
VAIPE_P_49_16.jpg,3,"[2141, 952, 3021, 1760]",0.8624,10,10,1.0
VAIPE_P_49_17.jpg,0,"[2587, 1001, 3250, 1841]",0.6503,10,10,1.0
VAIPE_P_49_17.jpg,1,"[2063, 1008, 2862, 1935]",0.613,104,104,1.0
VAIPE_P_49_17.jpg,2,"[2855, 1880, 3693, 2625]",0.4585,101,101,1.0
VAIPE_P_49_17.jpg,3,"[1854, 780, 2561, 1664]",0.3721,10,10,1.0
VAIPE_P_49_17.jpg,4,"[2056, 1771, 2864, 2269]",0.2581,91,91,1.0
VAIPE_P_49_18.jpg,0,"[1911, 449, 2845, 1442]",0.9182,104,104,1.0
VAIPE_P_49_18.jpg,1,"[1637, 1749, 2647, 2277]",0.8972,10,10,1.0
VAIPE_P_49_18.jpg,2,"[1416, 852, 2260, 1387]",0.8927,91,91,1.0
VAIPE_P_49_18.jpg,3,"[1553, 1287, 2566, 1773]",0.8814,10,10,1.0
VAIPE_P_49_19.jpg,0,"[1462, 675, 2210, 1221]",0.8637,104,104,1.0
VAIPE_P_49_19.jpg,1,"[2401, 1448, 2815, 2003]",0.7714,91,91,1.0
VAIPE_P_49_19.jpg,2,"[1398, 949, 2072, 1458]",0.6482,10,10,1.0
VAIPE_P_49_19.jpg,3,"[2179, 910, 2548, 1610]",0.643,10,10,1.0
VAIPE_P_49_2.jpg,0,"[1594, 1350, 2248, 2031]",0.8985,91,91,1.0
VAIPE_P_49_2.jpg,1,"[1468, 546, 2424, 1022]",0.8891,10,10,1.0
VAIPE_P_49_2.jpg,2,"[1178, 834, 2265, 1358]",0.8863,104,104,1.0
VAIPE_P_49_2.jpg,3,"[2183, 839, 2646, 1780]",0.8815,10,10,1.0
VAIPE_P_49_3.jpg,0,"[1548, 1237, 1969, 1940]",0.9071,91,91,1.0
VAIPE_P_49_3.jpg,1,"[2158, 691, 2754, 1521]",0.9041,10,10,1.0
VAIPE_P_49_3.jpg,2,"[1762, 628, 2403, 1573]",0.8955,104,104,1.0
VAIPE_P_49_3.jpg,3,"[1934, 1459, 2736, 2054]",0.8929,10,10,1.0
VAIPE_P_49_4.jpg,0,"[1426, 1233, 2206, 2082]",0.914,104,104,1.0
VAIPE_P_49_4.jpg,1,"[1255, 1021, 1958, 1765]",0.8909,10,10,1.0
VAIPE_P_49_4.jpg,2,"[846, 822, 1342, 1563]",0.8847,91,91,1.0
VAIPE_P_49_4.jpg,3,"[1248, 452, 1684, 1347]",0.8815,10,10,1.0
VAIPE_P_49_5.jpg,0,"[2089, 556, 2815, 1458]",0.8728,10,10,1.0
VAIPE_P_49_5.jpg,1,"[1549, 1263, 2519, 2019]",0.862,104,104,1.0
VAIPE_P_49_5.jpg,2,"[1599, 943, 2326, 1535]",0.8561,91,91,1.0
VAIPE_P_49_5.jpg,3,"[1085, 423, 2055, 1084]",0.8146,10,10,1.0
VAIPE_P_49_6.jpg,0,"[1165, 775, 1910, 1154]",0.8947,91,91,1.0
VAIPE_P_49_6.jpg,1,"[1593, 1082, 2006, 2001]",0.8874,104,104,1.0
VAIPE_P_49_6.jpg,2,"[1299, 1113, 1654, 1927]",0.8399,10,10,1.0
VAIPE_P_49_6.jpg,3,"[996, 1195, 1369, 2039]",0.8245,10,10,1.0
VAIPE_P_49_7.jpg,0,"[1536, 1350, 2268, 2001]",0.9085,91,91,1.0
VAIPE_P_49_7.jpg,1,"[423, 1421, 1602, 2083]",0.9031,104,104,1.0
VAIPE_P_49_7.jpg,2,"[433, 941, 1485, 1456]",0.9024,10,10,1.0
VAIPE_P_49_7.jpg,3,"[1618, 879, 2498, 1654]",0.9015,10,10,1.0
VAIPE_P_49_8.jpg,0,"[1724, 1559, 2341, 2097]",0.4078,91,91,1.0
VAIPE_P_49_8.jpg,1,"[1498, 1764, 2088, 2367]",0.2702,46,46,1.0
VAIPE_P_49_9.jpg,0,"[842, 1005, 1384, 1936]",0.9068,10,10,1.0
VAIPE_P_49_9.jpg,1,"[937, 1980, 1598, 2623]",0.9026,91,91,1.0
VAIPE_P_49_9.jpg,2,"[1186, 1012, 1752, 2011]",0.8876,104,104,1.0
VAIPE_P_49_9.jpg,3,"[1673, 773, 2096, 1680]",0.8761,10,10,1.0
VAIPE_P_4_0.jpg,-1,,,,NO_DETECTION,
VAIPE_P_4_1.jpg,0,"[316, 634, 476, 765]",0.9004,67,67,1.0
VAIPE_P_4_1.jpg,1,"[278, 826, 452, 967]",0.8931,67,67,1.0
VAIPE_P_4_1.jpg,2,"[408, 533, 494, 620]",0.88,78,78,0.8
VAIPE_P_4_1.jpg,3,"[254, 729, 533, 868]",0.8755,68,68,1.0
VAIPE_P_4_1.jpg,4,"[490, 617, 580, 706]",0.8722,51,51,0.6
VAIPE_P_50_0.jpg,0,"[568, 1573, 1078, 2461]",0.8961,26,26,1.0
VAIPE_P_50_0.jpg,1,"[299, 1986, 761, 2456]",0.8823,64,64,1.0
VAIPE_P_50_0.jpg,2,"[859, 2308, 1718, 2781]",0.8774,26,26,1.0
VAIPE_P_50_0.jpg,3,"[1545, 1301, 2043, 1816]",0.8736,64,64,1.0
VAIPE_P_50_1.jpg,0,"[1988, 2022, 2840, 2778]",0.8605,89,89,1.0
VAIPE_P_50_1.jpg,1,"[2412, 953, 3485, 1631]",0.8309,27,27,0.4
VAIPE_P_50_1.jpg,2,"[812, 1905, 1514, 2621]",0.8029,57,57,1.0
VAIPE_P_50_1.jpg,3,"[1468, 8, 2184, 1041]",0.3584,48,48,1.0
VAIPE_P_51_0.jpg,-1,,,,NO_DETECTION,
VAIPE_P_51_1.jpg,-1,,,,NO_DETECTION,
VAIPE_P_51_2.jpg,0,"[2384, 1018, 3053, 1679]",0.8803,89,89,1.0
VAIPE_P_51_2.jpg,1,"[1853, 1416, 2191, 1771]",0.8354,28,28,1.0
VAIPE_P_51_2.jpg,2,"[1407, 1587, 1739, 1933]",0.8263,28,28,1.0
VAIPE_P_51_3.jpg,0,"[1834, 1608, 2155, 1941]",0.8274,28,28,1.0
VAIPE_P_51_3.jpg,1,"[2134, 1213, 2499, 1574]",0.8113,28,28,1.0
VAIPE_P_51_4.jpg,-1,,,,NO_DETECTION,
VAIPE_P_51_5.jpg,-1,,,,NO_DETECTION,
VAIPE_P_51_6.jpg,-1,,,,NO_DETECTION,
VAIPE_P_51_7.jpg,0,"[2301, 1653, 2632, 1989]",0.7676,28,28,1.0
VAIPE_P_51_7.jpg,1,"[2175, 1059, 2498, 1389]",0.7558,28,28,1.0
VAIPE_P_51_8.jpg,0,"[2276, 1322, 2656, 1703]",0.6968,28,28,1.0
VAIPE_P_51_8.jpg,1,"[1853, 1208, 2238, 1607]",0.64,28,28,1.0
VAIPE_P_51_9.jpg,-1,,,,NO_DETECTION,
VAIPE_P_52_0.jpg,0,"[1491, 1786, 2214, 2332]",0.6268,89,89,1.0
VAIPE_P_52_0.jpg,1,"[1326, 1117, 1726, 1867]",0.4628,89,89,1.0
VAIPE_P_52_0.jpg,2,"[626, 1669, 1396, 2438]",0.2946,43,43,1.0
VAIPE_P_52_0.jpg,3,"[1768, 1164, 2642, 1639]",0.2798,43,43,1.0
VAIPE_P_52_0.jpg,4,"[1668, 2226, 2092, 3000]",0.2664,79,79,1.0
VAIPE_P_52_1.jpg,0,"[2082, 1588, 2929, 2259]",0.6729,43,43,1.0
VAIPE_P_52_1.jpg,1,"[2297, 1907, 3018, 2491]",0.6701,89,89,1.0
VAIPE_P_52_1.jpg,2,"[1578, 974, 2041, 1859]",0.4884,43,43,1.0
VAIPE_P_52_1.jpg,3,"[1963, 1029, 2472, 1532]",0.478,100,100,1.0
VAIPE_P_52_1.jpg,4,"[1420, 1658, 1885, 2454]",0.3342,89,89,1.0
VAIPE_P_52_2.jpg,0,"[1229, 69, 2055, 1059]",0.8856,104,104,1.0
VAIPE_P_52_2.jpg,1,"[3107, 1129, 3492, 1497]",0.7537,36,36,1.0
VAIPE_P_52_2.jpg,2,"[2085, 939, 2839, 1757]",0.7144,10,10,1.0
VAIPE_P_52_2.jpg,3,"[1928, 2015, 2602, 2917]",0.6996,90,90,0.8
VAIPE_P_52_2.jpg,4,"[1104, 1239, 1507, 1617]",0.6157,36,36,1.0
VAIPE_P_52_3.jpg,0,"[1225, 2136, 1702, 3027]",0.879,92,92,1.0
VAIPE_P_52_3.jpg,1,"[998, 1679, 1994, 2171]",0.865,92,92,1.0
VAIPE_P_52_3.jpg,2,"[919, 2004, 1364, 2481]",0.8399,97,97,1.0
VAIPE_P_52_3.jpg,3,"[1403, 1273, 1864, 1769]",0.8308,103,103,1.0
VAIPE_P_53_0.jpg,0,"[893, 1872, 1582, 2531]",0.8652,55,55,1.0
VAIPE_P_53_1.jpg,0,"[1253, 1908, 1756, 2410]",0.8661,55,55,1.0
VAIPE_P_53_2.jpg,0,"[1480, 1802, 2262, 2508]",0.7278,92,92,1.0
VAIPE_P_53_2.jpg,1,"[1678, 3108, 2091, 3587]",0.6869,15,15,0.6
VAIPE_P_53_2.jpg,2,"[552, 1879, 1011, 2274]",0.6247,33,33,0.8
VAIPE_P_53_2.jpg,3,"[1236, 2409, 1735, 2922]",0.4869,44,44,1.0
VAIPE_P_53_3.jpg,0,"[867, 1946, 1398, 2866]",0.8432,26,26,0.6
VAIPE_P_53_3.jpg,1,"[1820, 1214, 2185, 2037]",0.8279,61,61,1.0
VAIPE_P_53_3.jpg,2,"[1165, 1428, 1865, 1789]",0.8254,26,26,1.0
VAIPE_P_53_3.jpg,3,"[1311, 2332, 1662, 2697]",0.7792,39,39,0.8
VAIPE_P_53_3.jpg,4,"[1809, 1971, 2312, 2529]",0.7312,83,83,0.8
VAIPE_P_53_3.jpg,5,"[1409, 1715, 1747, 2063]",0.6384,51,51,0.8
VAIPE_P_54_0.jpg,0,"[1556, 2411, 2002, 2698]",0.844,42,42,1.0
VAIPE_P_54_0.jpg,1,"[1370, 1993, 1828, 2257]",0.824,42,42,1.0
VAIPE_P_54_1.jpg,-1,,,,NO_DETECTION,
VAIPE_P_54_2.jpg,0,"[1527, 1901, 1936, 2172]",0.8511,42,42,1.0
VAIPE_P_54_2.jpg,1,"[1063, 2234, 1499, 2495]",0.8257,42,42,1.0
VAIPE_P_54_3.jpg,0,"[1359, 2333, 1899, 2643]",0.8359,42,42,1.0
VAIPE_P_54_3.jpg,1,"[1624, 2871, 2168, 3175]",0.8337,42,42,1.0
VAIPE_P_54_4.jpg,0,"[1219, 1968, 1630, 2241]",0.7606,42,42,1.0
VAIPE_P_54_4.jpg,1,"[1095, 2476, 1499, 2853]",0.6427,42,42,1.0
VAIPE_P_54_5.jpg,0,"[2139, 1659, 2435, 2145]",0.8307,42,42,1.0
VAIPE_P_54_5.jpg,1,"[2488, 1100, 2957, 1494]",0.8293,42,42,1.0
VAIPE_P_54_6.jpg,-1,,,,NO_DETECTION,
VAIPE_P_54_7.jpg,-1,,,,NO_DETECTION,
VAIPE_P_54_8.jpg,0,"[1614, 2090, 2296, 3113]",0.8489,89,89,1.0
VAIPE_P_54_8.jpg,1,"[841, 1503, 1468, 2606]",0.7499,61,61,1.0
VAIPE_P_54_8.jpg,2,"[1179, 1859, 1849, 3132]",0.7215,64,64,1.0
VAIPE_P_54_8.jpg,3,"[1407, 1488, 2571, 1991]",0.6487,61,61,1.0
VAIPE_P_54_9.jpg,0,"[1075, 1619, 1589, 2398]",0.8724,29,29,1.0
VAIPE_P_54_9.jpg,1,"[2317, 1554, 2656, 1901]",0.8714,51,51,1.0
VAIPE_P_54_9.jpg,2,"[1932, 2163, 2266, 2512]",0.8671,81,81,0.8
VAIPE_P_54_9.jpg,3,"[1770, 780, 2194, 1644]",0.8665,10,10,1.0
VAIPE_P_54_9.jpg,4,"[2868, 1288, 3804, 2208]",0.8347,106,106,1.0
VAIPE_P_55_0.jpg,0,"[1244, 2345, 1864, 2832]",0.8696,56,56,1.0
VAIPE_P_55_1.jpg,0,"[1763, 1558, 2086, 2054]",0.8651,56,56,1.0
VAIPE_P_55_1.jpg,1,"[1666, 2354, 1975, 2542]",0.7175,37,37,0.8
VAIPE_P_55_2.jpg,0,"[1204, 1815, 1802, 2185]",0.8723,56,56,1.0
VAIPE_P_55_3.jpg,0,"[1029, 1932, 1612, 2403]",0.8476,56,56,1.0
VAIPE_P_55_4.jpg,0,"[301, 2376, 1236, 3029]",0.892,52,52,1.0
VAIPE_P_55_4.jpg,1,"[560, 2029, 1632, 2732]",0.8887,85,85,0.6
VAIPE_P_55_4.jpg,2,"[1528, 923, 1953, 1385]",0.8383,51,51,1.0
VAIPE_P_55_4.jpg,3,"[94, 2853, 1255, 3428]",0.8321,104,104,0.6
VAIPE_P_55_4.jpg,4,"[1810, 1421, 2448, 2251]",0.8255,26,26,1.0
VAIPE_P_55_4.jpg,5,"[1904, 717, 2616, 1433]",0.7974,32,32,1.0
VAIPE_P_55_5.jpg,0,"[1163, 2739, 1601, 3250]",0.7203,50,50,1.0
VAIPE_P_55_5.jpg,1,"[1144, 2452, 1950, 2831]",0.7065,104,104,0.8
VAIPE_P_55_5.jpg,2,"[837, 2233, 1469, 2700]",0.6038,10,10,1.0
VAIPE_P_55_5.jpg,3,"[1499, 3135, 1784, 3410]",0.5847,95,95,1.0
VAIPE_P_55_5.jpg,4,"[935, 1510, 1494, 2281]",0.3207,103,103,1.0
VAIPE_P_56_0.jpg,0,"[1702, 2069, 2703, 2648]",0.3715,61,61,1.0
VAIPE_P_56_1.jpg,0,"[1491, 1979, 2190, 2587]",0.8964,1,1,1.0
VAIPE_P_56_1.jpg,1,"[1636, 2446, 2201, 3414]",0.8583,61,61,1.0
VAIPE_P_56_10.jpg,0,"[1343, 910, 2292, 2074]",0.8709,61,61,1.0
VAIPE_P_56_10.jpg,1,"[1462, 2241, 2243, 3378]",0.8669,1,1,1.0
VAIPE_P_56_10.jpg,2,"[1025, 1496, 1778, 2811]",0.8504,61,61,1.0
VAIPE_P_56_11.jpg,-1,,,,NO_DETECTION,
VAIPE_P_56_2.jpg,-1,,,,NO_DETECTION,
VAIPE_P_56_3.jpg,0,"[1683, 2735, 2514, 3249]",0.8309,1,1,1.0
VAIPE_P_56_3.jpg,1,"[1084, 2429, 2028, 3020]",0.7352,61,61,1.0
VAIPE_P_56_4.jpg,0,"[648, 2557, 1484, 3611]",0.8996,61,61,1.0
VAIPE_P_56_4.jpg,1,"[1048, 1862, 1963, 2350]",0.8757,1,1,1.0
VAIPE_P_56_4.jpg,2,"[885, 889, 1498, 1973]",0.8557,61,61,1.0
VAIPE_P_56_5.jpg,0,"[1316, 1570, 1826, 2290]",0.8485,1,1,0.8
VAIPE_P_56_5.jpg,1,"[1653, 2017, 2208, 2951]",0.7922,61,61,1.0
VAIPE_P_56_6.jpg,0,"[1574, 2595, 2157, 3641]",0.8467,61,61,1.0
VAIPE_P_56_6.jpg,1,"[1431, 1823, 1932, 2643]",0.8189,1,1,1.0
VAIPE_P_56_7.jpg,0,"[1656, 2945, 2487, 3395]",0.7924,1,1,1.0
VAIPE_P_56_8.jpg,0,"[626, 1902, 1560, 2784]",0.8677,61,61,1.0
VAIPE_P_56_8.jpg,1,"[1179, 2191, 1870, 3006]",0.8665,1,1,0.8
VAIPE_P_56_8.jpg,2,"[728, 2693, 1301, 3833]",0.7361,61,61,1.0
VAIPE_P_56_9.jpg,-1,,,,NO_DETECTION,
VAIPE_P_57_0.jpg,0,"[631, 580, 703, 659]",0.8424,46,46,0.8
VAIPE_P_57_0.jpg,1,"[447, 590, 538, 681]",0.8417,11,11,1.0
VAIPE_P_57_0.jpg,2,"[555, 573, 642, 666]",0.8415,41,41,1.0
VAIPE_P_57_1.jpg,-1,,,,NO_DETECTION,
VAIPE_P_57_10.jpg,0,"[417, 357, 520, 455]",0.8312,45,45,0.6
VAIPE_P_57_11.jpg,0,"[540, 293, 636, 388]",0.8528,11,11,1.0
VAIPE_P_57_11.jpg,1,"[372, 653, 468, 758]",0.8524,41,41,1.0
VAIPE_P_57_11.jpg,2,"[693, 165, 785, 253]",0.822,46,46,1.0
VAIPE_P_57_12.jpg,-1,,,,NO_DETECTION,
VAIPE_P_57_13.jpg,0,"[351, 725, 433, 803]",0.8223,41,41,1.0
VAIPE_P_57_13.jpg,1,"[322, 814, 391, 880]",0.7899,46,46,1.0
VAIPE_P_57_13.jpg,2,"[458, 723, 543, 810]",0.6679,11,11,1.0
VAIPE_P_57_14.jpg,0,"[489, 364, 603, 482]",0.8837,11,11,1.0
VAIPE_P_57_14.jpg,1,"[683, 370, 804, 488]",0.8553,41,41,1.0
VAIPE_P_57_14.jpg,2,"[585, 65, 689, 173]",0.8051,46,46,1.0
VAIPE_P_57_15.jpg,0,"[546, 720, 596, 769]",0.6755,12,12,1.0
VAIPE_P_57_16.jpg,0,"[291, 593, 368, 663]",0.745,41,41,1.0
VAIPE_P_57_16.jpg,1,"[681, 939, 758, 1014]",0.7203,11,11,1.0
VAIPE_P_57_16.jpg,2,"[340, 637, 397, 693]",0.6216,46,46,0.6
VAIPE_P_57_17.jpg,0,"[402, 732, 476, 805]",0.8391,46,46,1.0
VAIPE_P_57_18.jpg,-1,,,,NO_DETECTION,
VAIPE_P_57_2.jpg,0,"[916, 468, 1018, 565]",0.8559,12,12,1.0
VAIPE_P_57_3.jpg,0,"[320, 220, 401, 300]",0.8444,46,46,1.0
VAIPE_P_57_4.jpg,0,"[530, 412, 601, 477]",0.8103,46,46,1.0
VAIPE_P_57_5.jpg,0,"[598, 934, 699, 1031]",0.8443,45,45,0.6
VAIPE_P_57_5.jpg,1,"[155, 795, 303, 930]",0.772,41,41,1.0
VAIPE_P_57_5.jpg,2,"[342, 791, 480, 924]",0.7547,11,11,1.0
VAIPE_P_57_6.jpg,0,"[868, 324, 934, 388]",0.8509,41,41,1.0
VAIPE_P_57_6.jpg,1,"[837, 240, 892, 295]",0.8049,46,46,1.0
VAIPE_P_57_6.jpg,2,"[805, 273, 862, 328]",0.7514,11,11,1.0
VAIPE_P_57_7.jpg,0,"[414, 653, 500, 737]",0.8318,46,46,1.0
VAIPE_P_57_8.jpg,0,"[520, 426, 592, 494]",0.7854,11,11,1.0
VAIPE_P_57_8.jpg,1,"[454, 393, 519, 458]",0.6594,46,46,1.0
VAIPE_P_57_8.jpg,2,"[307, 450, 386, 527]",0.6586,41,41,1.0
VAIPE_P_57_9.jpg,0,"[494, 304, 581, 390]",0.8311,46,46,1.0
VAIPE_P_57_9.jpg,1,"[1062, 489, 1279, 611]",0.7813,90,90,0.8
VAIPE_P_58_0.jpg,0,"[1329, 1485, 1834, 1877]",0.8983,79,79,1.0
VAIPE_P_58_0.jpg,1,"[1447, 1794, 1861, 2216]",0.8915,64,64,1.0
VAIPE_P_58_0.jpg,2,"[999, 1363, 1407, 1809]",0.8843,64,64,1.0
VAIPE_P_59_0.jpg,0,"[1436, 2977, 1849, 3389]",0.8273,30,30,1.0
VAIPE_P_59_1.jpg,-1,,,,NO_DETECTION,
VAIPE_P_59_10.jpg,0,"[2744, 834, 3407, 1485]",0.3835,6,6,1.0
VAIPE_P_59_11.jpg,0,"[1127, 2143, 1479, 2499]",0.7831,30,30,1.0
VAIPE_P_59_12.jpg,0,"[1720, 2207, 2095, 2558]",0.7476,6,6,1.0
VAIPE_P_59_13.jpg,-1,,,,NO_DETECTION,
VAIPE_P_59_14.jpg,0,"[1708, 2231, 2208, 2723]",0.7586,6,6,1.0
VAIPE_P_59_15.jpg,0,"[2236, 1338, 2650, 1746]",0.3936,6,6,1.0
VAIPE_P_59_16.jpg,-1,,,,NO_DETECTION,
VAIPE_P_59_17.jpg,0,"[1285, 1709, 1534, 1943]",0.7648,30,30,1.0
VAIPE_P_59_18.jpg,-1,,,,NO_DETECTION,
VAIPE_P_59_19.jpg,0,"[1441, 2475, 1906, 2925]",0.8728,6,6,1.0
VAIPE_P_59_2.jpg,0,"[1596, 2268, 1937, 2609]",0.8037,30,30,1.0
VAIPE_P_59_20.jpg,0,"[1377, 2407, 1924, 3006]",0.5626,30,30,1.0
VAIPE_P_59_21.jpg,-1,,,,NO_DETECTION,
VAIPE_P_59_22.jpg,0,"[2090, 1139, 2352, 1393]",0.8068,30,30,1.0
VAIPE_P_59_23.jpg,-1,,,,NO_DETECTION,
VAIPE_P_59_24.jpg,0,"[1589, 2397, 1935, 2729]",0.6642,30,30,1.0
VAIPE_P_59_25.jpg,0,"[1536, 2079, 1908, 2434]",0.8466,6,6,1.0
VAIPE_P_59_26.jpg,-1,,,,NO_DETECTION,
VAIPE_P_59_27.jpg,0,"[891, 1495, 1324, 1928]",0.4187,6,6,1.0
VAIPE_P_59_28.jpg,0,"[1512, 2432, 1792, 2704]",0.7244,30,30,1.0
VAIPE_P_59_29.jpg,-1,,,,NO_DETECTION,
VAIPE_P_59_3.jpg,-1,,,,NO_DETECTION,
VAIPE_P_59_30.jpg,-1,,,,NO_DETECTION,
VAIPE_P_59_31.jpg,0,"[873, 2238, 1416, 2809]",0.8402,6,6,1.0
VAIPE_P_59_32.jpg,0,"[1120, 2217, 1354, 2452]",0.7798,30,30,1.0
VAIPE_P_59_33.jpg,0,"[1343, 2194, 1673, 2512]",0.7465,30,30,1.0
VAIPE_P_59_34.jpg,0,"[1257, 2547, 1756, 3017]",0.4987,30,30,1.0
VAIPE_P_59_35.jpg,0,"[1571, 1975, 1890, 2284]",0.7489,30,30,1.0
VAIPE_P_59_36.jpg,0,"[1143, 1659, 1830, 2215]",0.6844,6,6,1.0
VAIPE_P_59_37.jpg,-1,,,,NO_DETECTION,
VAIPE_P_59_38.jpg,0,"[2284, 1479, 2599, 1784]",0.2822,30,30,1.0
VAIPE_P_59_39.jpg,-1,,,,NO_DETECTION,
VAIPE_P_59_4.jpg,-1,,,,NO_DETECTION,
VAIPE_P_59_40.jpg,0,"[1144, 3022, 1620, 3505]",0.423,30,30,1.0
VAIPE_P_59_41.jpg,-1,,,,NO_DETECTION,
VAIPE_P_59_42.jpg,0,"[1633, 2780, 1982, 3136]",0.8756,6,6,1.0
VAIPE_P_59_42.jpg,1,"[0, 3872, 386, 4127]",0.7126,42,42,0.6
VAIPE_P_59_42.jpg,2,"[0, 778, 458, 1465]",0.4427,104,104,0.8
VAIPE_P_59_43.jpg,0,"[1988, 1481, 2273, 1757]",0.6808,30,30,1.0
VAIPE_P_59_43.jpg,1,"[2902, 1643, 3180, 1922]",0.2509,40,40,0.8
VAIPE_P_59_44.jpg,0,"[1846, 1976, 2356, 2477]",0.8213,6,6,1.0
VAIPE_P_59_45.jpg,0,"[1222, 2380, 1641, 2809]",0.5415,6,6,1.0
VAIPE_P_59_46.jpg,0,"[1506, 2649, 1925, 3070]",0.8596,30,30,1.0
VAIPE_P_59_47.jpg,-1,,,,NO_DETECTION,
VAIPE_P_59_48.jpg,-1,,,,NO_DETECTION,
VAIPE_P_59_49.jpg,0,"[1362, 2529, 1749, 2910]",0.7061,30,30,1.0
VAIPE_P_59_5.jpg,0,"[1722, 2030, 2338, 2666]",0.4891,30,30,1.0
VAIPE_P_59_5.jpg,1,"[1799, 2098, 2287, 2559]",0.3428,30,30,1.0
VAIPE_P_59_50.jpg,-1,,,,NO_DETECTION,
VAIPE_P_59_51.jpg,0,"[1371, 2520, 1730, 2879]",0.7323,30,30,1.0
VAIPE_P_59_52.jpg,0,"[1253, 2660, 1634, 3027]",0.6725,30,30,1.0
VAIPE_P_59_52.jpg,1,"[1174, 2572, 1694, 3127]",0.3299,30,30,1.0
VAIPE_P_59_53.jpg,0,"[1810, 1038, 2333, 1578]",0.8456,6,6,1.0
VAIPE_P_59_54.jpg,-1,,,,NO_DETECTION,
VAIPE_P_59_55.jpg,-1,,,,NO_DETECTION,
VAIPE_P_59_56.jpg,0,"[1551, 2518, 2052, 3029]",0.842,6,6,1.0
VAIPE_P_59_57.jpg,0,"[1188, 3299, 1683, 3786]",0.6068,30,30,1.0
VAIPE_P_59_57.jpg,1,"[1098, 3195, 1753, 3864]",0.3458,46,46,1.0
VAIPE_P_59_58.jpg,0,"[2271, 864, 2562, 1144]",0.5298,30,30,1.0
VAIPE_P_59_59.jpg,0,"[2003, 867, 2741, 1587]",0.7166,6,6,1.0
VAIPE_P_59_6.jpg,-1,,,,NO_DETECTION,
VAIPE_P_59_60.jpg,0,"[1744, 1749, 2446, 2717]",0.8565,91,91,1.0
VAIPE_P_59_60.jpg,1,"[859, 651, 1564, 1360]",0.8471,51,51,1.0
VAIPE_P_59_60.jpg,2,"[2262, 797, 3190, 1658]",0.7251,17,17,0.8
VAIPE_P_59_60.jpg,3,"[1964, 144, 2603, 785]",0.6539,31,31,1.0
VAIPE_P_59_7.jpg,0,"[2526, 1365, 2860, 1679]",0.3439,30,30,1.0
VAIPE_P_59_8.jpg,0,"[1814, 1526, 2215, 1909]",0.3873,30,30,1.0
VAIPE_P_59_9.jpg,-1,,,,NO_DETECTION,
VAIPE_P_5_0.jpg,0,"[1245, 1791, 1642, 2465]",0.8822,58,58,1.0
VAIPE_P_5_1.jpg,0,"[951, 2060, 1599, 2435]",0.8721,58,58,1.0
VAIPE_P_5_10.jpg,0,"[737, 1484, 1000, 1760]",0.3734,59,59,1.0
VAIPE_P_5_10.jpg,1,"[604, 867, 838, 1098]",0.317,84,84,1.0
VAIPE_P_5_11.jpg,0,"[1685, 1568, 2285, 2038]",0.905,26,26,0.6
VAIPE_P_5_11.jpg,1,"[1536, 1914, 1944, 2354]",0.8971,55,55,1.0
VAIPE_P_5_11.jpg,2,"[1455, 2305, 1767, 3023]",0.8706,10,10,1.0
VAIPE_P_5_11.jpg,3,"[1213, 2206, 1510, 2854]",0.8659,10,10,1.0
VAIPE_P_5_11.jpg,4,"[1365, 2101, 1614, 2327]",0.8591,7,7,0.4
VAIPE_P_5_11.jpg,5,"[1136, 1984, 1418, 2262]",0.8556,7,7,0.8
VAIPE_P_5_2.jpg,0,"[1108, 1722, 1613, 2437]",0.8595,58,58,1.0
VAIPE_P_5_3.jpg,0,"[1116, 1963, 1867, 2466]",0.8519,58,58,1.0
VAIPE_P_5_4.jpg,0,"[1385, 1755, 1887, 2490]",0.8778,58,58,1.0
VAIPE_P_5_5.jpg,0,"[900, 1885, 1400, 2545]",0.8527,58,58,1.0
VAIPE_P_5_6.jpg,0,"[1075, 1898, 1699, 2367]",0.8907,58,58,1.0
VAIPE_P_5_7.jpg,0,"[692, 1646, 1593, 2121]",0.8721,58,58,1.0
VAIPE_P_5_7.jpg,1,"[2565, 3878, 2777, 4032]",0.4624,69,69,0.4
VAIPE_P_5_7.jpg,2,"[2727, 3906, 3024, 4032]",0.3347,69,69,0.8
VAIPE_P_5_8.jpg,0,"[1203, 2023, 1689, 2800]",0.8555,58,58,1.0
VAIPE_P_5_9.jpg,0,"[2922, 887, 4032, 1616]",0.8577,15,15,1.0
VAIPE_P_5_9.jpg,1,"[2454, 1854, 3189, 2590]",0.8369,54,54,1.0
VAIPE_P_5_9.jpg,2,"[1612, 2179, 2282, 2886]",0.761,15,15,1.0
VAIPE_P_5_9.jpg,3,"[1725, 56, 2375, 1193]",0.7524,69,69,1.0
VAIPE_P_60_0.jpg,0,"[171, 243, 233, 306]",0.9147,10,10,1.0
VAIPE_P_60_0.jpg,1,"[32, 165, 83, 238]",0.9073,10,10,1.0
VAIPE_P_60_0.jpg,2,"[226, 218, 267, 258]",0.8909,51,51,1.0
VAIPE_P_60_0.jpg,3,"[108, 243, 148, 284]",0.8791,51,51,1.0
VAIPE_P_60_0.jpg,4,"[80, 306, 122, 348]",0.8766,36,36,1.0
VAIPE_P_60_1.jpg,0,"[110, 178, 163, 234]",0.9184,10,10,1.0
VAIPE_P_60_1.jpg,1,"[64, 208, 102, 245]",0.8872,51,51,1.0
VAIPE_P_60_1.jpg,2,"[84, 116, 122, 154]",0.8844,36,36,1.0
VAIPE_P_60_1.jpg,3,"[144, 138, 182, 175]",0.884,51,51,1.0
VAIPE_P_60_1.jpg,4,"[150, 265, 220, 296]",0.8816,10,10,1.0
VAIPE_P_60_2.jpg,0,"[147, 269, 235, 311]",0.8988,10,10,1.0
VAIPE_P_60_2.jpg,1,"[39, 190, 87, 236]",0.8947,51,51,1.0
VAIPE_P_60_2.jpg,2,"[100, 162, 185, 212]",0.8934,10,10,1.0
VAIPE_P_60_2.jpg,3,"[45, 269, 91, 314]",0.8901,36,36,1.0
VAIPE_P_60_2.jpg,4,"[146, 103, 196, 152]",0.8898,51,51,1.0
VAIPE_P_60_3.jpg,0,"[152, 308, 198, 353]",0.8924,36,36,1.0
VAIPE_P_60_3.jpg,1,"[0, 257, 79, 301]",0.8868,10,10,1.0
VAIPE_P_60_3.jpg,2,"[170, 122, 219, 168]",0.885,51,51,1.0
VAIPE_P_60_3.jpg,3,"[115, 241, 160, 286]",0.8838,51,51,1.0
VAIPE_P_60_3.jpg,4,"[154, 187, 239, 227]",0.8696,10,10,1.0
VAIPE_P_60_4.jpg,0,"[1074, 1129, 1533, 1823]",0.8911,17,17,1.0
VAIPE_P_60_4.jpg,1,"[1735, 714, 2309, 1305]",0.8793,17,17,1.0
VAIPE_P_60_4.jpg,2,"[1265, 561, 1810, 985]",0.8639,38,38,1.0
VAIPE_P_60_4.jpg,3,"[1894, 1273, 2432, 1965]",0.8083,101,101,1.0
VAIPE_P_60_4.jpg,4,"[1153, 1862, 1961, 2188]",0.6326,26,26,1.0
VAIPE_P_61_0.jpg,0,"[1498, 1675, 1930, 2111]",0.83,54,54,1.0
VAIPE_P_61_1.jpg,0,"[1172, 1419, 1755, 2002]",0.8928,54,54,1.0
VAIPE_P_61_1.jpg,1,"[1447, 1882, 1869, 2294]",0.8714,47,47,1.0
VAIPE_P_61_10.jpg,0,"[1673, 1915, 2199, 2477]",0.8987,54,54,1.0
VAIPE_P_61_10.jpg,1,"[1121, 1772, 1518, 2174]",0.8676,47,47,1.0
VAIPE_P_61_11.jpg,0,"[1241, 1872, 1876, 2547]",0.8911,54,54,1.0
VAIPE_P_61_12.jpg,0,"[1351, 1606, 1824, 2086]",0.8236,54,54,1.0
VAIPE_P_61_13.jpg,0,"[1577, 1737, 2095, 2265]",0.8898,54,54,1.0
VAIPE_P_61_13.jpg,1,"[1031, 1896, 1422, 2287]",0.8761,47,47,1.0
VAIPE_P_61_14.jpg,0,"[1131, 1659, 1740, 2284]",0.8763,54,54,1.0
VAIPE_P_61_15.jpg,0,"[909, 1627, 1513, 2254]",0.8861,54,54,1.0
VAIPE_P_61_16.jpg,0,"[1221, 2002, 1785, 2530]",0.8842,54,54,1.0
VAIPE_P_61_16.jpg,1,"[1138, 1718, 1543, 2111]",0.8715,47,47,1.0
VAIPE_P_61_17.jpg,0,"[1161, 1706, 1759, 2310]",0.8561,54,54,1.0
VAIPE_P_61_18.jpg,0,"[1420, 2088, 1913, 2571]",0.8731,54,54,1.0
VAIPE_P_61_19.jpg,0,"[1452, 1638, 1911, 2076]",0.8129,54,54,1.0
VAIPE_P_61_2.jpg,0,"[1094, 1713, 1657, 2253]",0.7095,54,54,1.0
VAIPE_P_61_20.jpg,0,"[121, 2156, 1139, 3177]",0.762,53,53,1.0
VAIPE_P_61_20.jpg,1,"[984, 2158, 1642, 2801]",0.4234,24,24,1.0
VAIPE_P_61_21.jpg,0,"[2192, 2180, 2565, 2558]",0.8549,30,30,1.0
VAIPE_P_61_21.jpg,1,"[2303, 615, 3077, 1072]",0.8342,99,99,0.8
VAIPE_P_61_21.jpg,2,"[2581, 1467, 3093, 1955]",0.8295,83,83,1.0
VAIPE_P_61_21.jpg,3,"[1901, 1490, 2261, 1836]",0.7695,30,30,1.0
VAIPE_P_61_21.jpg,4,"[1118, 472, 1837, 1301]",0.7266,104,104,1.0
VAIPE_P_61_21.jpg,5,"[1421, 2115, 1900, 2600]",0.5189,83,83,1.0
VAIPE_P_61_22.jpg,0,"[1847, 2333, 2418, 2704]",0.8841,15,15,1.0
VAIPE_P_61_22.jpg,1,"[1364, 1400, 1924, 1747]",0.8836,78,78,0.8
VAIPE_P_61_22.jpg,2,"[1406, 1830, 1849, 2315]",0.8727,15,15,1.0
VAIPE_P_61_22.jpg,3,"[981, 2793, 1494, 3339]",0.8636,57,57,0.4
VAIPE_P_61_22.jpg,4,"[1375, 1722, 1732, 1958]",0.8478,91,91,0.6
VAIPE_P_61_3.jpg,0,"[1195, 1829, 1745, 2403]",0.8973,54,54,1.0
VAIPE_P_61_4.jpg,0,"[1297, 1794, 1791, 2279]",0.8856,54,54,1.0
VAIPE_P_61_4.jpg,1,"[1331, 2299, 1693, 2657]",0.8601,47,47,1.0
VAIPE_P_61_5.jpg,0,"[1386, 1469, 1826, 1916]",0.8313,54,54,1.0
VAIPE_P_61_6.jpg,0,"[1309, 1670, 1641, 1992]",0.8915,47,47,1.0
VAIPE_P_61_6.jpg,1,"[943, 1960, 1430, 2435]",0.8908,54,54,1.0
VAIPE_P_61_7.jpg,0,"[1099, 2091, 1776, 2799]",0.8827,54,54,1.0
VAIPE_P_61_8.jpg,0,"[1682, 2316, 2045, 2672]",0.8756,47,47,1.0
VAIPE_P_61_8.jpg,1,"[864, 1734, 1367, 2187]",0.867,54,54,1.0
VAIPE_P_61_9.jpg,0,"[1050, 1710, 1547, 2173]",0.8857,54,54,1.0
VAIPE_P_62_0.jpg,0,"[1101, 1645, 1482, 2134]",0.8728,97,97,1.0
VAIPE_P_62_0.jpg,1,"[1465, 1620, 1911, 2156]",0.8667,97,97,1.0
VAIPE_P_62_0.jpg,2,"[1986, 565, 2345, 908]",0.2783,7,7,1.0
VAIPE_P_62_1.jpg,0,"[1798, 1895, 2600, 2692]",0.8976,106,106,1.0
VAIPE_P_62_1.jpg,1,"[1397, 154, 1945, 655]",0.85,99,99,1.0
VAIPE_P_62_1.jpg,2,"[2521, 920, 3010, 1401]",0.8301,44,44,1.0
VAIPE_P_62_1.jpg,3,"[1483, 815, 1803, 1133]",0.8052,4,4,0.4
VAIPE_P_62_1.jpg,4,"[2062, 400, 2492, 819]",0.7953,83,83,1.0
VAIPE_P_62_1.jpg,5,"[1958, 1222, 2311, 1579]",0.7392,4,4,1.0
VAIPE_P_63_0.jpg,0,"[1879, 648, 2278, 1121]",0.7896,97,97,1.0
VAIPE_P_63_1.jpg,0,"[2401, 2033, 3613, 2578]",0.8771,61,61,1.0
VAIPE_P_63_1.jpg,1,"[1027, 1821, 2056, 2587]",0.8597,58,58,1.0
VAIPE_P_63_1.jpg,2,"[2112, 328, 2824, 1019]",0.8232,54,54,1.0
VAIPE_P_63_1.jpg,3,"[1326, 803, 1922, 1389]",0.7958,31,31,1.0
VAIPE_P_63_2.jpg,-1,,,,NO_DETECTION,
VAIPE_P_64_0.jpg,0,"[1064, 1470, 1614, 2161]",0.891,56,56,1.0
VAIPE_P_64_1.jpg,0,"[1036, 1885, 1308, 2340]",0.8543,37,37,1.0
VAIPE_P_64_1.jpg,1,"[1436, 2069, 1725, 2355]",0.8498,46,46,1.0
VAIPE_P_64_10.jpg,0,"[845, 1482, 1606, 2171]",0.8976,52,52,0.8
VAIPE_P_64_10.jpg,1,"[557, 2139, 1570, 2582]",0.8898,68,68,0.8
VAIPE_P_64_10.jpg,2,"[751, 1023, 1680, 1716]",0.8818,62,62,1.0
VAIPE_P_64_10.jpg,3,"[1585, 1807, 2441, 2230]",0.858,26,26,1.0
VAIPE_P_64_10.jpg,4,"[1420, 812, 1809, 1218]",0.7139,86,86,1.0
VAIPE_P_64_11.jpg,0,"[1591, 1977, 2618, 2821]",0.8701,10,10,1.0
VAIPE_P_64_11.jpg,1,"[1914, 226, 2689, 1282]",0.8482,69,69,1.0
VAIPE_P_64_11.jpg,2,"[2654, 875, 3614, 1577]",0.8225,91,91,1.0
VAIPE_P_64_11.jpg,3,"[1073, 210, 1709, 860]",0.7948,54,54,1.0
VAIPE_P_64_2.jpg,0,"[1052, 1668, 1479, 2395]",0.8673,56,56,1.0
VAIPE_P_64_3.jpg,0,"[728, 1865, 1261, 2205]",0.7003,37,37,1.0
VAIPE_P_64_3.jpg,1,"[1532, 2007, 1906, 2350]",0.6622,5,5,0.4
VAIPE_P_64_3.jpg,2,"[669, 1758, 1293, 2296]",0.5317,37,37,1.0
VAIPE_P_64_3.jpg,3,"[1464, 1936, 1967, 2465]",0.3199,46,46,1.0
VAIPE_P_64_4.jpg,0,"[1167, 1577, 1824, 2242]",0.8828,56,56,1.0
VAIPE_P_64_5.jpg,0,"[1252, 1579, 1646, 1859]",0.8882,37,37,1.0
VAIPE_P_64_5.jpg,1,"[942, 1919, 1336, 2231]",0.8779,37,37,1.0
VAIPE_P_64_5.jpg,2,"[1223, 2207, 1505, 2477]",0.8392,46,46,1.0
VAIPE_P_64_6.jpg,0,"[1161, 1579, 1717, 2253]",0.8459,56,56,1.0
VAIPE_P_64_7.jpg,0,"[883, 2359, 1212, 2685]",0.8274,46,46,1.0
VAIPE_P_64_7.jpg,1,"[1049, 1835, 1407, 2294]",0.8061,37,37,1.0
VAIPE_P_64_8.jpg,0,"[1517, 1809, 1800, 2094]",0.8265,46,46,1.0
VAIPE_P_64_8.jpg,1,"[1190, 1824, 1449, 2269]",0.781,37,37,1.0
VAIPE_P_64_9.jpg,0,"[790, 2418, 1441, 3064]",0.8863,51,51,1.0
VAIPE_P_64_9.jpg,1,"[532, 1897, 981, 2707]",0.8742,106,106,1.0
VAIPE_P_64_9.jpg,2,"[1536, 1421, 1969, 2287]",0.8622,104,104,1.0
VAIPE_P_64_9.jpg,3,"[1615, 2502, 2662, 3018]",0.8609,104,104,1.0
VAIPE_P_65_0.jpg,0,"[1663, 821, 2381, 1657]",0.9122,91,91,1.0
VAIPE_P_65_0.jpg,1,"[1059, 1100, 1737, 2209]",0.9072,10,10,1.0
VAIPE_P_65_0.jpg,2,"[1200, 1657, 1999, 2679]",0.9038,10,10,1.0
VAIPE_P_65_0.jpg,3,"[359, 1559, 981, 2134]",0.8948,51,51,1.0
VAIPE_P_65_0.jpg,4,"[812, 0, 1470, 568]",0.8739,51,51,1.0
VAIPE_P_65_1.jpg,0,"[1323, 887, 2244, 1647]",0.9131,10,10,1.0
VAIPE_P_65_1.jpg,1,"[789, 1477, 1864, 2078]",0.9064,10,10,1.0
VAIPE_P_65_1.jpg,2,"[107, 505, 681, 1087]",0.8992,51,51,1.0
VAIPE_P_65_1.jpg,3,"[1788, 618, 2230, 1128]",0.8962,51,51,1.0
VAIPE_P_65_1.jpg,4,"[721, 566, 1249, 1453]",0.8907,91,91,1.0
VAIPE_P_65_2.jpg,0,"[1236, 1914, 1893, 2566]",0.903,51,51,1.0
VAIPE_P_65_2.jpg,1,"[1851, 1733, 2483, 2373]",0.8974,51,51,1.0
VAIPE_P_65_2.jpg,2,"[2552, 1074, 3604, 1645]",0.8955,91,91,1.0
VAIPE_P_65_2.jpg,3,"[1005, 1145, 2396, 1708]",0.8954,10,10,1.0
VAIPE_P_65_2.jpg,4,"[931, 686, 2345, 1223]",0.8811,10,10,1.0
VAIPE_P_65_3.jpg,0,"[1023, 1615, 1916, 2773]",0.9024,10,10,1.0
VAIPE_P_65_3.jpg,1,"[1154, 860, 1800, 1488]",0.9023,51,51,1.0
VAIPE_P_65_3.jpg,2,"[0, 2033, 1230, 2619]",0.896,10,10,1.0
VAIPE_P_65_3.jpg,3,"[1679, 530, 2325, 1172]",0.8959,51,51,1.0
VAIPE_P_65_3.jpg,4,"[1882, 1106, 2464, 2087]",0.8854,91,91,1.0
VAIPE_P_65_4.jpg,0,"[202, 391, 290, 526]",0.8184,15,15,0.4
VAIPE_P_65_4.jpg,1,"[90, 229, 196, 327]",0.7791,15,15,1.0
VAIPE_P_65_4.jpg,2,"[163, 144, 281, 220]",0.6234,15,15,0.8
VAIPE_P_65_4.jpg,3,"[201, 223, 286, 335]",0.5586,78,78,0.8
VAIPE_P_66_0.jpg,0,"[1000, 1849, 1987, 2429]",0.8653,90,90,1.0
VAIPE_P_66_1.jpg,0,"[915, 1990, 1549, 2719]",0.8858,90,90,1.0
VAIPE_P_66_1.jpg,1,"[1169, 1503, 1517, 2150]",0.8706,8,8,1.0
VAIPE_P_66_10.jpg,0,"[450, 1980, 1135, 2347]",0.8274,8,8,1.0
VAIPE_P_66_10.jpg,1,"[2043, 1835, 2614, 2703]",0.819,90,90,1.0
VAIPE_P_66_11.jpg,0,"[1213, 1610, 2017, 2203]",0.7989,90,90,1.0
VAIPE_P_66_12.jpg,-1,,,,NO_DETECTION,
VAIPE_P_66_2.jpg,0,"[1145, 1606, 1882, 2489]",0.8412,90,90,1.0
VAIPE_P_66_3.jpg,0,"[1544, 1350, 2599, 1974]",0.8399,90,90,1.0
VAIPE_P_66_3.jpg,1,"[734, 2481, 1558, 2950]",0.8112,8,8,1.0
VAIPE_P_66_4.jpg,0,"[1495, 1031, 2185, 1757]",0.8827,90,90,1.0
VAIPE_P_66_4.jpg,1,"[984, 1838, 1641, 2243]",0.7942,8,8,1.0
VAIPE_P_66_5.jpg,0,"[1494, 1348, 2215, 2233]",0.8621,90,90,1.0
VAIPE_P_66_5.jpg,1,"[848, 2116, 1482, 2758]",0.8278,8,8,1.0
VAIPE_P_66_6.jpg,0,"[1114, 1864, 1947, 2351]",0.8245,90,90,1.0
VAIPE_P_66_7.jpg,0,"[1646, 1671, 2124, 2446]",0.8709,8,8,1.0
VAIPE_P_66_7.jpg,1,"[828, 1880, 1369, 2852]",0.8631,90,90,1.0
VAIPE_P_66_8.jpg,0,"[1728, 1548, 2272, 2427]",0.8382,90,90,1.0
VAIPE_P_66_8.jpg,1,"[944, 1711, 1448, 2360]",0.8234,8,8,1.0
VAIPE_P_66_9.jpg,0,"[1558, 1653, 2044, 2501]",0.859,90,90,1.0
VAIPE_P_66_9.jpg,1,"[798, 1313, 1101, 1949]",0.8258,8,8,1.0
VAIPE_P_67_0.jpg,0,"[1272, 1177, 1821, 1828]",0.9008,91,91,1.0
VAIPE_P_67_0.jpg,1,"[579, 1386, 1279, 1767]",0.877,91,91,1.0
VAIPE_P_67_0.jpg,2,"[309, 970, 1133, 1533]",0.8606,26,26,1.0
VAIPE_P_67_0.jpg,3,"[1588, 1879, 2442, 2308]",0.8591,26,26,1.0
VAIPE_P_67_0.jpg,4,"[1315, 2267, 1688, 2652]",0.8496,70,70,1.0
VAIPE_P_67_1.jpg,0,"[1400, 1806, 2052, 2125]",0.8796,26,26,1.0
VAIPE_P_67_1.jpg,1,"[647, 1628, 1308, 2088]",0.8792,26,26,1.0
VAIPE_P_67_10.jpg,0,"[2065, 2598, 2331, 2903]",0.7419,70,70,1.0
VAIPE_P_67_10.jpg,1,"[1617, 1705, 2020, 2255]",0.6958,91,91,1.0
VAIPE_P_67_10.jpg,2,"[1758, 2183, 2155, 2806]",0.5648,91,91,1.0
VAIPE_P_67_11.jpg,0,"[617, 1814, 1134, 2441]",0.9041,91,91,1.0
VAIPE_P_67_11.jpg,1,"[1175, 1648, 1726, 2382]",0.8951,26,26,1.0
VAIPE_P_67_11.jpg,2,"[974, 1823, 1449, 2432]",0.8932,91,91,1.0
VAIPE_P_67_11.jpg,3,"[1208, 1285, 1804, 1963]",0.8886,26,26,1.0
VAIPE_P_67_11.jpg,4,"[1234, 2525, 1574, 2874]",0.8377,70,70,1.0
VAIPE_P_67_12.jpg,0,"[492, 255, 584, 348]",0.8538,11,11,1.0
VAIPE_P_67_12.jpg,1,"[455, 473, 532, 600]",0.7889,89,89,1.0
VAIPE_P_67_12.jpg,2,"[503, 353, 591, 440]",0.764,30,30,0.4
VAIPE_P_67_12.jpg,3,"[354, 224, 485, 428]",0.6428,26,26,1.0
VAIPE_P_67_2.jpg,0,"[1023, 1574, 1693, 2023]",0.8879,26,26,1.0
VAIPE_P_67_2.jpg,1,"[861, 1735, 1551, 2234]",0.8819,26,26,1.0
VAIPE_P_67_3.jpg,0,"[1162, 737, 1884, 1400]",0.9015,26,26,1.0
VAIPE_P_67_3.jpg,1,"[810, 1734, 1636, 2358]",0.8841,26,26,1.0
VAIPE_P_67_4.jpg,0,"[976, 1687, 1681, 2129]",0.911,26,26,1.0
VAIPE_P_67_4.jpg,1,"[685, 1503, 1420, 1986]",0.9018,26,26,1.0
VAIPE_P_67_4.jpg,2,"[1045, 2085, 1642, 2484]",0.8906,91,91,1.0
VAIPE_P_67_4.jpg,3,"[1380, 1924, 1992, 2246]",0.8832,91,91,1.0
VAIPE_P_67_4.jpg,4,"[750, 2106, 1084, 2436]",0.8741,70,70,1.0
VAIPE_P_67_5.jpg,0,"[926, 1485, 1503, 2372]",0.8835,26,26,1.0
VAIPE_P_67_5.jpg,1,"[1335, 1538, 2157, 2024]",0.8533,26,26,1.0
VAIPE_P_67_6.jpg,0,"[450, 2057, 1130, 2584]",0.9144,26,26,1.0
VAIPE_P_67_6.jpg,1,"[728, 1880, 1258, 2342]",0.9067,91,91,1.0
VAIPE_P_67_6.jpg,2,"[1237, 1970, 1922, 2396]",0.9011,26,26,1.0
VAIPE_P_67_6.jpg,3,"[1467, 1602, 2020, 1890]",0.8868,91,91,1.0
VAIPE_P_67_6.jpg,4,"[975, 1393, 1277, 1687]",0.8742,70,70,1.0
VAIPE_P_67_7.jpg,0,"[1599, 1871, 2139, 2456]",0.9045,26,26,1.0
VAIPE_P_67_7.jpg,1,"[336, 1936, 673, 2662]",0.894,26,26,1.0
VAIPE_P_67_7.jpg,2,"[1459, 1610, 2005, 1987]",0.8727,91,91,1.0
VAIPE_P_67_7.jpg,3,"[1450, 1373, 1976, 1738]",0.8592,91,91,1.0
VAIPE_P_67_7.jpg,4,"[996, 1067, 1295, 1370]",0.824,70,70,1.0
VAIPE_P_67_8.jpg,0,"[774, 1115, 1314, 1626]",0.9104,91,91,1.0
VAIPE_P_67_8.jpg,1,"[630, 1375, 1218, 1848]",0.9098,91,91,1.0
VAIPE_P_67_8.jpg,2,"[722, 1786, 1484, 2240]",0.9027,26,26,1.0
VAIPE_P_67_8.jpg,3,"[1781, 1232, 2222, 1961]",0.8906,26,26,1.0
VAIPE_P_67_8.jpg,4,"[381, 1500, 724, 1841]",0.8835,70,70,1.0
VAIPE_P_67_9.jpg,0,"[1095, 1678, 1663, 2223]",0.905,91,91,1.0
VAIPE_P_67_9.jpg,1,"[1271, 2047, 1923, 2752]",0.8861,26,26,1.0
VAIPE_P_67_9.jpg,2,"[883, 2294, 1339, 3131]",0.8848,26,26,1.0
VAIPE_P_67_9.jpg,3,"[1061, 2673, 1545, 3385]",0.8803,91,91,1.0
VAIPE_P_67_9.jpg,4,"[612, 2197, 992, 2570]",0.8758,70,70,1.0
VAIPE_P_68_0.jpg,0,"[444, 346, 574, 466]",0.7777,46,46,1.0
VAIPE_P_68_1.jpg,0,"[1568, 1398, 2398, 1817]",0.8854,61,61,1.0
VAIPE_P_68_1.jpg,1,"[1348, 2022, 2150, 2944]",0.8763,92,92,0.8
VAIPE_P_68_1.jpg,2,"[1015, 208, 1529, 1095]",0.8712,52,52,1.0
VAIPE_P_68_1.jpg,3,"[2668, 577, 3047, 938]",0.838,98,98,1.0
VAIPE_P_68_1.jpg,4,"[1774, 679, 2120, 1032]",0.827,36,36,0.6
VAIPE_P_68_2.jpg,0,"[2097, 504, 2747, 1298]",0.6676,26,26,1.0
VAIPE_P_68_2.jpg,1,"[869, 1306, 1705, 2082]",0.6349,17,17,1.0
VAIPE_P_68_2.jpg,2,"[1689, 1120, 2346, 1745]",0.6172,91,91,1.0
VAIPE_P_68_2.jpg,3,"[1863, 1990, 2576, 2738]",0.4976,79,79,1.0
VAIPE_P_68_3.jpg,0,"[1645, 959, 1928, 1386]",0.8793,97,97,1.0
VAIPE_P_68_3.jpg,1,"[904, 1263, 1290, 1665]",0.8559,51,51,1.0
VAIPE_P_68_3.jpg,2,"[1241, 875, 1669, 1295]",0.854,51,51,1.0
VAIPE_P_68_3.jpg,3,"[1248, 41, 1590, 732]",0.8518,89,89,1.0
VAIPE_P_68_3.jpg,4,"[678, 248, 1267, 799]",0.7763,105,105,1.0
VAIPE_P_68_3.jpg,5,"[242, 230, 925, 688]",0.6705,64,64,1.0
VAIPE_P_69_0.jpg,0,"[1216, 778, 1895, 1237]",0.8652,48,48,1.0
VAIPE_P_69_0.jpg,1,"[1759, 1245, 2302, 2184]",0.8357,10,10,1.0
VAIPE_P_69_0.jpg,2,"[2368, 1777, 2876, 2733]",0.8294,10,10,1.0
VAIPE_P_69_1.jpg,-1,,,,NO_DETECTION,
VAIPE_P_69_2.jpg,-1,,,,NO_DETECTION,
VAIPE_P_69_3.jpg,0,"[1511, 1808, 2019, 2225]",0.8277,48,48,1.0
VAIPE_P_69_3.jpg,1,"[321, 2231, 827, 2983]",0.822,10,10,1.0
VAIPE_P_69_3.jpg,2,"[2176, 1136, 2855, 1797]",0.8008,10,10,1.0
VAIPE_P_69_4.jpg,0,"[1241, 2142, 1770, 2634]",0.846,48,48,1.0
VAIPE_P_69_4.jpg,1,"[244, 1248, 848, 2087]",0.83,10,10,1.0
VAIPE_P_69_4.jpg,2,"[2058, 1476, 2887, 1963]",0.7582,10,10,1.0
VAIPE_P_69_5.jpg,0,"[2012, 1344, 2768, 2075]",0.861,10,10,1.0
VAIPE_P_69_5.jpg,1,"[1263, 2107, 1828, 2574]",0.8399,48,48,1.0
VAIPE_P_69_5.jpg,2,"[391, 1215, 1221, 1793]",0.7806,10,10,1.0
VAIPE_P_69_6.jpg,0,"[1420, 1091, 2025, 1506]",0.8877,48,48,1.0
VAIPE_P_69_6.jpg,1,"[2187, 1221, 2970, 1923]",0.8845,10,10,1.0
VAIPE_P_69_6.jpg,2,"[1892, 1480, 2345, 2407]",0.851,10,10,1.0
VAIPE_P_69_7.jpg,0,"[1456, 1304, 2133, 1972]",0.8988,10,10,1.0
VAIPE_P_69_7.jpg,1,"[624, 2095, 1197, 2566]",0.856,48,48,1.0
VAIPE_P_69_7.jpg,2,"[1383, 1626, 2068, 2310]",0.7869,10,10,1.0
VAIPE_P_69_8.jpg,0,"[930, 1236, 1224, 1831]",0.8794,89,89,1.0
VAIPE_P_69_8.jpg,1,"[958, 1739, 1481, 2134]",0.8786,83,83,1.0
VAIPE_P_69_8.jpg,2,"[711, 894, 1037, 1215]",0.8681,81,81,1.0
VAIPE_P_69_8.jpg,3,"[465, 1194, 879, 1627]",0.8027,83,83,1.0
VAIPE_P_6_0.jpg,0,"[1571, 1651, 2328, 2375]",0.8853,89,89,1.0
VAIPE_P_6_0.jpg,1,"[571, 2116, 1409, 3019]",0.8796,61,61,1.0
VAIPE_P_6_0.jpg,2,"[1218, 2378, 2078, 2897]",0.8617,89,89,1.0
VAIPE_P_6_0.jpg,3,"[697, 2906, 1768, 3402]",0.8583,61,61,1.0
VAIPE_P_6_1.jpg,0,"[988, 2638, 1630, 3490]",0.877,61,61,1.0
VAIPE_P_6_1.jpg,1,"[1542, 1848, 2286, 2246]",0.8687,89,89,1.0
VAIPE_P_6_1.jpg,2,"[1290, 2278, 1837, 2942]",0.8666,89,89,1.0
VAIPE_P_6_1.jpg,3,"[683, 2008, 1471, 2656]",0.8374,61,61,1.0
VAIPE_P_6_2.jpg,-1,,,,NO_DETECTION,
VAIPE_P_6_3.jpg,0,"[783, 1793, 1346, 2251]",0.8676,97,97,0.6
VAIPE_P_6_3.jpg,1,"[1209, 1988, 1595, 2319]",0.8668,31,31,1.0
VAIPE_P_6_3.jpg,2,"[1140, 2293, 1490, 2618]",0.8407,51,51,1.0
VAIPE_P_6_3.jpg,3,"[479, 357, 812, 678]",0.3519,64,64,1.0
VAIPE_P_6_3.jpg,4,"[501, 413, 758, 633]",0.298,39,39,1.0
VAIPE_P_70_0.jpg,0,"[1034, 2530, 1526, 3275]",0.82,89,89,1.0
VAIPE_P_70_0.jpg,1,"[1295, 2363, 1862, 2657]",0.4165,8,8,1.0
VAIPE_P_70_1.jpg,0,"[2264, 1637, 3346, 2653]",0.9118,16,16,1.0
VAIPE_P_70_1.jpg,1,"[1440, 722, 2253, 1428]",0.8832,8,8,1.0
VAIPE_P_70_1.jpg,2,"[2919, 1190, 3441, 1685]",0.8536,7,7,1.0
VAIPE_P_70_1.jpg,3,"[1825, 2382, 2257, 2815]",0.8402,51,51,1.0
VAIPE_P_70_1.jpg,4,"[2378, 426, 2740, 782]",0.6997,51,51,1.0
VAIPE_P_70_2.jpg,0,"[803, 2992, 1222, 3349]",0.8647,72,72,0.8
VAIPE_P_70_2.jpg,1,"[284, 2767, 703, 3198]",0.8538,46,46,1.0
VAIPE_P_70_2.jpg,2,"[1793, 1533, 2191, 1933]",0.8367,59,59,1.0
VAIPE_P_70_2.jpg,3,"[714, 2773, 1108, 3135]",0.8167,59,59,0.6
VAIPE_P_70_2.jpg,4,"[707, 1765, 1991, 2934]",0.7824,80,80,0.8
VAIPE_P_70_2.jpg,5,"[1050, 2782, 1951, 3664]",0.4965,89,89,1.0
VAIPE_P_71_0.jpg,0,"[846, 2365, 1477, 3090]",0.7887,89,89,1.0
VAIPE_P_71_1.jpg,0,"[540, 2843, 1364, 3290]",0.7178,89,89,1.0
VAIPE_P_71_2.jpg,-1,,,,NO_DETECTION,
VAIPE_P_72_0.jpg,-1,,,,NO_DETECTION,
VAIPE_P_72_1.jpg,-1,,,,NO_DETECTION,
VAIPE_P_72_2.jpg,0,"[749, 1852, 1078, 2180]",0.4437,64,64,1.0
VAIPE_P_72_3.jpg,-1,,,,NO_DETECTION,
VAIPE_P_72_4.jpg,-1,,,,NO_DETECTION,
VAIPE_P_72_5.jpg,0,"[2912, 954, 3584, 1606]",0.8353,36,36,0.6
VAIPE_P_72_5.jpg,1,"[2003, 1795, 2848, 2470]",0.808,48,48,0.8
VAIPE_P_72_5.jpg,2,"[1518, 489, 2267, 1223]",0.6608,58,58,1.0
VAIPE_P_72_5.jpg,3,"[628, 1143, 1543, 1886]",0.425,27,27,1.0
VAIPE_P_72_6.jpg,0,"[790, 1965, 1563, 2389]",0.6709,101,101,1.0
VAIPE_P_72_6.jpg,1,"[937, 1266, 1664, 1803]",0.6207,29,29,0.4
VAIPE_P_72_6.jpg,2,"[1663, 2634, 2091, 3085]",0.5617,63,63,0.6
VAIPE_P_72_6.jpg,3,"[603, 2268, 1538, 2714]",0.5044,20,20,1.0
VAIPE_P_72_6.jpg,4,"[1306, 2609, 1695, 3017]",0.3703,65,65,0.8
VAIPE_P_73_0.jpg,0,"[1480, 1511, 2110, 2151]",0.8748,57,57,1.0
VAIPE_P_73_0.jpg,1,"[1036, 1723, 1359, 2197]",0.8618,33,33,1.0
VAIPE_P_73_1.jpg,0,"[1119, 1674, 1854, 2379]",0.8602,57,57,1.0
VAIPE_P_73_1.jpg,1,"[1012, 2256, 1509, 2647]",0.8244,33,33,1.0
VAIPE_P_73_10.jpg,0,"[766, 1665, 1392, 2318]",0.8812,57,57,1.0
VAIPE_P_73_11.jpg,0,"[1357, 1521, 1998, 2172]",0.886,57,57,1.0
VAIPE_P_73_11.jpg,1,"[940, 1730, 1313, 2174]",0.8643,33,33,1.0
VAIPE_P_73_12.jpg,0,"[869, 2075, 1507, 2739]",0.8645,57,57,1.0
VAIPE_P_73_13.jpg,0,"[1129, 2001, 1865, 2764]",0.8472,57,57,1.0
VAIPE_P_73_14.jpg,0,"[825, 1956, 1444, 2569]",0.8656,57,57,1.0
VAIPE_P_73_14.jpg,1,"[1796, 1871, 2081, 2310]",0.8456,33,33,1.0
VAIPE_P_73_15.jpg,0,"[1275, 1837, 1929, 2522]",0.8822,57,57,1.0
VAIPE_P_73_15.jpg,1,"[692, 1509, 1128, 1928]",0.8492,33,33,1.0
VAIPE_P_73_16.jpg,0,"[1225, 2026, 1910, 2711]",0.8574,57,57,1.0
VAIPE_P_73_17.jpg,0,"[1332, 1938, 1915, 2508]",0.8839,57,57,1.0
VAIPE_P_73_18.jpg,0,"[1426, 1334, 1970, 1882]",0.8998,57,57,1.0
VAIPE_P_73_18.jpg,1,"[959, 1496, 1351, 1817]",0.8276,33,33,1.0
VAIPE_P_73_19.jpg,0,"[1437, 1819, 1958, 2350]",0.8711,57,57,1.0
VAIPE_P_73_2.jpg,0,"[950, 1929, 1546, 2506]",0.8914,57,57,1.0
VAIPE_P_73_20.jpg,0,"[1593, 1221, 2419, 1818]",0.8717,79,79,1.0
VAIPE_P_73_20.jpg,1,"[2705, 1880, 3220, 2385]",0.867,51,51,1.0
VAIPE_P_73_20.jpg,2,"[2860, 503, 3568, 1524]",0.8529,52,52,1.0
VAIPE_P_73_20.jpg,3,"[719, 1114, 1318, 1682]",0.8316,30,30,0.8
VAIPE_P_73_20.jpg,4,"[1422, 2123, 2082, 2776]",0.8097,70,70,1.0
VAIPE_P_73_20.jpg,5,"[1817, 417, 2323, 929]",0.7993,51,51,1.0
VAIPE_P_73_21.jpg,0,"[2679, 1623, 3126, 2060]",0.7177,7,7,1.0
VAIPE_P_73_21.jpg,1,"[1995, 1123, 2683, 1622]",0.408,64,64,1.0
VAIPE_P_73_21.jpg,2,"[1866, 1832, 2489, 2749]",0.3161,62,62,1.0
VAIPE_P_73_22.jpg,0,"[2866, 960, 3234, 1301]",0.8725,51,51,1.0
VAIPE_P_73_22.jpg,1,"[3068, 1533, 3502, 1953]",0.8692,40,40,1.0
VAIPE_P_73_22.jpg,2,"[1567, 251, 2208, 900]",0.8653,51,51,1.0
VAIPE_P_73_22.jpg,3,"[2447, 1696, 2867, 2104]",0.8486,84,84,0.8
VAIPE_P_73_22.jpg,4,"[2392, 1137, 2727, 1473]",0.8412,51,51,1.0
VAIPE_P_73_22.jpg,5,"[1627, 2235, 2427, 2892]",0.7961,48,48,0.4
VAIPE_P_73_3.jpg,0,"[880, 1349, 1403, 1879]",0.8954,57,57,1.0
VAIPE_P_73_3.jpg,1,"[1499, 1700, 1864, 2012]",0.7969,33,33,1.0
VAIPE_P_73_4.jpg,0,"[1175, 1370, 1779, 1950]",0.9018,57,57,1.0
VAIPE_P_73_4.jpg,1,"[1169, 1949, 1526, 2328]",0.851,33,33,1.0
VAIPE_P_73_5.jpg,0,"[1433, 1634, 2116, 2305]",0.8594,57,57,1.0
VAIPE_P_73_6.jpg,0,"[1281, 1826, 1930, 2449]",0.8647,57,57,1.0
VAIPE_P_73_7.jpg,0,"[653, 1422, 1279, 2045]",0.8793,57,57,1.0
VAIPE_P_73_7.jpg,1,"[1338, 2036, 1703, 2478]",0.862,33,33,1.0
VAIPE_P_73_8.jpg,0,"[931, 1931, 1346, 2315]",0.8682,33,33,1.0
VAIPE_P_73_8.jpg,1,"[1230, 1335, 1818, 1924]",0.867,57,57,1.0
VAIPE_P_73_9.jpg,0,"[1158, 1310, 1821, 1992]",0.8544,57,57,1.0
VAIPE_P_74_0.jpg,0,"[1057, 1527, 1426, 2171]",0.8635,91,91,1.0
VAIPE_P_74_0.jpg,1,"[759, 1617, 1168, 2298]",0.8521,91,91,1.0
VAIPE_P_74_0.jpg,2,"[1409, 1475, 2157, 2111]",0.739,43,43,1.0
VAIPE_P_74_1.jpg,0,"[1216, 1595, 1525, 1970]",0.8918,73,73,1.0
VAIPE_P_74_1.jpg,1,"[747, 1835, 1160, 2496]",0.8826,91,91,1.0
VAIPE_P_74_1.jpg,2,"[1510, 1672, 1864, 2033]",0.8783,73,73,1.0
VAIPE_P_74_1.jpg,3,"[1025, 1778, 1464, 2573]",0.8578,43,43,1.0
VAIPE_P_74_1.jpg,4,"[485, 2006, 963, 2852]",0.7916,43,43,1.0
VAIPE_P_75_0.jpg,0,"[1381, 1871, 1759, 2233]",0.6323,7,7,1.0
VAIPE_P_75_1.jpg,0,"[1594, 1908, 2247, 2209]",0.5518,91,91,1.0
VAIPE_P_75_2.jpg,0,"[1355, 1952, 1777, 2342]",0.8802,26,26,1.0
VAIPE_P_75_2.jpg,1,"[834, 2526, 1187, 2892]",0.8718,6,6,1.0
VAIPE_P_75_2.jpg,2,"[1860, 2524, 2218, 2876]",0.8666,100,100,1.0
VAIPE_P_75_2.jpg,3,"[1446, 2001, 2032, 2540]",0.7891,91,91,1.0
VAIPE_P_75_3.jpg,0,"[2909, 919, 3277, 1260]",0.8762,51,51,1.0
VAIPE_P_75_3.jpg,1,"[2381, 1141, 2885, 1987]",0.8508,104,104,0.8
VAIPE_P_75_3.jpg,2,"[1231, 333, 2067, 1127]",0.6807,67,67,0.6
VAIPE_P_75_3.jpg,3,"[2253, 388, 2619, 746]",0.6166,51,51,1.0
VAIPE_P_75_3.jpg,4,"[2102, 1970, 2607, 2931]",0.3286,93,93,1.0
VAIPE_P_75_4.jpg,0,"[552, 1610, 1409, 2073]",0.8883,79,79,1.0
VAIPE_P_75_4.jpg,1,"[1018, 1903, 1875, 2331]",0.8662,90,90,0.8
VAIPE_P_75_4.jpg,2,"[1167, 2486, 2046, 3168]",0.8647,101,101,0.8
VAIPE_P_75_4.jpg,3,"[2040, 1395, 2445, 1792]",0.801,51,51,1.0
VAIPE_P_75_4.jpg,4,"[1481, 1391, 2089, 2004]",0.7591,32,32,1.0
VAIPE_P_75_4.jpg,5,"[1050, 2204, 1993, 2791]",0.699,79,79,1.0
VAIPE_P_76_0.jpg,0,"[835, 2232, 1535, 2651]",0.8725,87,87,1.0
VAIPE_P_76_0.jpg,1,"[776, 1112, 1236, 1579]",0.7674,51,51,1.0
VAIPE_P_76_0.jpg,2,"[1253, 2495, 1672, 2935]",0.5944,36,36,1.0
VAIPE_P_76_0.jpg,3,"[1315, 1699, 1755, 2128]",0.5275,51,51,1.0
VAIPE_P_76_1.jpg,0,"[1260, 1648, 1689, 2062]",0.8572,51,51,1.0
VAIPE_P_76_1.jpg,1,"[858, 1776, 1295, 2213]",0.8468,51,51,1.0
VAIPE_P_76_1.jpg,2,"[1730, 2003, 2188, 2452]",0.8084,36,36,1.0
VAIPE_P_76_1.jpg,3,"[1225, 2059, 1594, 2768]",0.7937,87,87,1.0
VAIPE_P_76_2.jpg,0,"[644, 2003, 1206, 2628]",0.885,87,87,1.0
VAIPE_P_76_2.jpg,1,"[1306, 2305, 1738, 2748]",0.8045,36,36,1.0
VAIPE_P_76_2.jpg,2,"[1532, 1123, 2049, 1662]",0.7936,51,51,1.0
VAIPE_P_76_2.jpg,3,"[624, 2599, 1088, 3059]",0.7739,51,51,1.0
VAIPE_P_76_3.jpg,0,"[1687, 1638, 2064, 2004]",0.6938,51,51,1.0
VAIPE_P_76_3.jpg,1,"[833, 2392, 1186, 2760]",0.3209,36,36,0.8
VAIPE_P_76_4.jpg,0,"[1924, 1397, 2307, 1746]",0.8166,51,51,1.0
VAIPE_P_76_4.jpg,1,"[832, 1863, 1231, 2263]",0.8109,36,36,1.0
VAIPE_P_76_4.jpg,2,"[1744, 1665, 2131, 2040]",0.7631,51,51,1.0
VAIPE_P_76_4.jpg,3,"[162, 1850, 495, 2510]",0.3898,87,87,1.0
VAIPE_P_76_5.jpg,0,"[494, 1891, 993, 2376]",0.83,51,51,1.0
VAIPE_P_76_5.jpg,1,"[945, 2392, 1334, 3210]",0.696,87,87,1.0
VAIPE_P_76_5.jpg,2,"[1325, 1638, 1823, 2136]",0.5121,51,51,1.0
VAIPE_P_76_6.jpg,0,"[1675, 1066, 2129, 1497]",0.8212,51,51,1.0
VAIPE_P_76_6.jpg,1,"[1096, 1111, 1545, 1549]",0.8054,51,51,0.6
VAIPE_P_76_6.jpg,2,"[2088, 1803, 2575, 2270]",0.7969,51,51,1.0
VAIPE_P_76_6.jpg,3,"[268, 1546, 981, 2060]",0.4816,87,87,1.0
VAIPE_P_76_7.jpg,0,"[1751, 1894, 2128, 2264]",0.8595,51,51,1.0
VAIPE_P_76_7.jpg,1,"[1451, 2213, 1823, 2589]",0.781,51,51,1.0
VAIPE_P_76_7.jpg,2,"[1132, 2258, 1491, 2630]",0.7471,36,36,1.0
VAIPE_P_76_7.jpg,3,"[621, 1762, 919, 2377]",0.6404,87,87,1.0
VAIPE_P_76_8.jpg,0,"[2269, 1308, 2999, 1649]",0.8514,37,37,0.6
VAIPE_P_76_8.jpg,1,"[2000, 562, 2328, 895]",0.7789,51,51,1.0
VAIPE_P_76_8.jpg,2,"[1581, 2020, 2107, 2558]",0.7711,83,83,1.0
VAIPE_P_76_8.jpg,3,"[1526, 1193, 1862, 1513]",0.766,51,51,0.6
VAIPE_P_76_8.jpg,4,"[939, 635, 1349, 1299]",0.7623,79,79,1.0
VAIPE_P_76_8.jpg,5,"[2396, 1891, 2985, 2479]",0.6233,83,83,1.0
VAIPE_P_77_0.jpg,0,"[300, 377, 354, 428]",0.8153,70,70,0.6
VAIPE_P_77_1.jpg,0,"[150, 516, 228, 584]",0.8798,31,31,1.0
VAIPE_P_77_1.jpg,1,"[316, 499, 381, 560]",0.8638,46,46,1.0
VAIPE_P_77_2.jpg,-1,,,,NO_DETECTION,
VAIPE_P_77_3.jpg,0,"[1119, 1546, 2187, 2578]",0.9287,46,46,0.4
VAIPE_P_77_3.jpg,1,"[647, 2230, 1744, 3371]",0.9114,53,53,1.0
VAIPE_P_77_3.jpg,2,"[977, 1226, 1777, 1813]",0.8692,62,62,1.0
VAIPE_P_77_3.jpg,3,"[901, 862, 1737, 1539]",0.8656,87,87,1.0
VAIPE_P_77_4.jpg,0,"[2740, 1654, 3253, 2132]",0.9014,30,30,0.6
VAIPE_P_77_4.jpg,1,"[3222, 954, 3746, 1461]",0.874,51,51,1.0
VAIPE_P_77_4.jpg,2,"[1804, 1113, 2439, 1887]",0.853,65,65,1.0
VAIPE_P_77_4.jpg,3,"[1799, 2343, 2350, 2896]",0.8419,30,30,1.0
VAIPE_P_77_4.jpg,4,"[2372, 563, 2872, 1054]",0.8228,72,72,1.0
VAIPE_P_77_4.jpg,5,"[1005, 397, 1890, 1186]",0.5623,92,92,1.0
VAIPE_P_78_0.jpg,-1,,,,NO_DETECTION,
VAIPE_P_78_1.jpg,-1,,,,NO_DETECTION,
VAIPE_P_78_2.jpg,0,"[2305, 218, 3224, 957]",0.8901,92,92,1.0
VAIPE_P_78_2.jpg,1,"[1631, 1181, 2105, 1653]",0.8748,30,30,1.0
VAIPE_P_78_2.jpg,2,"[1182, 2201, 1754, 2787]",0.8391,70,70,0.6
VAIPE_P_78_2.jpg,3,"[2544, 1492, 2932, 1878]",0.8383,36,36,1.0
VAIPE_P_78_2.jpg,4,"[2061, 2073, 2464, 2485]",0.8244,36,36,1.0
VAIPE_P_78_2.jpg,5,"[895, 188, 1630, 897]",0.7617,61,61,1.0
VAIPE_P_79_0.jpg,0,"[1272, 1663, 1664, 2046]",0.2512,64,64,1.0
VAIPE_P_79_1.jpg,0,"[1291, 2468, 1831, 2952]",0.841,8,8,1.0
VAIPE_P_79_1.jpg,1,"[935, 2218, 1351, 2667]",0.8311,64,64,1.0
VAIPE_P_7_0.jpg,0,"[462, 910, 607, 1057]",0.7533,12,12,1.0
VAIPE_P_7_1.jpg,0,"[249, 893, 424, 1074]",0.7748,12,12,1.0
VAIPE_P_7_10.jpg,0,"[604, 820, 801, 1008]",0.8482,12,12,1.0
VAIPE_P_7_11.jpg,0,"[348, 756, 495, 909]",0.8133,45,45,1.0
VAIPE_P_7_12.jpg,0,"[1746, 3234, 2608, 3892]",0.8133,72,72,1.0
VAIPE_P_7_13.jpg,0,"[894, 1884, 1422, 2366]",0.8867,51,51,1.0
VAIPE_P_7_13.jpg,1,"[1068, 2313, 1440, 2639]",0.8773,54,54,1.0
VAIPE_P_7_13.jpg,2,"[984, 1603, 1609, 1975]",0.8763,38,38,1.0
VAIPE_P_7_13.jpg,3,"[1528, 1153, 2135, 1524]",0.8351,38,38,1.0
VAIPE_P_7_2.jpg,0,"[751, 483, 867, 601]",0.8287,12,12,1.0
VAIPE_P_7_3.jpg,0,"[396, 285, 530, 414]",0.8112,45,45,1.0
VAIPE_P_7_3.jpg,1,"[854, 0, 1277, 277]",0.7922,67,67,1.0
VAIPE_P_7_4.jpg,0,"[459, 307, 569, 414]",0.766,45,45,1.0
VAIPE_P_7_5.jpg,0,"[443, 318, 594, 464]",0.7109,12,12,1.0
VAIPE_P_7_6.jpg,0,"[458, 386, 588, 514]",0.8696,45,45,1.0
VAIPE_P_7_7.jpg,0,"[441, 229, 549, 339]",0.8353,45,45,1.0
VAIPE_P_7_8.jpg,0,"[360, 366, 479, 487]",0.8416,12,12,1.0
VAIPE_P_7_9.jpg,0,"[180, 476, 335, 622]",0.8033,45,45,1.0
VAIPE_P_80_0.jpg,0,"[1038, 1895, 1411, 2364]",0.6211,8,8,1.0
VAIPE_P_80_0.jpg,1,"[1563, 2001, 1934, 2356]",0.5353,64,64,1.0
VAIPE_P_80_0.jpg,2,"[1453, 1694, 1803, 2038]",0.5172,64,64,1.0
VAIPE_P_80_0.jpg,3,"[1245, 2098, 1621, 2467]",0.399,64,64,1.0
VAIPE_P_80_1.jpg,-1,,,,NO_DETECTION,
VAIPE_P_81_0.jpg,-1,,,,NO_DETECTION,
VAIPE_P_81_1.jpg,0,"[1530, 1875, 1809, 2119]",0.7831,64,64,1.0
VAIPE_P_81_1.jpg,1,"[1491, 1690, 1767, 1937]",0.7065,64,64,1.0
VAIPE_P_81_1.jpg,2,"[1315, 1639, 1548, 2004]",0.6725,8,8,1.0
VAIPE_P_81_2.jpg,-1,,,,NO_DETECTION,
VAIPE_P_81_3.jpg,-1,,,,NO_DETECTION,
VAIPE_P_81_4.jpg,0,"[553, 906, 902, 1164]",0.5615,15,15,0.6
VAIPE_P_82_0.jpg,0,"[1189, 1964, 1797, 2525]",0.8852,54,54,1.0
VAIPE_P_82_1.jpg,0,"[1694, 1975, 2255, 2954]",0.8875,92,92,0.6
VAIPE_P_82_1.jpg,1,"[2871, 1027, 3267, 1394]",0.861,31,31,1.0
VAIPE_P_82_1.jpg,2,"[2411, 1660, 2816, 2054]",0.8076,77,77,0.8
VAIPE_P_82_1.jpg,3,"[1987, 256, 2717, 679]",0.7954,96,96,0.6
VAIPE_P_82_1.jpg,4,"[1466, 760, 2132, 1512]",0.6404,2,2,1.0
VAIPE_P_82_2.jpg,0,"[861, 1153, 1727, 1923]",0.8813,106,106,1.0
VAIPE_P_82_2.jpg,1,"[2137, 2224, 2648, 2750]",0.8647,81,81,0.8
VAIPE_P_82_2.jpg,2,"[1374, 405, 2262, 960]",0.8627,29,29,0.4
VAIPE_P_82_2.jpg,3,"[2697, 1418, 3213, 1917]",0.8481,81,81,1.0
VAIPE_P_82_2.jpg,4,"[2111, 1343, 2522, 1759]",0.8182,59,59,1.0
VAIPE_P_82_2.jpg,5,"[2614, 557, 3034, 965]",0.7475,81,81,1.0
VAIPE_P_83_0.jpg,0,"[1224, 1278, 1828, 1894]",0.8912,54,54,1.0
VAIPE_P_83_0.jpg,1,"[2821, 0, 3024, 432]",0.4314,18,18,0.2
VAIPE_P_84_0.jpg,0,"[1325, 2653, 2057, 3064]",0.8384,104,104,1.0
VAIPE_P_84_0.jpg,1,"[1794, 2536, 1973, 2721]",0.4669,39,39,1.0
VAIPE_P_84_1.jpg,0,"[803, 1478, 1877, 1941]",0.8678,104,104,1.0
VAIPE_P_84_1.jpg,1,"[1750, 1934, 2040, 2240]",0.8297,39,39,1.0
VAIPE_P_84_1.jpg,2,"[605, 1948, 936, 2280]",0.8018,39,39,1.0
VAIPE_P_84_2.jpg,0,"[830, 1088, 1874, 1816]",0.8989,104,104,1.0
VAIPE_P_84_2.jpg,1,"[1050, 677, 1430, 1049]",0.8139,39,39,0.8
VAIPE_P_84_2.jpg,2,"[2557, 829, 2952, 1213]",0.7698,39,39,0.6
VAIPE_P_84_3.jpg,0,"[757, 822, 2101, 1592]",0.5299,104,104,1.0
VAIPE_P_84_3.jpg,1,"[1061, 1547, 1424, 1901]",0.3497,39,39,1.0
VAIPE_P_84_3.jpg,2,"[915, 322, 1305, 731]",0.3387,39,39,1.0
VAIPE_P_84_4.jpg,0,"[2114, 2045, 2737, 2877]",0.8659,85,85,1.0
VAIPE_P_84_4.jpg,1,"[2351, 1137, 2822, 2011]",0.8488,104,104,0.8
VAIPE_P_84_4.jpg,2,"[1418, 1751, 1831, 2178]",0.8153,59,59,1.0
VAIPE_P_84_4.jpg,3,"[1176, 464, 1998, 1071]",0.6781,69,69,1.0
VAIPE_P_84_4.jpg,4,"[2076, 372, 2440, 718]",0.6771,59,59,1.0
VAIPE_P_85_0.jpg,0,"[282, 550, 410, 615]",0.8869,8,8,1.0
VAIPE_P_85_0.jpg,1,"[12, 524, 249, 619]",0.8666,52,52,1.0
VAIPE_P_85_0.jpg,2,"[464, 552, 688, 636]",0.8611,52,52,1.0
VAIPE_P_85_1.jpg,0,"[156, 321, 278, 613]",0.8292,52,52,1.0
VAIPE_P_85_1.jpg,1,"[358, 270, 445, 434]",0.7486,8,8,1.0
VAIPE_P_85_1.jpg,2,"[258, 288, 377, 579]",0.7377,52,52,1.0
VAIPE_P_85_10.jpg,0,"[262, 473, 365, 735]",0.8809,52,52,1.0
VAIPE_P_85_10.jpg,1,"[216, 534, 284, 678]",0.8401,8,8,1.0
VAIPE_P_85_10.jpg,2,"[348, 478, 452, 751]",0.7991,52,52,1.0
VAIPE_P_85_11.jpg,0,"[199, 641, 436, 742]",0.8768,52,52,1.0
VAIPE_P_85_11.jpg,1,"[201, 494, 438, 591]",0.8738,52,52,1.0
VAIPE_P_85_11.jpg,2,"[319, 322, 455, 396]",0.8623,8,8,1.0
VAIPE_P_85_12.jpg,0,"[1562, 1378, 2207, 1838]",0.5279,79,79,1.0
VAIPE_P_85_12.jpg,1,"[1038, 2030, 1397, 2362]",0.3944,53,53,0.8
VAIPE_P_85_12.jpg,2,"[1248, 1216, 1502, 1632]",0.3512,26,26,1.0
VAIPE_P_85_13.jpg,0,"[650, 2239, 1375, 3148]",0.9192,62,62,1.0
VAIPE_P_85_13.jpg,1,"[1117, 2028, 1854, 2751]",0.8646,51,51,1.0
VAIPE_P_85_13.jpg,2,"[1537, 1746, 1932, 2134]",0.818,51,51,1.0
VAIPE_P_85_13.jpg,3,"[1558, 2521, 1960, 2906]",0.7316,78,78,1.0
VAIPE_P_85_14.jpg,0,"[547, 1187, 1116, 1682]",0.8937,89,89,1.0
VAIPE_P_85_14.jpg,1,"[1178, 1083, 1433, 1411]",0.8841,37,37,1.0
VAIPE_P_85_14.jpg,2,"[444, 1681, 839, 2186]",0.8791,89,89,0.8
VAIPE_P_85_14.jpg,3,"[1040, 1006, 1222, 1341]",0.8615,99,99,1.0
VAIPE_P_85_14.jpg,4,"[892, 1437, 1321, 1872]",0.7245,81,81,1.0
VAIPE_P_85_2.jpg,0,"[297, 352, 523, 549]",0.9056,52,52,1.0
VAIPE_P_85_2.jpg,1,"[251, 670, 520, 784]",0.875,52,52,1.0
VAIPE_P_85_2.jpg,2,"[108, 440, 266, 537]",0.8663,8,8,1.0
VAIPE_P_85_3.jpg,0,"[195, 317, 464, 462]",0.8133,52,52,1.0
VAIPE_P_85_3.jpg,1,"[151, 498, 336, 738]",0.8059,52,52,1.0
VAIPE_P_85_3.jpg,2,"[346, 599, 458, 750]",0.7276,8,8,1.0
VAIPE_P_85_4.jpg,0,"[256, 370, 363, 633]",0.8972,52,52,1.0
VAIPE_P_85_4.jpg,1,"[335, 519, 474, 635]",0.8896,8,8,1.0
VAIPE_P_85_4.jpg,2,"[197, 669, 477, 786]",0.8715,52,52,1.0
VAIPE_P_85_5.jpg,0,"[385, 427, 535, 661]",0.8725,52,52,1.0
VAIPE_P_85_5.jpg,1,"[376, 588, 603, 749]",0.8015,52,52,1.0
VAIPE_P_85_5.jpg,2,"[112, 472, 177, 605]",0.7791,8,8,1.0
VAIPE_P_85_6.jpg,0,"[149, 655, 384, 806]",0.8793,52,52,1.0
VAIPE_P_85_6.jpg,1,"[188, 359, 403, 524]",0.8771,52,52,1.0
VAIPE_P_85_6.jpg,2,"[435, 437, 546, 572]",0.84,8,8,1.0
VAIPE_P_85_7.jpg,0,"[104, 532, 284, 767]",0.9082,52,52,1.0
VAIPE_P_85_7.jpg,1,"[307, 460, 567, 566]",0.8276,52,52,1.0
VAIPE_P_85_7.jpg,2,"[294, 632, 401, 778]",0.7966,8,8,1.0
VAIPE_P_85_8.jpg,0,"[397, 322, 529, 514]",0.9067,52,52,1.0
VAIPE_P_85_8.jpg,1,"[318, 525, 525, 634]",0.9016,52,52,1.0
VAIPE_P_85_8.jpg,2,"[352, 468, 469, 534]",0.8785,8,8,1.0
VAIPE_P_85_9.jpg,0,"[193, 328, 447, 427]",0.8793,52,52,1.0
VAIPE_P_85_9.jpg,1,"[216, 456, 458, 576]",0.8768,52,52,1.0
VAIPE_P_85_9.jpg,2,"[275, 415, 414, 480]",0.8715,8,8,1.0
VAIPE_P_86_0.jpg,0,"[466, 1150, 1076, 1575]",0.7914,2,2,1.0
VAIPE_P_86_0.jpg,1,"[1285, 1510, 1914, 2086]",0.4181,43,43,1.0
VAIPE_P_86_0.jpg,2,"[1238, 1811, 1894, 2386]",0.3803,43,43,1.0
VAIPE_P_86_1.jpg,0,"[918, 2100, 1343, 2757]",0.4702,91,91,1.0
VAIPE_P_86_1.jpg,1,"[1801, 1871, 2175, 2629]",0.3355,2,2,1.0
VAIPE_P_86_1.jpg,2,"[1293, 1490, 1814, 2173]",0.2671,2,2,1.0
VAIPE_P_86_2.jpg,0,"[1891, 1929, 2271, 2291]",0.7497,70,70,1.0
VAIPE_P_86_2.jpg,1,"[467, 2151, 899, 3050]",0.4152,43,43,1.0
VAIPE_P_86_2.jpg,2,"[1177, 2109, 1872, 2480]",0.3812,91,91,1.0
VAIPE_P_86_2.jpg,3,"[1349, 1654, 2201, 2152]",0.2557,43,43,1.0
VAIPE_P_86_3.jpg,-1,,,,NO_DETECTION,
VAIPE_P_86_4.jpg,0,"[978, 1493, 1704, 1905]",0.8934,2,2,1.0
VAIPE_P_86_4.jpg,1,"[1400, 1219, 1981, 1897]",0.8679,2,2,1.0
VAIPE_P_86_4.jpg,2,"[720, 1779, 1237, 2376]",0.7366,91,91,1.0
VAIPE_P_86_4.jpg,3,"[1404, 2774, 1742, 3112]",0.7317,70,70,1.0
VAIPE_P_86_4.jpg,4,"[1112, 2179, 1808, 2877]",0.6962,43,43,1.0
VAIPE_P_86_4.jpg,5,"[1188, 1840, 2013, 2288]",0.4878,43,43,1.0
VAIPE_P_86_5.jpg,0,"[935, 3209, 1278, 3578]",0.8241,70,70,1.0
VAIPE_P_86_5.jpg,1,"[613, 2551, 1178, 3259]",0.819,2,2,1.0
VAIPE_P_86_5.jpg,2,"[1160, 2704, 1540, 3400]",0.8133,91,91,1.0
VAIPE_P_86_5.jpg,3,"[1514, 2447, 1906, 3260]",0.7369,2,2,1.0
VAIPE_P_86_6.jpg,0,"[1045, 1922, 1754, 2315]",0.9005,91,91,1.0
VAIPE_P_86_6.jpg,1,"[1677, 1795, 2038, 2167]",0.8928,70,70,1.0
VAIPE_P_86_6.jpg,2,"[671, 2310, 1281, 3203]",0.887,43,43,1.0
VAIPE_P_86_6.jpg,3,"[1040, 2279, 1950, 2734]",0.8717,43,43,1.0
VAIPE_P_86_6.jpg,4,"[374, 1887, 1108, 2520]",0.871,2,2,1.0
VAIPE_P_86_6.jpg,5,"[412, 1279, 953, 2046]",0.8646,2,2,1.0
VAIPE_P_86_7.jpg,0,"[475, 1991, 848, 2612]",0.2858,2,2,1.0
VAIPE_P_86_8.jpg,0,"[1490, 1485, 2287, 2276]",0.8959,106,106,1.0
VAIPE_P_86_8.jpg,1,"[2098, 943, 2798, 1408]",0.8249,79,79,1.0
VAIPE_P_86_8.jpg,2,"[2319, 2125, 2830, 2624]",0.8097,83,83,1.0
VAIPE_P_86_8.jpg,3,"[655, 1506, 1226, 2071]",0.7651,44,44,1.0
VAIPE_P_86_8.jpg,4,"[1405, 495, 1940, 1026]",0.5696,32,32,1.0
VAIPE_P_87_0.jpg,0,"[678, 2200, 1418, 2874]",0.759,99,99,1.0
VAIPE_P_87_0.jpg,1,"[1331, 2292, 1778, 2775]",0.6306,64,64,1.0
VAIPE_P_87_0.jpg,2,"[1058, 2829, 1829, 3398]",0.2567,99,99,1.0
VAIPE_P_87_1.jpg,0,"[1590, 1746, 2384, 2513]",0.9007,8,8,1.0
VAIPE_P_87_1.jpg,1,"[1485, 235, 2047, 1101]",0.8688,104,104,0.8
VAIPE_P_87_1.jpg,2,"[2536, 1791, 3007, 2260]",0.8609,74,74,1.0
VAIPE_P_87_1.jpg,3,"[2031, 1250, 2401, 1612]",0.8375,12,12,0.8
VAIPE_P_87_1.jpg,4,"[2692, 926, 3077, 1304]",0.8369,36,36,1.0
VAIPE_P_87_2.jpg,0,"[375, 773, 487, 1027]",0.8679,67,67,0.6
VAIPE_P_87_2.jpg,1,"[551, 783, 630, 863]",0.8555,46,46,0.6
VAIPE_P_87_2.jpg,2,"[444, 626, 528, 708]",0.8512,86,86,0.6
VAIPE_P_87_2.jpg,3,"[286, 612, 410, 735]",0.7258,64,64,1.0
VAIPE_P_88_0.jpg,0,"[2521, 2655, 2943, 3465]",0.3115,79,79,0.8
VAIPE_P_88_1.jpg,-1,,,,NO_DETECTION,
VAIPE_P_88_2.jpg,-1,,,,NO_DETECTION,
VAIPE_P_88_3.jpg,-1,,,,NO_DETECTION,
VAIPE_P_89_0.jpg,-1,,,,NO_DETECTION,
VAIPE_P_89_1.jpg,0,"[1705, 1658, 2090, 2032]",0.8378,64,64,1.0
VAIPE_P_89_1.jpg,1,"[977, 1949, 1410, 2369]",0.8254,64,64,1.0
VAIPE_P_89_1.jpg,2,"[1262, 1863, 2094, 2338]",0.786,104,104,1.0
VAIPE_P_89_10.jpg,0,"[1180, 1840, 1506, 2155]",0.4304,64,64,1.0
VAIPE_P_89_11.jpg,0,"[966, 2006, 1348, 2763]",0.8406,104,104,1.0
VAIPE_P_89_11.jpg,1,"[1278, 1997, 1635, 2343]",0.7493,64,64,1.0
VAIPE_P_89_11.jpg,2,"[1071, 1786, 1414, 2103]",0.7377,64,64,1.0
VAIPE_P_89_12.jpg,0,"[843, 2101, 1347, 2596]",0.6483,64,64,1.0
VAIPE_P_89_13.jpg,0,"[1249, 1746, 1681, 2144]",0.5976,64,64,1.0
VAIPE_P_89_13.jpg,1,"[952, 2076, 1804, 2641]",0.5723,104,104,1.0
VAIPE_P_89_13.jpg,2,"[582, 1664, 1028, 2095]",0.5151,64,64,1.0
VAIPE_P_89_13.jpg,3,"[508, 1574, 1097, 2181]",0.4306,64,64,1.0
VAIPE_P_89_14.jpg,0,"[568, 401, 1488, 1121]",0.9032,52,52,0.8
VAIPE_P_89_14.jpg,1,"[2847, 913, 3390, 1428]",0.8819,70,70,0.6
VAIPE_P_89_14.jpg,2,"[1782, 2262, 2294, 2783]",0.8803,30,30,1.0
VAIPE_P_89_14.jpg,3,"[1745, 997, 2214, 1464]",0.8665,51,51,1.0
VAIPE_P_89_14.jpg,4,"[2285, 1639, 3225, 2133]",0.8294,61,61,1.0
VAIPE_P_89_14.jpg,5,"[2008, 180, 2531, 704]",0.791,51,51,1.0
VAIPE_P_89_2.jpg,0,"[1415, 2365, 1902, 2775]",0.8013,64,64,1.0
VAIPE_P_89_2.jpg,1,"[1297, 2734, 2162, 3347]",0.651,104,104,1.0
VAIPE_P_89_3.jpg,0,"[774, 2335, 1551, 2935]",0.5425,104,104,1.0
VAIPE_P_89_4.jpg,0,"[1151, 2310, 1509, 2642]",0.6503,64,64,1.0
VAIPE_P_89_4.jpg,1,"[1029, 2582, 1700, 3120]",0.5508,104,104,1.0
VAIPE_P_89_5.jpg,0,"[775, 2302, 1108, 2718]",0.5904,64,64,1.0
VAIPE_P_89_5.jpg,1,"[1220, 1808, 1938, 2457]",0.4241,104,104,1.0
VAIPE_P_89_5.jpg,2,"[752, 1592, 1281, 2160]",0.4147,64,64,1.0
VAIPE_P_89_5.jpg,3,"[1582, 1821, 2193, 2530]",0.3889,104,104,1.0
VAIPE_P_89_6.jpg,0,"[1249, 1932, 1627, 2319]",0.3604,64,64,1.0
VAIPE_P_89_6.jpg,1,"[889, 1961, 1267, 2352]",0.2596,64,64,1.0
VAIPE_P_89_7.jpg,0,"[964, 2352, 1509, 3032]",0.44,104,104,1.0
VAIPE_P_89_8.jpg,0,"[883, 2011, 1321, 2459]",0.8729,64,64,1.0
VAIPE_P_89_8.jpg,1,"[1491, 2021, 1950, 2476]",0.8246,64,64,1.0
VAIPE_P_89_8.jpg,2,"[632, 2342, 1639, 2830]",0.6069,104,104,1.0
VAIPE_P_89_9.jpg,-1,,,,NO_DETECTION,
VAIPE_P_8_0.jpg,0,"[1114, 2323, 1611, 2768]",0.8426,64,64,1.0
VAIPE_P_8_0.jpg,1,"[1100, 1753, 1595, 2196]",0.8424,64,64,1.0
VAIPE_P_8_1.jpg,0,"[1224, 1244, 1691, 1700]",0.8797,64,64,1.0
VAIPE_P_8_1.jpg,1,"[1148, 1904, 1592, 2368]",0.8548,64,64,1.0
VAIPE_P_8_10.jpg,0,"[300, 1805, 982, 2350]",0.8695,89,89,1.0
VAIPE_P_8_10.jpg,1,"[1720, 1530, 2127, 2293]",0.7478,60,60,0.8
VAIPE_P_8_10.jpg,2,"[687, 1573, 1469, 1991]",0.7188,99,99,1.0
VAIPE_P_8_10.jpg,3,"[852, 1244, 1631, 1670]",0.7128,89,89,1.0
VAIPE_P_8_2.jpg,0,"[1236, 1785, 1911, 2173]",0.8929,56,56,1.0
VAIPE_P_8_3.jpg,0,"[891, 2271, 1317, 2696]",0.857,64,64,1.0
VAIPE_P_8_3.jpg,1,"[879, 1845, 1132, 2258]",0.8463,37,37,1.0
VAIPE_P_8_3.jpg,2,"[1759, 1543, 2242, 2016]",0.7329,64,64,1.0
VAIPE_P_8_4.jpg,0,"[958, 1820, 1327, 2205]",0.8307,64,64,1.0
VAIPE_P_8_4.jpg,1,"[1300, 1888, 1507, 2278]",0.8094,37,37,1.0
VAIPE_P_8_4.jpg,2,"[1497, 1784, 1911, 2184]",0.7729,64,64,1.0
VAIPE_P_8_5.jpg,0,"[1156, 1744, 1866, 2160]",0.8895,56,56,1.0
VAIPE_P_8_6.jpg,0,"[1205, 1889, 1574, 2298]",0.8398,64,64,1.0
VAIPE_P_8_6.jpg,1,"[1160, 1122, 1611, 1555]",0.8371,64,64,1.0
VAIPE_P_8_7.jpg,0,"[992, 1825, 1421, 2257]",0.8293,64,64,1.0
VAIPE_P_8_7.jpg,1,"[1632, 1814, 2100, 2259]",0.8179,64,64,1.0
VAIPE_P_8_8.jpg,0,"[738, 1564, 1446, 2070]",0.8793,56,56,1.0
VAIPE_P_8_9.jpg,0,"[1189, 1655, 1856, 2188]",0.9054,56,56,1.0
VAIPE_P_90_0.jpg,0,"[824, 1531, 1477, 2326]",0.885,89,89,1.0
VAIPE_P_90_0.jpg,1,"[1279, 1808, 1747, 2303]",0.8273,64,64,1.0
VAIPE_P_90_0.jpg,2,"[1165, 2299, 1656, 2790]",0.6589,64,64,1.0
VAIPE_P_90_1.jpg,0,"[1942, 2794, 2762, 3426]",0.7116,37,37,0.4
VAIPE_P_90_1.jpg,1,"[1404, 1700, 1873, 2599]",0.4985,99,99,0.6
VAIPE_P_90_1.jpg,2,"[697, 1614, 1182, 2066]",0.4905,51,51,1.0
VAIPE_P_90_1.jpg,3,"[949, 3247, 1766, 3774]",0.3848,83,83,1.0
VAIPE_P_90_2.jpg,0,"[509, 1424, 1053, 1690]",0.7622,79,79,0.6
VAIPE_P_90_2.jpg,1,"[578, 2167, 1066, 2596]",0.7408,92,92,0.6
VAIPE_P_90_2.jpg,2,"[1110, 1854, 1638, 2193]",0.47,29,29,0.8
VAIPE_P_90_2.jpg,3,"[519, 1613, 864, 1926]",0.3093,106,106,1.0
VAIPE_P_90_2.jpg,4,"[1048, 1813, 1466, 2485]",0.2567,14,14,0.6
VAIPE_P_91_0.jpg,0,"[1316, 2185, 1662, 2538]",0.5139,64,64,1.0
VAIPE_P_91_0.jpg,1,"[2149, 3481, 2830, 3809]",0.2741,46,46,0.8
VAIPE_P_91_1.jpg,0,"[820, 2111, 1580, 2885]",0.8931,89,89,1.0
VAIPE_P_91_1.jpg,1,"[1291, 1935, 1824, 2463]",0.8114,64,64,1.0
VAIPE_P_91_2.jpg,-1,,,,NO_DETECTION,
VAIPE_P_91_3.jpg,0,"[1643, 1474, 2048, 2036]",0.6028,83,83,1.0
VAIPE_P_91_4.jpg,0,"[460, 1665, 1338, 2365]",0.8983,104,104,1.0
VAIPE_P_91_4.jpg,1,"[1344, 1696, 1917, 2156]",0.8951,38,38,1.0
VAIPE_P_91_4.jpg,2,"[1511, 2034, 2015, 2530]",0.8696,51,51,0.6
VAIPE_P_92_0.jpg,0,"[1286, 2527, 1718, 2800]",0.7461,37,37,1.0
VAIPE_P_93_0.jpg,0,"[211, 619, 298, 704]",0.8698,22,22,1.0
VAIPE_P_93_0.jpg,1,"[259, 498, 364, 599]",0.8644,64,64,1.0
VAIPE_P_93_0.jpg,2,"[456, 630, 562, 731]",0.8537,64,64,1.0
VAIPE_P_93_1.jpg,0,"[365, 461, 463, 561]",0.8542,64,64,1.0
VAIPE_P_93_1.jpg,1,"[325, 622, 404, 705]",0.8511,22,22,1.0
VAIPE_P_93_1.jpg,2,"[163, 528, 262, 630]",0.8504,64,64,1.0
VAIPE_P_93_2.jpg,0,"[404, 609, 497, 699]",0.8906,64,64,1.0
VAIPE_P_93_2.jpg,1,"[338, 553, 412, 628]",0.8778,22,22,1.0
VAIPE_P_93_2.jpg,2,"[230, 690, 317, 786]",0.8603,64,64,1.0
VAIPE_P_93_3.jpg,0,"[393, 490, 468, 567]",0.8838,22,22,1.0
VAIPE_P_93_3.jpg,1,"[307, 620, 389, 703]",0.8735,22,22,1.0
VAIPE_P_93_3.jpg,2,"[275, 468, 370, 563]",0.8714,64,64,1.0
VAIPE_P_93_4.jpg,0,"[336, 470, 426, 552]",0.888,64,64,1.0
VAIPE_P_93_4.jpg,1,"[313, 539, 405, 618]",0.8735,64,64,1.0
VAIPE_P_93_4.jpg,2,"[284, 679, 362, 759]",0.8706,22,22,1.0
VAIPE_P_93_5.jpg,0,"[304, 501, 416, 613]",0.8455,64,64,1.0
VAIPE_P_93_6.jpg,0,"[2192, 111, 3036, 1348]",0.8955,16,16,1.0
VAIPE_P_93_6.jpg,1,"[682, 714, 1390, 1407]",0.8938,54,54,1.0
VAIPE_P_93_6.jpg,2,"[1411, 1531, 2417, 2022]",0.8473,8,8,1.0
VAIPE_P_93_6.jpg,3,"[1559, 2351, 2107, 2931]",0.8188,74,74,1.0
VAIPE_P_93_7.jpg,0,"[1047, 2145, 1433, 2866]",0.734,91,91,0.6
VAIPE_P_93_7.jpg,1,"[1069, 1440, 1659, 2010]",0.6212,91,91,1.0
VAIPE_P_93_7.jpg,2,"[925, 1848, 1613, 2252]",0.5979,26,26,1.0
VAIPE_P_93_7.jpg,3,"[1379, 2279, 1774, 3045]",0.5932,10,10,0.8
VAIPE_P_93_7.jpg,4,"[1562, 1528, 2012, 1879]",0.5356,58,58,1.0
VAIPE_P_93_7.jpg,5,"[1579, 2034, 2032, 2871]",0.3866,2,2,1.0
VAIPE_P_94_0.jpg,-1,,,,NO_DETECTION,
VAIPE_P_94_1.jpg,0,"[1246, 2306, 1512, 2574]",0.5229,70,70,1.0
VAIPE_P_94_2.jpg,0,"[1044, 2005, 1419, 2372]",0.8034,70,70,1.0
VAIPE_P_94_2.jpg,1,"[780, 2327, 1479, 3022]",0.6966,43,43,1.0
VAIPE_P_94_3.jpg,0,"[2643, 2415, 3120, 3057]",0.4464,95,95,1.0
VAIPE_P_94_3.jpg,1,"[1822, 1025, 2431, 1622]",0.2701,51,51,0.8
VAIPE_P_95_0.jpg,0,"[627, 275, 808, 420]",0.886,92,92,1.0
VAIPE_P_95_0.jpg,1,"[735, 754, 824, 846]",0.8409,46,46,1.0
VAIPE_P_95_0.jpg,2,"[0, 307, 40, 418]",0.3544,14,14,0.4
VAIPE_P_95_1.jpg,0,"[369, 309, 490, 496]",0.8769,92,92,1.0
VAIPE_P_95_1.jpg,1,"[671, 475, 771, 572]",0.8423,45,45,1.0
VAIPE_P_95_2.jpg,0,"[760, 656, 970, 765]",0.7641,92,92,1.0
VAIPE_P_95_2.jpg,1,"[0, 9, 29, 111]",0.4872,29,29,1.0
VAIPE_P_95_3.jpg,0,"[276, 535, 469, 798]",0.8641,92,92,1.0
VAIPE_P_95_4.jpg,0,"[476, 109, 713, 363]",0.8851,92,92,1.0
VAIPE_P_95_4.jpg,1,"[360, 320, 488, 441]",0.8536,45,45,1.0
VAIPE_P_95_4.jpg,2,"[592, 527, 713, 650]",0.8283,45,45,1.0
VAIPE_P_95_5.jpg,0,"[152, 471, 366, 644]",0.8285,88,88,0.6
VAIPE_P_95_5.jpg,1,"[447, 368, 560, 480]",0.8162,45,45,1.0
VAIPE_P_95_6.jpg,0,"[79, 606, 249, 910]",0.8871,92,92,1.0
VAIPE_P_95_6.jpg,1,"[462, 626, 593, 760]",0.8421,45,45,1.0
VAIPE_P_95_7.jpg,0,"[546, 412, 819, 581]",0.7784,92,92,1.0
VAIPE_P_95_7.jpg,1,"[729, 588, 840, 695]",0.4715,45,45,1.0
VAIPE_P_95_8.jpg,0,"[599, 391, 862, 718]",0.9049,92,92,1.0
VAIPE_P_95_8.jpg,1,"[320, 406, 461, 541]",0.8276,45,45,1.0
VAIPE_P_95_8.jpg,2,"[487, 157, 626, 289]",0.8115,45,45,1.0
VAIPE_P_96_0.jpg,0,"[1498, 1034, 2026, 1548]",0.8871,51,51,1.0
VAIPE_P_96_0.jpg,1,"[766, 2196, 1328, 2747]",0.886,51,51,1.0
VAIPE_P_96_0.jpg,2,"[1245, 1866, 1736, 2386]",0.8739,65,65,1.0
VAIPE_P_96_1.jpg,0,"[1330, 1725, 1792, 2141]",0.8796,51,51,1.0
VAIPE_P_96_1.jpg,1,"[1449, 1072, 1943, 1519]",0.8642,51,51,1.0
VAIPE_P_96_1.jpg,2,"[2262, 1265, 2758, 1794]",0.8217,65,65,1.0
VAIPE_P_96_10.jpg,0,"[985, 1907, 1794, 2662]",0.8841,65,65,1.0
VAIPE_P_96_11.jpg,0,"[1123, 2538, 1773, 3184]",0.8776,65,65,1.0
VAIPE_P_96_11.jpg,1,"[638, 2958, 1330, 3671]",0.8771,51,51,1.0
VAIPE_P_96_11.jpg,2,"[1329, 1334, 2043, 2061]",0.8752,51,51,1.0
VAIPE_P_96_12.jpg,0,"[1137, 1728, 1873, 2439]",0.8749,65,65,1.0
VAIPE_P_96_13.jpg,0,"[1224, 1758, 1883, 2448]",0.8592,65,65,1.0
VAIPE_P_96_14.jpg,0,"[2259, 1464, 2780, 1978]",0.8983,51,51,1.0
VAIPE_P_96_14.jpg,1,"[1999, 1098, 2506, 1583]",0.8971,51,51,1.0
VAIPE_P_96_14.jpg,2,"[2782, 1041, 3318, 1534]",0.8898,65,65,1.0
VAIPE_P_96_15.jpg,0,"[1966, 2039, 2527, 2677]",0.8893,65,65,1.0
VAIPE_P_96_15.jpg,1,"[1408, 2384, 2102, 3118]",0.8831,51,51,1.0
VAIPE_P_96_15.jpg,2,"[2142, 1086, 2766, 1724]",0.8598,51,51,1.0
VAIPE_P_96_16.jpg,0,"[1497, 1883, 2032, 2478]",0.8527,65,65,1.0
VAIPE_P_96_17.jpg,0,"[2309, 1091, 3109, 1733]",0.8886,51,51,1.0
VAIPE_P_96_17.jpg,1,"[2430, 410, 3174, 994]",0.8295,51,51,1.0
VAIPE_P_96_17.jpg,2,"[899, 658, 1668, 1283]",0.7655,65,65,1.0
VAIPE_P_96_18.jpg,0,"[1488, 1668, 2107, 2619]",0.8787,89,89,0.6
VAIPE_P_96_18.jpg,1,"[1124, 2812, 1677, 3383]",0.8607,46,46,0.8
VAIPE_P_96_18.jpg,2,"[792, 1907, 1561, 3195]",0.8292,52,52,1.0
VAIPE_P_96_2.jpg,0,"[2935, 1059, 3546, 1659]",0.8846,51,51,1.0
VAIPE_P_96_2.jpg,1,"[2704, 1787, 3297, 2382]",0.8733,65,65,1.0
VAIPE_P_96_2.jpg,2,"[2333, 1166, 2906, 1752]",0.8614,51,51,1.0
VAIPE_P_96_3.jpg,0,"[2140, 942, 2810, 1604]",0.8839,51,51,1.0
VAIPE_P_96_3.jpg,1,"[2568, 2059, 3225, 2734]",0.8822,51,51,1.0
VAIPE_P_96_3.jpg,2,"[1767, 1548, 2355, 2154]",0.8668,65,65,1.0
VAIPE_P_96_4.jpg,0,"[889, 1831, 1711, 2664]",0.6138,65,65,1.0
VAIPE_P_96_5.jpg,0,"[2330, 1553, 2817, 2038]",0.9017,51,51,1.0
VAIPE_P_96_5.jpg,1,"[1934, 1339, 2391, 1802]",0.9012,51,51,1.0
VAIPE_P_96_5.jpg,2,"[2544, 914, 3030, 1410]",0.8844,65,65,1.0
VAIPE_P_96_6.jpg,0,"[1929, 2121, 2496, 2698]",0.8915,51,51,1.0
VAIPE_P_96_6.jpg,1,"[1434, 2013, 1966, 2551]",0.8877,65,65,1.0
VAIPE_P_96_6.jpg,2,"[1049, 1503, 1641, 2063]",0.8689,51,51,1.0
VAIPE_P_96_7.jpg,0,"[1478, 1828, 2094, 2498]",0.8582,65,65,1.0
VAIPE_P_96_8.jpg,0,"[1579, 2086, 2107, 2621]",0.8951,51,51,1.0
VAIPE_P_96_8.jpg,1,"[1111, 2004, 1613, 2501]",0.8876,65,65,1.0
VAIPE_P_96_8.jpg,2,"[766, 1543, 1318, 2065]",0.8751,51,51,1.0
VAIPE_P_96_9.jpg,0,"[1482, 2130, 2002, 2665]",0.8972,51,51,1.0
VAIPE_P_96_9.jpg,1,"[1014, 2064, 1515, 2551]",0.8789,65,65,1.0
VAIPE_P_96_9.jpg,2,"[673, 1603, 1220, 2119]",0.8767,51,51,1.0
VAIPE_P_97_0.jpg,-1,,,,NO_DETECTION,
VAIPE_P_97_1.jpg,-1,,,,NO_DETECTION,
VAIPE_P_97_2.jpg,0,"[1436, 2156, 2019, 2851]",0.9069,10,10,1.0
VAIPE_P_97_2.jpg,1,"[584, 1687, 1142, 2142]",0.8981,87,87,1.0
VAIPE_P_97_2.jpg,2,"[1514, 1065, 2248, 1453]",0.8919,10,10,1.0
VAIPE_P_97_2.jpg,3,"[1016, 2147, 1409, 2532]",0.871,51,51,1.0
VAIPE_P_97_2.jpg,4,"[1212, 1451, 1588, 1833]",0.8708,51,51,1.0
VAIPE_P_97_3.jpg,-1,,,,NO_DETECTION,
VAIPE_P_97_4.jpg,0,"[1683, 2588, 2246, 3226]",0.8975,87,87,1.0
VAIPE_P_97_4.jpg,1,"[1903, 1967, 2591, 2711]",0.8841,10,10,1.0
VAIPE_P_97_4.jpg,2,"[503, 2068, 1181, 2804]",0.8789,10,10,1.0
VAIPE_P_97_4.jpg,3,"[816, 1363, 1260, 1803]",0.8316,51,51,1.0
VAIPE_P_97_4.jpg,4,"[1641, 1223, 2064, 1647]",0.8293,51,51,1.0
VAIPE_P_97_5.jpg,0,"[1266, 2538, 1665, 2968]",0.6412,51,51,1.0
VAIPE_P_97_5.jpg,1,"[1053, 1174, 1448, 2003]",0.5211,10,10,1.0
VAIPE_P_97_5.jpg,2,"[600, 2253, 1291, 2973]",0.512,10,10,1.0
VAIPE_P_97_5.jpg,3,"[1622, 1336, 2016, 1759]",0.4832,51,51,1.0
VAIPE_P_97_6.jpg,-1,,,,NO_DETECTION,
VAIPE_P_97_7.jpg,0,"[1133, 2139, 1757, 2752]",0.8815,10,10,1.0
VAIPE_P_97_7.jpg,1,"[590, 1591, 1011, 2027]",0.8632,51,51,1.0
VAIPE_P_97_7.jpg,2,"[986, 2549, 1358, 2939]",0.86,51,51,1.0
VAIPE_P_97_7.jpg,3,"[1500, 1351, 1862, 2107]",0.8451,10,10,1.0
VAIPE_P_97_7.jpg,4,"[2143, 1620, 2551, 2255]",0.7711,87,87,1.0
VAIPE_P_97_8.jpg,-1,,,,NO_DETECTION,
VAIPE_P_98_0.jpg,0,"[951, 1399, 1583, 2117]",0.8859,34,34,1.0
VAIPE_P_98_0.jpg,1,"[2127, 3700, 2878, 4031]",0.5062,14,14,0.8
VAIPE_P_98_1.jpg,0,"[818, 2102, 1695, 2515]",0.8655,34,34,1.0
VAIPE_P_98_10.jpg,0,"[1135, 1644, 1439, 2299]",0.873,34,34,1.0
VAIPE_P_98_11.jpg,0,"[1160, 2117, 2048, 2851]",0.8814,34,34,1.0
VAIPE_P_98_12.jpg,0,"[834, 1669, 1640, 2306]",0.6958,34,34,1.0
VAIPE_P_98_13.jpg,0,"[724, 1820, 1462, 2379]",0.8921,34,34,1.0
VAIPE_P_98_14.jpg,0,"[738, 1501, 1405, 1918]",0.8667,34,34,1.0
VAIPE_P_98_15.jpg,0,"[1423, 1819, 2004, 2565]",0.8649,34,34,1.0
VAIPE_P_98_16.jpg,0,"[851, 2465, 1647, 2935]",0.8694,34,34,1.0
VAIPE_P_98_17.jpg,0,"[1041, 1489, 1432, 2306]",0.8255,34,34,1.0
VAIPE_P_98_18.jpg,0,"[1217, 1731, 1598, 2506]",0.8368,34,34,1.0
VAIPE_P_98_19.jpg,0,"[874, 1933, 1616, 2780]",0.8919,34,34,1.0
VAIPE_P_98_2.jpg,0,"[1305, 1268, 1941, 1905]",0.885,34,34,1.0
VAIPE_P_98_20.jpg,0,"[1144, 1906, 1510, 2572]",0.8668,34,34,1.0
VAIPE_P_98_21.jpg,0,"[1279, 1176, 1662, 2033]",0.8604,34,34,1.0
VAIPE_P_98_22.jpg,0,"[697, 1699, 1559, 2263]",0.8564,34,34,1.0
VAIPE_P_98_23.jpg,0,"[944, 2001, 1832, 2564]",0.7524,34,34,1.0
VAIPE_P_98_24.jpg,0,"[1988, 1491, 2799, 2363]",0.8835,48,48,0.4
VAIPE_P_98_24.jpg,1,"[914, 1617, 2290, 2395]",0.8201,58,58,1.0
VAIPE_P_98_24.jpg,2,"[1749, 2379, 2569, 3175]",0.7587,44,44,1.0
VAIPE_P_98_25.jpg,0,"[666, 1908, 1396, 2256]",0.8697,10,10,1.0
VAIPE_P_98_25.jpg,1,"[1061, 2040, 1584, 2598]",0.85,26,26,1.0
VAIPE_P_98_25.jpg,2,"[1035, 2572, 1609, 3185]",0.8201,10,10,0.8
VAIPE_P_98_25.jpg,3,"[1247, 2505, 1502, 2759]",0.8142,7,7,1.0
VAIPE_P_98_25.jpg,4,"[896, 2193, 1171, 2455]",0.7002,74,74,1.0
VAIPE_P_98_25.jpg,5,"[1422, 2226, 1784, 2976]",0.6455,51,51,0.6
VAIPE_P_98_26.jpg,-1,,,,NO_DETECTION,
VAIPE_P_98_3.jpg,0,"[1431, 1976, 1912, 2863]",0.8711,34,34,1.0
VAIPE_P_98_4.jpg,0,"[1020, 1181, 1494, 2191]",0.6202,34,34,1.0
VAIPE_P_98_5.jpg,0,"[959, 1876, 1663, 2377]",0.8426,34,34,1.0
VAIPE_P_98_6.jpg,0,"[1145, 2042, 1921, 2580]",0.8922,34,34,1.0
VAIPE_P_98_7.jpg,0,"[944, 1607, 1700, 2149]",0.8758,34,34,1.0
VAIPE_P_98_8.jpg,0,"[1043, 1649, 1875, 2287]",0.8852,34,34,1.0
VAIPE_P_98_9.jpg,0,"[1180, 1803, 1609, 2704]",0.8594,34,34,1.0
VAIPE_P_99_0.jpg,0,"[1470, 2985, 2282, 3778]",0.4976,91,91,0.8
VAIPE_P_99_1.jpg,-1,,,,NO_DETECTION,
VAIPE_P_99_2.jpg,-1,,,,NO_DETECTION,
VAIPE_P_99_3.jpg,0,"[2510, 1682, 3075, 2228]",0.7578,74,74,1.0
VAIPE_P_99_3.jpg,1,"[2505, 406, 3175, 1098]",0.7508,64,64,1.0
VAIPE_P_99_3.jpg,2,"[1329, 1428, 2249, 2154]",0.7453,3,3,0.6
VAIPE_P_99_3.jpg,3,"[1502, 405, 2192, 1138]",0.5139,40,40,1.0
VAIPE_P_9_0.jpg,0,"[215, 203, 275, 260]",0.8458,70,70,1.0
VAIPE_P_9_1.jpg,0,"[383, 242, 463, 312]",0.8947,91,91,1.0
VAIPE_P_9_1.jpg,1,"[272, 257, 322, 341]",0.8773,91,91,1.0
VAIPE_P_9_1.jpg,2,"[203, 173, 301, 229]",0.8672,10,10,1.0
VAIPE_P_9_1.jpg,3,"[309, 108, 376, 206]",0.8655,10,10,1.0
VAIPE_P_9_10.jpg,0,"[367, 271, 420, 340]",0.8851,10,10,1.0
VAIPE_P_9_10.jpg,1,"[287, 156, 342, 210]",0.884,91,91,1.0
VAIPE_P_9_10.jpg,2,"[209, 171, 245, 234]",0.8349,91,91,1.0
VAIPE_P_9_10.jpg,3,"[157, 114, 231, 159]",0.6821,10,10,1.0
VAIPE_P_9_11.jpg,0,"[236, 190, 300, 252]",0.8421,70,70,1.0
VAIPE_P_9_12.jpg,0,"[662, 1108, 1054, 1374]",0.3449,89,89,1.0
VAIPE_P_9_12.jpg,1,"[321, 888, 624, 1182]",0.2728,46,46,0.6
VAIPE_P_9_2.jpg,0,"[183, 206, 263, 308]",0.8946,10,10,1.0
VAIPE_P_9_2.jpg,1,"[350, 242, 396, 334]",0.8834,91,91,1.0
VAIPE_P_9_2.jpg,2,"[249, 109, 300, 201]",0.8782,91,91,1.0
VAIPE_P_9_2.jpg,3,"[288, 219, 340, 331]",0.8739,10,10,1.0
VAIPE_P_9_3.jpg,0,"[215, 178, 279, 237]",0.8504,70,70,0.6
VAIPE_P_9_4.jpg,0,"[210, 217, 288, 318]",0.8997,10,10,1.0
VAIPE_P_9_4.jpg,1,"[378, 257, 425, 347]",0.898,91,91,1.0
VAIPE_P_9_4.jpg,2,"[407, 78, 466, 188]",0.8978,10,10,1.0
VAIPE_P_9_4.jpg,3,"[275, 122, 324, 210]",0.887,91,91,1.0
VAIPE_P_9_5.jpg,0,"[305, 172, 351, 218]",0.8808,70,70,0.6
VAIPE_P_9_6.jpg,0,"[325, 277, 394, 343]",0.9075,91,91,1.0
VAIPE_P_9_6.jpg,1,"[372, 119, 431, 187]",0.882,91,91,1.0
VAIPE_P_9_6.jpg,2,"[255, 162, 319, 249]",0.8753,10,10,1.0
VAIPE_P_9_6.jpg,3,"[163, 220, 253, 273]",0.8456,10,10,1.0
VAIPE_P_9_7.jpg,0,"[372, 158, 486, 206]",0.903,10,10,1.0
VAIPE_P_9_7.jpg,1,"[346, 252, 393, 344]",0.8965,91,91,1.0
VAIPE_P_9_7.jpg,2,"[237, 117, 300, 203]",0.8598,91,91,1.0
VAIPE_P_9_7.jpg,3,"[276, 184, 324, 294]",0.8446,10,10,1.0
VAIPE_P_9_8.jpg,0,"[377, 88, 452, 196]",0.911,10,10,1.0
VAIPE_P_9_8.jpg,1,"[249, 129, 313, 215]",0.8986,91,91,1.0
VAIPE_P_9_8.jpg,2,"[356, 265, 403, 358]",0.8917,91,91,1.0
VAIPE_P_9_8.jpg,3,"[286, 196, 335, 308]",0.8782,10,10,1.0
VAIPE_P_9_9.jpg,0,"[306, 246, 394, 328]",0.8932,91,91,1.0
VAIPE_P_9_9.jpg,1,"[222, 100, 298, 209]",0.8833,10,10,1.0
VAIPE_P_9_9.jpg,2,"[312, 140, 406, 188]",0.8687,91,91,1.0
VAIPE_P_9_9.jpg,3,"[104, 171, 218, 237]",0.8552,10,10,1.0
